Column Name,Description in Plain English,Logic / Formula,Source Table(s),DDL & Indexes
"▼ Ordernhm_new   (view, 31 cols)",,,analytics_insight.Ordernhm_new,"WITH base_igm AS (
         SELECT retail_order_igm.network_order_id
           FROM analytics_insight.retail_order_igm
          WHERE
                CASE
                    WHEN NOT retail_order_igm.issue_sync_response IS DISTINCT FROM 'NACK'::text OR COALESCE(TRIM(BOTH FROM retail_order_igm.on_issue_error_code), ''::text) <> ''::text THEN 1
                    ELSE 0
                END = 1
          GROUP BY retail_order_igm.network_order_id
        )
 SELECT ol.""Buyer NP"",
    ol.""Seller NP"",
        CASE
            WHEN ol.""Date"" >= (CURRENT_DATE - '6 mons'::interval) THEN ol.""Network order id""
            ELSE NULL::character varying
        END AS ""Network order id"",
    lower((ol.""Seller NP""::text || '_'::text) || ol.""Provider Id""::text) AS ""provider key"",
    ol.""Provider Id"",
    ol.""Seller Name"",
    ol.""Seller Pincode"",
    ol.""Delivery Pincode"",
    ol.cancellation_code,
    ol.""Created at"",
    ol.""Date"",
        CASE
            WHEN lo.retail_order_id IS NULL THEN 'Off Network'::text
            ELSE 'On Network'::text
        END AS logistics_type,
    ol.domain,
    ol.""on-time-del"",
        CASE
            WHEN ol.""Date"" >= (CURRENT_DATE - '6 mons'::interval) THEN date_trunc('minute'::text, ol.""Shipped at"")
            ELSE NULL::timestamp without time zone
        END AS ""Shipped at"",
        CASE
            WHEN ol.""Date"" >= (CURRENT_DATE - '6 mons'::interval) THEN date_trunc('minute'::text, ol.""Ready to Ship"")
            ELSE NULL::timestamp without time zone
        END AS ""Ready to Ship"",
    ol.""Promised time"",
    ol.tat_dif,
    ol.tat_diff_days,
    ol.day_diff,
    ol.min_diff,
    ol.tat_time,
    ol.no_key,
    ol.""ONDC order_status"",
    ol.""Updated at"",
    ol.""Category"",
    ol.""Consolidated_category"",
    ol.c_context_timestamp,
    ol.is_force_cancelled,
        CASE
            WHEN (ol.""Promised time"" - ol.""Created at"") > '24:00:00'::interval THEN '>24'::text
            WHEN (ol.""Promised time"" - ol.""Created at"") <= '24:00:00'::interval THEN '<=24'::text
            ELSE 'Undefined'::text
        END AS ""PTAT_Threshold"",
        CASE
            WHEN (EXISTS ( SELECT 1
               FROM base_igm b
              WHERE b.network_order_id = ol.""Network order id""::text)) THEN 'yes'::text
            ELSE 'no'::text
        END AS order_with_atleast_one_issue
   FROM analytics_insight.order_level ol
     LEFT JOIN logistics.linked_order_id lo ON ol.""Network order id""::text = lo.retail_order_id::text;"
Buyer NP,Data representing the buyer np.,"analytics_insight.Ordernhm_new.""Buyer NP""",analytics_insight.Ordernhm_new,
Seller NP,Data representing the seller np.,"analytics_insight.Ordernhm_new.""Seller NP""",analytics_insight.Ordernhm_new,
Network order id,Data representing the network order id.,"analytics_insight.Ordernhm_new.""Network order id""",analytics_insight.Ordernhm_new,
provider key,Unique identifier for provider key.,"analytics_insight.Ordernhm_new.""provider key""",analytics_insight.Ordernhm_new,
Provider Id,Unique identifier for the provider.,"analytics_insight.Ordernhm_new.""Provider Id""",analytics_insight.Ordernhm_new,
Seller Name,Name of the seller.,"analytics_insight.Ordernhm_new.""Seller Name""",analytics_insight.Ordernhm_new,
Seller Pincode,Indian postal code (pincode).,"analytics_insight.Ordernhm_new.""Seller Pincode""",analytics_insight.Ordernhm_new,
Delivery Pincode,Indian postal code (pincode).,"analytics_insight.Ordernhm_new.""Delivery Pincode""",analytics_insight.Ordernhm_new,
cancellation_code,Timestamp or date indicating when cancellation code occurred.,"analytics_insight.Ordernhm_new.""cancellation_code""",analytics_insight.Ordernhm_new,
Created at,Timestamp when the record was created.,"analytics_insight.Ordernhm_new.""Created at""",analytics_insight.Ordernhm_new,
Date,Timestamp or date indicating when date occurred.,"analytics_insight.Ordernhm_new.""Date""",analytics_insight.Ordernhm_new,
logistics_type,Data representing the logistics type.,"analytics_insight.Ordernhm_new.""logistics_type""",analytics_insight.Ordernhm_new,
domain,"The ONDC network domain (e.g., retail, logistics).","analytics_insight.Ordernhm_new.""domain""",analytics_insight.Ordernhm_new,
on-time-del,Timestamp or date indicating when on-time-del occurred.,"analytics_insight.Ordernhm_new.""on-time-del""",analytics_insight.Ordernhm_new,
Shipped at,Timestamp or date indicating when shipped at occurred.,"analytics_insight.Ordernhm_new.""Shipped at""",analytics_insight.Ordernhm_new,
Ready to Ship,Data representing the ready to ship.,"analytics_insight.Ordernhm_new.""Ready to Ship""",analytics_insight.Ordernhm_new,
Promised time,Timestamp or date indicating when promised time occurred.,"analytics_insight.Ordernhm_new.""Promised time""",analytics_insight.Ordernhm_new,
tat_dif,Turn-Around-Time (TAT) measurement.,"analytics_insight.Ordernhm_new.""tat_dif""",analytics_insight.Ordernhm_new,
tat_diff_days,Turn-Around-Time (TAT) measurement.,"analytics_insight.Ordernhm_new.""tat_diff_days""",analytics_insight.Ordernhm_new,
day_diff,Data representing the day diff.,"analytics_insight.Ordernhm_new.""day_diff""",analytics_insight.Ordernhm_new,
min_diff,Data representing the min diff.,"analytics_insight.Ordernhm_new.""min_diff""",analytics_insight.Ordernhm_new,
tat_time,Turn-Around-Time (TAT) measurement.,"analytics_insight.Ordernhm_new.""tat_time""",analytics_insight.Ordernhm_new,
no_key,Data representing the no key.,"analytics_insight.Ordernhm_new.""no_key""",analytics_insight.Ordernhm_new,
ONDC order_status,Turn-Around-Time (TAT) measurement.,"analytics_insight.Ordernhm_new.""ONDC order_status""",analytics_insight.Ordernhm_new,
Updated at,Timestamp when the record was last updated.,"analytics_insight.Ordernhm_new.""Updated at""",analytics_insight.Ordernhm_new,
Category,Timestamp or date indicating when category occurred.,"analytics_insight.Ordernhm_new.""Category""",analytics_insight.Ordernhm_new,
Consolidated_category,Timestamp or date indicating when consolidated category occurred.,"analytics_insight.Ordernhm_new.""Consolidated_category""",analytics_insight.Ordernhm_new,
c_context_timestamp,Timestamp or date indicating when c context timestamp occurred.,"analytics_insight.Ordernhm_new.""c_context_timestamp""",analytics_insight.Ordernhm_new,
is_force_cancelled,Boolean flag indicating is force cancelled.,"analytics_insight.Ordernhm_new.""is_force_cancelled""",analytics_insight.Ordernhm_new,
PTAT_Threshold,Turn-Around-Time (TAT) measurement.,"analytics_insight.Ordernhm_new.""PTAT_Threshold""",analytics_insight.Ordernhm_new,
order_with_atleast_one_issue,Timestamp or date indicating when order with atleast one issue occurred.,"analytics_insight.Ordernhm_new.""order_with_atleast_one_issue""",analytics_insight.Ordernhm_new,
"▼ Ordernhm_new_final   (view, 43 cols)",,,analytics_insight.Ordernhm_new_final,"WITH base_igm AS (
         SELECT retail_order_igm.network_order_id,
            min(retail_order_igm.ticket_created_date) AS first_issue_creation_date,
            sum(retail_order_igm.""ticket count"") AS ticket_count
           FROM analytics_insight.retail_order_igm
          WHERE
                CASE
                    WHEN retail_order_igm.issue_sync_response = 'NACK'::text OR TRIM(BOTH FROM retail_order_igm.on_issue_error_code) <> ''::text OR retail_order_igm.on_issue_error_code IS NOT NULL THEN 1
                    ELSE 0
                END = 0
          GROUP BY retail_order_igm.network_order_id
        )
 SELECT ol.""Buyer NP"",
    ol.""Seller NP"",
        CASE
            WHEN ol.""Date"" >= (CURRENT_DATE - '6 mons'::interval) THEN ol.""Network order id""
            ELSE NULL::character varying
        END AS ""Network order id"",
    lower((ol.""Seller NP""::text || '_'::text) || ol.""Provider Id""::text) AS ""provider key"",
    ol.""Provider Id"",
    ol.""Seller Name"",
    ol.""Seller Pincode"",
    ol.""Delivery Pincode"",
    ol.cancellation_code,
    date_trunc('minute'::text, ol.""Created at"") AS ""Created at"",
    ol.""Date"",
        CASE
            WHEN (EXISTS ( SELECT 1
               FROM logistics.linked_order_id lo
              WHERE ol.""Network order id""::text = lo.retail_order_id::text)) THEN 'On Network'::text
            ELSE 'Off Network'::text
        END AS logistics_type,
    ol.domain,
    ol.""on-time-del"",
        CASE
            WHEN ol.""Date"" >= (CURRENT_DATE - '6 mons'::interval) THEN date_trunc('minute'::text, ol.""Shipped at"")
            ELSE NULL::timestamp without time zone
        END AS ""Shipped at"",
        CASE
            WHEN ol.""Date"" >= (CURRENT_DATE - '6 mons'::interval) THEN date_trunc('minute'::text, ol.""Ready to Ship"")
            ELSE NULL::timestamp without time zone
        END AS ""Ready to Ship"",
        CASE
            WHEN ol.""Date"" >= (CURRENT_DATE - '6 mons'::interval) THEN date_trunc('minute'::text, ol.f_agent_assigned_at)
            ELSE NULL::timestamp without time zone
        END AS ""agent assigned at"",
        CASE
            WHEN ol.""Date"" >= (CURRENT_DATE - '6 mons'::interval) THEN date_trunc('minute'::text, ol.f_rto_initiated_at)
            ELSE NULL::timestamp without time zone
        END AS ""rto initiated at"",
        CASE
            WHEN ol.""Date"" >= (CURRENT_DATE - '6 mons'::interval) THEN date_trunc('minute'::text, ol.f_rto_delivered_at)
            ELSE NULL::timestamp without time zone
        END AS ""rto delivered at"",
        CASE
            WHEN ol.""Date"" >= (CURRENT_DATE - '6 mons'::interval) THEN date_trunc('minute'::text, ol.f_rto_requested_at)
            ELSE NULL::timestamp without time zone
        END AS ""rto requested at"",
    date_trunc('minute'::text, ol.""Promised time"") AS ""Promised time"",
        CASE
            WHEN ol.""ONDC order_status""::text = 'In Process'::text THEN EXTRACT(epoch FROM CURRENT_DATE::timestamp without time zone - ol.""Promised time"")::bigint::double precision
            WHEN ol.""ONDC order_status""::text = 'Cancelled'::text THEN EXTRACT(epoch FROM ol.""Updated at"" - ol.""Promised time"")::bigint::double precision
            ELSE ol.tat_dif
        END AS tat_dif,
        CASE
            WHEN ol.""ONDC order_status""::text = 'In Process'::text THEN (CURRENT_DATE - ol.""Promised time""::date)::double precision
            WHEN ol.""ONDC order_status""::text = 'Cancelled'::text THEN (ol.""Updated at""::date - ol.""Promised time""::date)::double precision
            ELSE ol.tat_diff_days
        END AS tat_diff_days,
        CASE
            WHEN ol.""ONDC order_status""::text = 'In Process'::text THEN (CURRENT_DATE - ol.""Created at""::date)::double precision
            WHEN ol.""ONDC order_status""::text = 'Cancelled'::text THEN (ol.""Updated at""::date - ol.""Created at""::date)::double precision
            ELSE ol.day_diff
        END AS day_diff,
        CASE
            WHEN ol.""ONDC order_status""::text = 'In Process'::text THEN (EXTRACT(epoch FROM CURRENT_DATE::timestamp without time zone - ol.""Created at"") / 60::numeric)::integer::double precision
            WHEN ol.""ONDC order_status""::text = 'Cancelled'::text THEN (EXTRACT(epoch FROM ol.""Updated at"" - ol.""Created at"") / 60::numeric)::integer::double precision
            ELSE ol.min_diff
        END AS min_diff,
    ol.tat_time,
    ol.no_key,
    ol.""ONDC order_status"",
    date_trunc('minute'::text, ol.""Updated at"") AS ""Updated at"",
    ol.""Category"",
    ol.""Consolidated_category"",
        CASE
            WHEN ol.""Category""::text = 'F&B'::text THEN 'F&B'::text
            WHEN (EXISTS ( SELECT 1
               FROM dimension.dim_provider_cred pc
              WHERE pc.provider_key = lower((ol.""Seller NP""::text || '_'::text) || ol.""Provider Id""::text))) THEN 'Amazing India'::text
            WHEN ol.""Category""::text = ANY (ARRAY['Grocery'::text, 'Appliances'::text, 'BPC'::text, 'Fashion'::text, 'Health & Wellness'::text, 'Home & Kitchen'::text, 'Electronics'::text]) THEN 'RET+'::text
            ELSE 'Others'::text
        END AS aop_category,
    date_trunc('minute'::text, ol.c_context_timestamp) AS c_context_timestamp,
    ol.is_force_cancelled,
        CASE
            WHEN (ol.""Promised time"" - ol.""Created at"") >= '24:00:00'::interval THEN '>=24'::text
            WHEN (ol.""Promised time"" - ol.""Created at"") < '24:00:00'::interval THEN '<24'::text
            ELSE 'Undefined'::text
        END AS ""PTAT_Threshold"",
    b.ticket_count AS total_issues_raised,
    date_trunc('minute'::text, b.first_issue_creation_date) AS first_issue_creation_date,
        CASE
            WHEN ol.""Updated at"" > ol.""Promised time"" THEN 1
            ELSE 0
        END AS absolute_breach,
        CASE
            WHEN CURRENT_DATE > ol.""Promised time""::date THEN 1
            ELSE 0
        END AS is_pat_breached,
        CASE
            WHEN CURRENT_DATE::timestamp without time zone > ol.""Promised time"" THEN 1
            ELSE 0
        END AS is_promised_time_breached,
        CASE
            WHEN ol.""Date"" >= (CURRENT_DATE - '6 mons'::interval) THEN date_trunc('minute'::text, COALESCE(ol.""Ready to Ship"", ol.""Shipped at"",
            CASE
                WHEN ol.""ONDC order_status""::text = 'Delivered'::text THEN ol.""Updated at""
                ELSE NULL::timestamp without time zone
            END))
            ELSE NULL::timestamp without time zone
        END AS ""Ready to Ship Filled"",
        CASE
            WHEN ol.""Date"" >= (CURRENT_DATE - '6 mons'::interval) THEN date_trunc('minute'::text, COALESCE(ol.f_agent_assigned_at, ol.""Shipped at"",
            CASE
                WHEN ol.""ONDC order_status""::text = 'Delivered'::text THEN ol.""Updated at""
                ELSE NULL::timestamp without time zone
            END))
            ELSE NULL::timestamp without time zone
        END AS ""agent assigned at Filled"",
        CASE
            WHEN ol.""Date"" >= (CURRENT_DATE - '6 mons'::interval) THEN date_trunc('minute'::text, COALESCE(ol.""Shipped at"",
            CASE
                WHEN ol.""ONDC order_status""::text = 'Delivered'::text THEN ol.""Updated at""
                ELSE NULL::timestamp without time zone
            END))
            ELSE NULL::timestamp without time zone
        END AS ""Shipped at Filled""
   FROM analytics_insight.order_level ol
     LEFT JOIN base_igm b ON ol.""Network order id""::text = b.network_order_id
  WHERE ol.""Date"" >= '2026-01-01'::date;"
Buyer NP,Data representing the buyer np.,"analytics_insight.Ordernhm_new_final.""Buyer NP""",analytics_insight.Ordernhm_new_final,
Seller NP,Data representing the seller np.,"analytics_insight.Ordernhm_new_final.""Seller NP""",analytics_insight.Ordernhm_new_final,
Network order id,Data representing the network order id.,"analytics_insight.Ordernhm_new_final.""Network order id""",analytics_insight.Ordernhm_new_final,
provider key,Unique identifier for provider key.,"analytics_insight.Ordernhm_new_final.""provider key""",analytics_insight.Ordernhm_new_final,
Provider Id,Unique identifier for the provider.,"analytics_insight.Ordernhm_new_final.""Provider Id""",analytics_insight.Ordernhm_new_final,
Seller Name,Name of the seller.,"analytics_insight.Ordernhm_new_final.""Seller Name""",analytics_insight.Ordernhm_new_final,
Seller Pincode,Indian postal code (pincode).,"analytics_insight.Ordernhm_new_final.""Seller Pincode""",analytics_insight.Ordernhm_new_final,
Delivery Pincode,Indian postal code (pincode).,"analytics_insight.Ordernhm_new_final.""Delivery Pincode""",analytics_insight.Ordernhm_new_final,
cancellation_code,Timestamp or date indicating when cancellation code occurred.,"analytics_insight.Ordernhm_new_final.""cancellation_code""",analytics_insight.Ordernhm_new_final,
Created at,Timestamp when the record was created.,"analytics_insight.Ordernhm_new_final.""Created at""",analytics_insight.Ordernhm_new_final,
Date,Timestamp or date indicating when date occurred.,"analytics_insight.Ordernhm_new_final.""Date""",analytics_insight.Ordernhm_new_final,
logistics_type,Data representing the logistics type.,"analytics_insight.Ordernhm_new_final.""logistics_type""",analytics_insight.Ordernhm_new_final,
domain,"The ONDC network domain (e.g., retail, logistics).","analytics_insight.Ordernhm_new_final.""domain""",analytics_insight.Ordernhm_new_final,
on-time-del,Timestamp or date indicating when on-time-del occurred.,"analytics_insight.Ordernhm_new_final.""on-time-del""",analytics_insight.Ordernhm_new_final,
Shipped at,Timestamp or date indicating when shipped at occurred.,"analytics_insight.Ordernhm_new_final.""Shipped at""",analytics_insight.Ordernhm_new_final,
Ready to Ship,Data representing the ready to ship.,"analytics_insight.Ordernhm_new_final.""Ready to Ship""",analytics_insight.Ordernhm_new_final,
agent assigned at,Timestamp or date indicating when agent assigned at occurred.,"analytics_insight.Ordernhm_new_final.""agent assigned at""",analytics_insight.Ordernhm_new_final,
rto initiated at,Indicates Return To Origin (RTO) status.,"analytics_insight.Ordernhm_new_final.""rto initiated at""",analytics_insight.Ordernhm_new_final,
rto delivered at,Indicates Return To Origin (RTO) status.,"analytics_insight.Ordernhm_new_final.""rto delivered at""",analytics_insight.Ordernhm_new_final,
rto requested at,Indicates Return To Origin (RTO) status.,"analytics_insight.Ordernhm_new_final.""rto requested at""",analytics_insight.Ordernhm_new_final,
Promised time,Timestamp or date indicating when promised time occurred.,"analytics_insight.Ordernhm_new_final.""Promised time""",analytics_insight.Ordernhm_new_final,
tat_dif,Turn-Around-Time (TAT) measurement.,"analytics_insight.Ordernhm_new_final.""tat_dif""",analytics_insight.Ordernhm_new_final,
tat_diff_days,Turn-Around-Time (TAT) measurement.,"analytics_insight.Ordernhm_new_final.""tat_diff_days""",analytics_insight.Ordernhm_new_final,
day_diff,Data representing the day diff.,"analytics_insight.Ordernhm_new_final.""day_diff""",analytics_insight.Ordernhm_new_final,
min_diff,Data representing the min diff.,"analytics_insight.Ordernhm_new_final.""min_diff""",analytics_insight.Ordernhm_new_final,
tat_time,Turn-Around-Time (TAT) measurement.,"analytics_insight.Ordernhm_new_final.""tat_time""",analytics_insight.Ordernhm_new_final,
no_key,Data representing the no key.,"analytics_insight.Ordernhm_new_final.""no_key""",analytics_insight.Ordernhm_new_final,
ONDC order_status,Turn-Around-Time (TAT) measurement.,"analytics_insight.Ordernhm_new_final.""ONDC order_status""",analytics_insight.Ordernhm_new_final,
Updated at,Timestamp when the record was last updated.,"analytics_insight.Ordernhm_new_final.""Updated at""",analytics_insight.Ordernhm_new_final,
Category,Timestamp or date indicating when category occurred.,"analytics_insight.Ordernhm_new_final.""Category""",analytics_insight.Ordernhm_new_final,
Consolidated_category,Timestamp or date indicating when consolidated category occurred.,"analytics_insight.Ordernhm_new_final.""Consolidated_category""",analytics_insight.Ordernhm_new_final,
aop_category,Timestamp or date indicating when aop category occurred.,"analytics_insight.Ordernhm_new_final.""aop_category""",analytics_insight.Ordernhm_new_final,
c_context_timestamp,Timestamp or date indicating when c context timestamp occurred.,"analytics_insight.Ordernhm_new_final.""c_context_timestamp""",analytics_insight.Ordernhm_new_final,
is_force_cancelled,Boolean flag indicating is force cancelled.,"analytics_insight.Ordernhm_new_final.""is_force_cancelled""",analytics_insight.Ordernhm_new_final,
PTAT_Threshold,Turn-Around-Time (TAT) measurement.,"analytics_insight.Ordernhm_new_final.""PTAT_Threshold""",analytics_insight.Ordernhm_new_final,
total_issues_raised,Data representing the total issues raised.,"analytics_insight.Ordernhm_new_final.""total_issues_raised""",analytics_insight.Ordernhm_new_final,
first_issue_creation_date,Timestamp or date indicating when first issue creation date occurred.,"analytics_insight.Ordernhm_new_final.""first_issue_creation_date""",analytics_insight.Ordernhm_new_final,
absolute_breach,Data representing the absolute breach.,"analytics_insight.Ordernhm_new_final.""absolute_breach""",analytics_insight.Ordernhm_new_final,
is_pat_breached,Timestamp or date indicating when is pat breached occurred.,"analytics_insight.Ordernhm_new_final.""is_pat_breached""",analytics_insight.Ordernhm_new_final,
is_promised_time_breached,Timestamp or date indicating when is promised time breached occurred.,"analytics_insight.Ordernhm_new_final.""is_promised_time_breached""",analytics_insight.Ordernhm_new_final,
Ready to Ship Filled,Data representing the ready to ship filled.,"analytics_insight.Ordernhm_new_final.""Ready to Ship Filled""",analytics_insight.Ordernhm_new_final,
agent assigned at Filled,Timestamp or date indicating when agent assigned at filled occurred.,"analytics_insight.Ordernhm_new_final.""agent assigned at Filled""",analytics_insight.Ordernhm_new_final,
Shipped at Filled,Timestamp or date indicating when shipped at filled occurred.,"analytics_insight.Ordernhm_new_final.""Shipped at Filled""",analytics_insight.Ordernhm_new_final,
"▼ Ordernhm_new_test   (view, 39 cols)",,,analytics_insight.Ordernhm_new_test,"WITH base_igm AS (
         SELECT retail_order_igm.network_order_id,
            min(retail_order_igm.ticket_created_date) AS first_issue_creation_date,
            sum(retail_order_igm.""ticket count"") AS ticket_count
           FROM analytics_insight.retail_order_igm
          WHERE
                CASE
                    WHEN retail_order_igm.issue_sync_response = 'NACK'::text OR TRIM(BOTH FROM retail_order_igm.on_issue_error_code) <> ''::text OR TRIM(BOTH FROM retail_order_igm.on_issue_error_code) IS NOT NULL THEN 1
                    ELSE 0
                END = 0
          GROUP BY retail_order_igm.network_order_id
        )
 SELECT ol.""Buyer NP"",
    ol.""Seller NP"",
        CASE
            WHEN ol.""Date"" >= (CURRENT_DATE - '6 mons'::interval) THEN ol.""Network order id""
            ELSE NULL::character varying
        END AS ""Network order id"",
    lower((ol.""Seller NP""::text || '_'::text) || ol.""Provider Id""::text) AS ""provider key"",
    ol.""Provider Id"",
    ol.""Seller Name"",
    ol.""Seller Pincode"",
    ol.""Delivery Pincode"",
    ol.cancellation_code,
    date_trunc('minute'::text, ol.""Created at"") AS ""Created at"",
    ol.""Date"",
        CASE
            WHEN (EXISTS ( SELECT 1
               FROM logistics.linked_order_id lo
              WHERE ol.""Network order id""::text = lo.retail_order_id::text)) THEN 'On Network'::text
            ELSE 'Off Network'::text
        END AS logistics_type,
    ol.domain,
    ol.""on-time-del"",
        CASE
            WHEN ol.""Date"" >= (CURRENT_DATE - '6 mons'::interval) THEN date_trunc('minute'::text, ol.""Shipped at"")
            ELSE NULL::timestamp without time zone
        END AS ""Shipped at"",
        CASE
            WHEN ol.""Date"" >= (CURRENT_DATE - '6 mons'::interval) THEN date_trunc('minute'::text, ol.""Ready to Ship"")
            ELSE NULL::timestamp without time zone
        END AS ""Ready to Ship"",
        CASE
            WHEN ol.""Date"" >= (CURRENT_DATE - '6 mons'::interval) THEN date_trunc('minute'::text, ol.f_agent_assigned_at)
            ELSE NULL::timestamp without time zone
        END AS ""agent assigned at"",
        CASE
            WHEN ol.""Date"" >= (CURRENT_DATE - '6 mons'::interval) THEN date_trunc('minute'::text, ol.f_rto_initiated_at)
            ELSE NULL::timestamp without time zone
        END AS ""rto initiated at"",
        CASE
            WHEN ol.""Date"" >= (CURRENT_DATE - '6 mons'::interval) THEN date_trunc('minute'::text, ol.f_rto_delivered_at)
            ELSE NULL::timestamp without time zone
        END AS ""rto delivered at"",
        CASE
            WHEN ol.""Date"" >= (CURRENT_DATE - '6 mons'::interval) THEN date_trunc('minute'::text, ol.f_rto_requested_at)
            ELSE NULL::timestamp without time zone
        END AS ""rto requested at"",
    date_trunc('minute'::text, ol.""Promised time"") AS ""Promised time"",
        CASE
            WHEN ol.""ONDC order_status""::text = 'In Process'::text THEN EXTRACT(epoch FROM CURRENT_DATE::timestamp without time zone - ol.""Promised time"")::bigint::double precision
            WHEN ol.""ONDC order_status""::text = 'Cancelled'::text THEN EXTRACT(epoch FROM ol.""Updated at"" - ol.""Promised time"")::bigint::double precision
            ELSE ol.tat_dif
        END AS tat_dif,
        CASE
            WHEN ol.""ONDC order_status""::text = 'In Process'::text THEN (CURRENT_DATE - ol.""Promised time""::date)::double precision
            WHEN ol.""ONDC order_status""::text = 'Cancelled'::text THEN (ol.""Updated at""::date - ol.""Promised time""::date)::double precision
            ELSE ol.tat_diff_days
        END AS tat_diff_days,
        CASE
            WHEN ol.""ONDC order_status""::text = 'In Process'::text THEN (CURRENT_DATE - ol.""Created at""::date)::double precision
            WHEN ol.""ONDC order_status""::text = 'Cancelled'::text THEN (ol.""Updated at""::date - ol.""Created at""::date)::double precision
            ELSE ol.day_diff
        END AS day_diff,
        CASE
            WHEN ol.""ONDC order_status""::text = 'In Process'::text THEN (EXTRACT(epoch FROM CURRENT_DATE::timestamp without time zone - ol.""Created at"") / 60::numeric)::integer::double precision
            WHEN ol.""ONDC order_status""::text = 'Cancelled'::text THEN (EXTRACT(epoch FROM ol.""Updated at"" - ol.""Created at"") / 60::numeric)::integer::double precision
            ELSE ol.min_diff
        END AS min_diff,
    ol.tat_time,
    ol.no_key,
    ol.""ONDC order_status"",
    date_trunc('minute'::text, ol.""Updated at"") AS ""Updated at"",
    ol.""Category"",
    ol.""Consolidated_category"",
    date_trunc('minute'::text, ol.c_context_timestamp) AS c_context_timestamp,
    ol.is_force_cancelled,
        CASE
            WHEN (ol.""Promised time"" - ol.""Created at"") >= '24:00:00'::interval THEN '>=24'::text
            WHEN (ol.""Promised time"" - ol.""Created at"") < '24:00:00'::interval THEN '<24'::text
            ELSE 'Undefined'::text
        END AS ""PTAT_Threshold"",
    b.ticket_count AS total_issues_raised,
    date_trunc('minute'::text, b.first_issue_creation_date) AS first_issue_creation_date,
        CASE
            WHEN ol.""Updated at"" > ol.""Promised time"" THEN 1
            ELSE 0
        END AS absolute_breach,
        CASE
            WHEN CURRENT_DATE > ol.""Promised time""::date THEN 1
            ELSE 0
        END AS is_pat_breached,
        CASE
            WHEN CURRENT_DATE::timestamp without time zone > ol.""Promised time"" THEN 1
            ELSE 0
        END AS is_promised_time_breached
   FROM analytics_insight.order_level ol
     LEFT JOIN base_igm b ON ol.""Network order id""::text = b.network_order_id
  WHERE ol.""Date"" >= '2026-01-01'::date;"
Buyer NP,Data representing the buyer np.,"analytics_insight.Ordernhm_new_test.""Buyer NP""",analytics_insight.Ordernhm_new_test,
Seller NP,Data representing the seller np.,"analytics_insight.Ordernhm_new_test.""Seller NP""",analytics_insight.Ordernhm_new_test,
Network order id,Data representing the network order id.,"analytics_insight.Ordernhm_new_test.""Network order id""",analytics_insight.Ordernhm_new_test,
provider key,Unique identifier for provider key.,"analytics_insight.Ordernhm_new_test.""provider key""",analytics_insight.Ordernhm_new_test,
Provider Id,Unique identifier for the provider.,"analytics_insight.Ordernhm_new_test.""Provider Id""",analytics_insight.Ordernhm_new_test,
Seller Name,Name of the seller.,"analytics_insight.Ordernhm_new_test.""Seller Name""",analytics_insight.Ordernhm_new_test,
Seller Pincode,Indian postal code (pincode).,"analytics_insight.Ordernhm_new_test.""Seller Pincode""",analytics_insight.Ordernhm_new_test,
Delivery Pincode,Indian postal code (pincode).,"analytics_insight.Ordernhm_new_test.""Delivery Pincode""",analytics_insight.Ordernhm_new_test,
cancellation_code,Timestamp or date indicating when cancellation code occurred.,"analytics_insight.Ordernhm_new_test.""cancellation_code""",analytics_insight.Ordernhm_new_test,
Created at,Timestamp when the record was created.,"analytics_insight.Ordernhm_new_test.""Created at""",analytics_insight.Ordernhm_new_test,
Date,Timestamp or date indicating when date occurred.,"analytics_insight.Ordernhm_new_test.""Date""",analytics_insight.Ordernhm_new_test,
logistics_type,Data representing the logistics type.,"analytics_insight.Ordernhm_new_test.""logistics_type""",analytics_insight.Ordernhm_new_test,
domain,"The ONDC network domain (e.g., retail, logistics).","analytics_insight.Ordernhm_new_test.""domain""",analytics_insight.Ordernhm_new_test,
on-time-del,Timestamp or date indicating when on-time-del occurred.,"analytics_insight.Ordernhm_new_test.""on-time-del""",analytics_insight.Ordernhm_new_test,
Shipped at,Timestamp or date indicating when shipped at occurred.,"analytics_insight.Ordernhm_new_test.""Shipped at""",analytics_insight.Ordernhm_new_test,
Ready to Ship,Data representing the ready to ship.,"analytics_insight.Ordernhm_new_test.""Ready to Ship""",analytics_insight.Ordernhm_new_test,
agent assigned at,Timestamp or date indicating when agent assigned at occurred.,"analytics_insight.Ordernhm_new_test.""agent assigned at""",analytics_insight.Ordernhm_new_test,
rto initiated at,Indicates Return To Origin (RTO) status.,"analytics_insight.Ordernhm_new_test.""rto initiated at""",analytics_insight.Ordernhm_new_test,
rto delivered at,Indicates Return To Origin (RTO) status.,"analytics_insight.Ordernhm_new_test.""rto delivered at""",analytics_insight.Ordernhm_new_test,
rto requested at,Indicates Return To Origin (RTO) status.,"analytics_insight.Ordernhm_new_test.""rto requested at""",analytics_insight.Ordernhm_new_test,
Promised time,Timestamp or date indicating when promised time occurred.,"analytics_insight.Ordernhm_new_test.""Promised time""",analytics_insight.Ordernhm_new_test,
tat_dif,Turn-Around-Time (TAT) measurement.,"analytics_insight.Ordernhm_new_test.""tat_dif""",analytics_insight.Ordernhm_new_test,
tat_diff_days,Turn-Around-Time (TAT) measurement.,"analytics_insight.Ordernhm_new_test.""tat_diff_days""",analytics_insight.Ordernhm_new_test,
day_diff,Data representing the day diff.,"analytics_insight.Ordernhm_new_test.""day_diff""",analytics_insight.Ordernhm_new_test,
min_diff,Data representing the min diff.,"analytics_insight.Ordernhm_new_test.""min_diff""",analytics_insight.Ordernhm_new_test,
tat_time,Turn-Around-Time (TAT) measurement.,"analytics_insight.Ordernhm_new_test.""tat_time""",analytics_insight.Ordernhm_new_test,
no_key,Data representing the no key.,"analytics_insight.Ordernhm_new_test.""no_key""",analytics_insight.Ordernhm_new_test,
ONDC order_status,Turn-Around-Time (TAT) measurement.,"analytics_insight.Ordernhm_new_test.""ONDC order_status""",analytics_insight.Ordernhm_new_test,
Updated at,Timestamp when the record was last updated.,"analytics_insight.Ordernhm_new_test.""Updated at""",analytics_insight.Ordernhm_new_test,
Category,Timestamp or date indicating when category occurred.,"analytics_insight.Ordernhm_new_test.""Category""",analytics_insight.Ordernhm_new_test,
Consolidated_category,Timestamp or date indicating when consolidated category occurred.,"analytics_insight.Ordernhm_new_test.""Consolidated_category""",analytics_insight.Ordernhm_new_test,
c_context_timestamp,Timestamp or date indicating when c context timestamp occurred.,"analytics_insight.Ordernhm_new_test.""c_context_timestamp""",analytics_insight.Ordernhm_new_test,
is_force_cancelled,Boolean flag indicating is force cancelled.,"analytics_insight.Ordernhm_new_test.""is_force_cancelled""",analytics_insight.Ordernhm_new_test,
PTAT_Threshold,Turn-Around-Time (TAT) measurement.,"analytics_insight.Ordernhm_new_test.""PTAT_Threshold""",analytics_insight.Ordernhm_new_test,
total_issues_raised,Data representing the total issues raised.,"analytics_insight.Ordernhm_new_test.""total_issues_raised""",analytics_insight.Ordernhm_new_test,
first_issue_creation_date,Timestamp or date indicating when first issue creation date occurred.,"analytics_insight.Ordernhm_new_test.""first_issue_creation_date""",analytics_insight.Ordernhm_new_test,
absolute_breach,Data representing the absolute breach.,"analytics_insight.Ordernhm_new_test.""absolute_breach""",analytics_insight.Ordernhm_new_test,
is_pat_breached,Timestamp or date indicating when is pat breached occurred.,"analytics_insight.Ordernhm_new_test.""is_pat_breached""",analytics_insight.Ordernhm_new_test,
is_promised_time_breached,Timestamp or date indicating when is promised time breached occurred.,"analytics_insight.Ordernhm_new_test.""is_promised_time_breached""",analytics_insight.Ordernhm_new_test,
"▼ backfill_fc   (base table, 29 cols)",,,analytics_insight.backfill_fc,
Buyer NP,Data representing the buyer np.,"analytics_insight.backfill_fc.""Buyer NP""",analytics_insight.backfill_fc,
Seller NP,Data representing the seller np.,"analytics_insight.backfill_fc.""Seller NP""",analytics_insight.backfill_fc,
Network order id,Data representing the network order id.,"analytics_insight.backfill_fc.""Network order id""",analytics_insight.backfill_fc,
Provider Id,Unique identifier for the provider.,"analytics_insight.backfill_fc.""Provider Id""",analytics_insight.backfill_fc,
Seller Name,Name of the seller.,"analytics_insight.backfill_fc.""Seller Name""",analytics_insight.backfill_fc,
Seller Pincode,Indian postal code (pincode).,"analytics_insight.backfill_fc.""Seller Pincode""",analytics_insight.backfill_fc,
Delivery Pincode,Indian postal code (pincode).,"analytics_insight.backfill_fc.""Delivery Pincode""",analytics_insight.backfill_fc,
cancellation_code,Timestamp or date indicating when cancellation code occurred.,"analytics_insight.backfill_fc.""cancellation_code""",analytics_insight.backfill_fc,
Created at,Timestamp when the record was created.,"analytics_insight.backfill_fc.""Created at""",analytics_insight.backfill_fc,
Date,Timestamp or date indicating when date occurred.,"analytics_insight.backfill_fc.""Date""",analytics_insight.backfill_fc,
domain,"The ONDC network domain (e.g., retail, logistics).","analytics_insight.backfill_fc.""domain""",analytics_insight.backfill_fc,
on-time-del,Timestamp or date indicating when on-time-del occurred.,"analytics_insight.backfill_fc.""on-time-del""",analytics_insight.backfill_fc,
Shipped at,Timestamp or date indicating when shipped at occurred.,"analytics_insight.backfill_fc.""Shipped at""",analytics_insight.backfill_fc,
Ready to Ship,Data representing the ready to ship.,"analytics_insight.backfill_fc.""Ready to Ship""",analytics_insight.backfill_fc,
Promised time,Timestamp or date indicating when promised time occurred.,"analytics_insight.backfill_fc.""Promised time""",analytics_insight.backfill_fc,
tat_dif,Turn-Around-Time (TAT) measurement.,"analytics_insight.backfill_fc.""tat_dif""",analytics_insight.backfill_fc,
tat_diff_days,Turn-Around-Time (TAT) measurement.,"analytics_insight.backfill_fc.""tat_diff_days""",analytics_insight.backfill_fc,
day_diff,Data representing the day diff.,"analytics_insight.backfill_fc.""day_diff""",analytics_insight.backfill_fc,
min_diff,Data representing the min diff.,"analytics_insight.backfill_fc.""min_diff""",analytics_insight.backfill_fc,
tat_time,Turn-Around-Time (TAT) measurement.,"analytics_insight.backfill_fc.""tat_time""",analytics_insight.backfill_fc,
no_key,Data representing the no key.,"analytics_insight.backfill_fc.""no_key""",analytics_insight.backfill_fc,
ONDC order_status,Turn-Around-Time (TAT) measurement.,"analytics_insight.backfill_fc.""ONDC order_status""",analytics_insight.backfill_fc,
Updated at,Timestamp when the record was last updated.,"analytics_insight.backfill_fc.""Updated at""",analytics_insight.backfill_fc,
Category,Timestamp or date indicating when category occurred.,"analytics_insight.backfill_fc.""Category""",analytics_insight.backfill_fc,
Consolidated_category,Timestamp or date indicating when consolidated category occurred.,"analytics_insight.backfill_fc.""Consolidated_category""",analytics_insight.backfill_fc,
row_updated_at,Timestamp when the record was last updated.,"analytics_insight.backfill_fc.""row_updated_at""",analytics_insight.backfill_fc,
network_transaction_id,Unique ONDC transaction identifier.,"analytics_insight.backfill_fc.""network_transaction_id""",analytics_insight.backfill_fc,
is_force_cancelled,Boolean flag indicating is force cancelled.,"analytics_insight.backfill_fc.""is_force_cancelled""",analytics_insight.backfill_fc,
c_context_timestamp,Timestamp or date indicating when c context timestamp occurred.,"analytics_insight.backfill_fc.""c_context_timestamp""",analytics_insight.backfill_fc,
"▼ buyer_np   (base table, 7 cols)",,,analytics_insight.buyer_np,
buyer_np_name,Full display name of the Buyer Network Participant registered on the ONDC network.,"analytics_insight.buyer_np.""buyer_np_name""",analytics_insight.buyer_np,
buyer_np,Unique identifier (subscriber ID) of the Buyer Network Participant on the ONDC network.,"analytics_insight.buyer_np.""buyer_np""",analytics_insight.buyer_np,
updated_date,Date when this Buyer NP record was last updated in the data warehouse.,"analytics_insight.buyer_np.""updated_date""",analytics_insight.buyer_np,
bnp_mask,Masked or anonymized alias of the Buyer NP used for reporting and privacy-safe analytics.,"analytics_insight.buyer_np.""bnp_mask""",analytics_insight.buyer_np,
domain,"ONDC commerce domain in which the Buyer NP operates (e.g., retail, grocery, food and beverage, mobility).","analytics_insight.buyer_np.""domain""",analytics_insight.buyer_np,
tsp_powered,Indicates whether the Buyer NP's platform is built on or powered by a third-party Technology Service Provider.,"analytics_insight.buyer_np.""tsp_powered""",analytics_insight.buyer_np,
spoc_email,Email address of the Single Point of Contact responsible for this Buyer NP.,"analytics_insight.buyer_np.""spoc_email""",analytics_insight.buyer_np,
"▼ cancellation_code   (base table, 7 cols)",,,analytics_insight.cancellation_code,
code,"Unique ONDC-defined cancellation code that identifies a specific cancellation reason (e.g., 001, 002) as standardized across the network.","analytics_insight.cancellation_code.""code""",analytics_insight.cancellation_code,
reason_for_cancellation,"Human-readable description of why an order or item was cancelled, corresponding to the cancellation code.","analytics_insight.cancellation_code.""reason_for_cancellation""",analytics_insight.cancellation_code,
is_triggers_rto,"Indicates whether this cancellation reason triggers a Return To Origin shipment, meaning the logistics provider must return goods to the seller.","analytics_insight.cancellation_code.""is_triggers_rto""",analytics_insight.cancellation_code,
by,"Identifies which party initiated the cancellation, such as buyer, seller NP, or logistics NP.","analytics_insight.cancellation_code.""by""",analytics_insight.cancellation_code,
attributed_to,"Indicates which party bears responsibility or accountability for the cancellation, used for penalty and performance attribution across NPs.","analytics_insight.cancellation_code.""attributed_to""",analytics_insight.cancellation_code,
whether_applicable_for_part_cancel,Indicates whether this cancellation code can be applied to a partial cancellation of an order rather than requiring full order cancellation.,"analytics_insight.cancellation_code.""whether_applicable_for_part_cancel""",analytics_insight.cancellation_code,
sorting,Numeric or alphanumeric ordering value used to control display sequence of cancellation codes in reports or dropdowns.,"analytics_insight.cancellation_code.""sorting""",analytics_insight.cancellation_code,
"▼ dim_categories   (materialized view, 2 cols)",,,analytics_insight.dim_categories,"WITH base_tbl AS (
         SELECT DISTINCT scasa.category,
            scasa.sub_category
           FROM analytics_insight_preprod.sub_cat_active_sellers_agg scasa
          WHERE scasa.category IS NOT NULL AND scasa.category::text <> 'AGG'::text AND scasa.sub_category IS NOT NULL AND scasa.sub_category::text <> 'AGG'::text
        )
 SELECT category,
    sub_category
   FROM base_tbl
  ORDER BY category, sub_category;"
category,Timestamp or date indicating when category occurred.,"analytics_insight.dim_categories.""category""",analytics_insight.dim_categories,
sub_category,Timestamp or date indicating when sub category occurred.,"analytics_insight.dim_categories.""sub_category""",analytics_insight.dim_categories,
"▼ impact_retail   (base table, 2 cols)",,,analytics_insight.impact_retail,
provider_name,Unique identifier for provider name.,"analytics_insight.impact_retail.""provider_name""",analytics_insight.impact_retail,
tag,Data representing the tag.,"analytics_insight.impact_retail.""tag""",analytics_insight.impact_retail,
"▼ od_pincode   (base table, 4 cols)",,,analytics_insight.od_pincode,
Pincode,6-digit Indian postal code uniquely identifying a delivery or pickup location within the ONDC logistics network.,"analytics_insight.od_pincode.""Pincode""",analytics_insight.od_pincode,
Districtname,"Name of the district in which the pincode falls, used for regional logistics aggregation and serviceability mapping.","analytics_insight.od_pincode.""Districtname""",analytics_insight.od_pincode,
Statename,"Full name of the Indian state to which the pincode belongs, used for state-level reporting and compliance segmentation.","analytics_insight.od_pincode.""Statename""",analytics_insight.od_pincode,
Statecode,"Standardised numeric or alpha code representing the state, used for joining with government reference data and filtering in analytics queries.","analytics_insight.od_pincode.""Statecode""",analytics_insight.od_pincode,
"▼ order_level   (base table, 33 cols)",,,analytics_insight.order_level,"CREATE UNIQUE INDEX idx_order_lvl_seller_np_network_order ON analytics_insight.order_level USING btree (lower(((((""Seller NP"")::text || (""Network order id"")::text) || (""Provider Id"")::text) || (network_transaction_id)::text)))

CREATE INDEX idx_order_lvl_buyer_np ON analytics_insight.order_level USING btree (""Buyer NP"")

CREATE INDEX idx_order_lvl_category ON analytics_insight.order_level USING btree (""Category"")

CREATE INDEX idx_order_lvl_date ON analytics_insight.order_level USING btree (""Date"")

CREATE INDEX idx_order_lvl_ondc_order_status ON analytics_insight.order_level USING btree (""ONDC order_status"")

CREATE INDEX idx_order_lvl_provider_id ON analytics_insight.order_level USING btree (""Provider Id"")

CREATE INDEX idx_order_lvl_seller_np ON analytics_insight.order_level USING btree (""Seller NP"")

CREATE INDEX idx_order_lvl_network_order_id ON analytics_insight.order_level USING btree (""Network order id"")"
Buyer NP,Network Participant (platform/app) through which the buyer placed the order.,"analytics_insight.order_level.""Buyer NP""",analytics_insight.order_level,
Seller NP,Network Participant (platform/app) on which the seller is registered and fulfills orders.,"analytics_insight.order_level.""Seller NP""",analytics_insight.order_level,
Network order id,Unique order identifier assigned across the ONDC network.,"analytics_insight.order_level.""Network order id""",analytics_insight.order_level,
Provider Id,Unique identifier for the seller's store or outlet on the network.,"analytics_insight.order_level.""Provider Id""",analytics_insight.order_level,
Seller Name,Trading name of the seller or store fulfilling the order.,"analytics_insight.order_level.""Seller Name""",analytics_insight.order_level,
Seller Pincode,Indian postal code of the seller's warehouse or pickup location.,"analytics_insight.order_level.""Seller Pincode""",analytics_insight.order_level,
Delivery Pincode,Indian postal code of the buyer's delivery address.,"analytics_insight.order_level.""Delivery Pincode""",analytics_insight.order_level,
cancellation_code,Standardized ONDC reason code explaining why the order was cancelled.,"analytics_insight.order_level.""cancellation_code""",analytics_insight.order_level,
Created at,Timestamp when the order was first created on the ONDC network.,"analytics_insight.order_level.""Created at""",analytics_insight.order_level,
Date,Calendar date on which the order was created.,"analytics_insight.order_level.""Date""",analytics_insight.order_level,
domain,"ONDC commerce vertical the order belongs to (e.g., retail, food, mobility).","analytics_insight.order_level.""domain""",analytics_insight.order_level,
on-time-del,Binary flag or score indicating whether the order was delivered within the promised time.,"analytics_insight.order_level.""on-time-del""",analytics_insight.order_level,
Shipped at,Timestamp when the LSP marked the order as dispatched or picked up from the seller.,"analytics_insight.order_level.""Shipped at""",analytics_insight.order_level,
Ready to Ship,Timestamp when the seller marked the order as packed and ready for LSP pickup.,"analytics_insight.order_level.""Ready to Ship""",analytics_insight.order_level,
Promised time,Timestamp by which delivery was contractually promised to the buyer.,"analytics_insight.order_level.""Promised time""",analytics_insight.order_level,
tat_dif,"Difference between actual delivery time and promised TAT, expressed in hours or fractional days.","analytics_insight.order_level.""tat_dif""",analytics_insight.order_level,
tat_diff_days,TAT deviation (actual minus promised delivery time) expressed in whole or fractional days.,"analytics_insight.order_level.""tat_diff_days""",analytics_insight.order_level,
day_diff,Day-level difference between two key order lifecycle timestamps used for SLA tracking.,"analytics_insight.order_level.""day_diff""",analytics_insight.order_level,
min_diff,Minute-level difference between two key order lifecycle timestamps for fine-grained latency analysis.,"analytics_insight.order_level.""min_diff""",analytics_insight.order_level,
tat_time,Actual end-to-end turn-around-time for the order from creation to delivery.,"analytics_insight.order_level.""tat_time""",analytics_insight.order_level,
no_key,Surrogate integer key or row sequence number uniquely identifying each record.,"analytics_insight.order_level.""no_key""",analytics_insight.order_level,
ONDC order_status,"Final or current status of the order as per ONDC protocol state machine (e.g., Created, Completed, Cancelled).","analytics_insight.order_level.""ONDC order_status""",analytics_insight.order_level,
Updated at,Timestamp of the most recent status update received for the order.,"analytics_insight.order_level.""Updated at""",analytics_insight.order_level,
Category,Specific product or service category of the ordered item.,"analytics_insight.order_level.""Category""",analytics_insight.order_level,
Consolidated_category,Broader grouped category used for aggregated reporting and cross-domain analysis.,"analytics_insight.order_level.""Consolidated_category""",analytics_insight.order_level,
network_transaction_id,ONDC network-level transaction identifier linking all protocol messages belonging to one order flow.,"analytics_insight.order_level.""network_transaction_id""",analytics_insight.order_level,
modified_date,Date when the order record was last modified or refreshed in the data warehouse.,"analytics_insight.order_level.""modified_date""",analytics_insight.order_level,
is_force_cancelled,Flag indicating whether the order was forcibly cancelled by the network or admin rather than by buyer or seller.,"analytics_insight.order_level.""is_force_cancelled""",analytics_insight.order_level,
c_context_timestamp,Canonical event timestamp from the ONDC protocol message context object representing the official event time.,"analytics_insight.order_level.""c_context_timestamp""",analytics_insight.order_level,
f_agent_assigned_at,Timestamp when a delivery agent was assigned to the shipment by the LSP.,"analytics_insight.order_level.""f_agent_assigned_at""",analytics_insight.order_level,
f_rto_initiated_at,Timestamp when the Return To Origin process was formally initiated after a failed delivery.,"analytics_insight.order_level.""f_rto_initiated_at""",analytics_insight.order_level,
f_rto_delivered_at,Timestamp when the undelivered shipment was successfully returned and delivered back to the seller.,"analytics_insight.order_level.""f_rto_delivered_at""",analytics_insight.order_level,
f_rto_requested_at,"Timestamp when the Return To Origin was first requested, before formal initiation.","analytics_insight.order_level.""f_rto_requested_at""",analytics_insight.order_level,
"▼ order_level_60days_mv   (materialized view, 2 cols)",,,analytics_insight.order_level_60days_mv,"SELECT ""Network order id"",
    ""Date""
   FROM analytics_insight.order_level
  WHERE ""Date"" >= (CURRENT_DATE - '60 days'::interval);

CREATE INDEX idx_order_level_mv_date_network ON analytics_insight.order_level_60days_mv USING btree (""Date"", ""Network order id"")

CREATE INDEX idx_order_level_60days_mv_network_order ON analytics_insight.order_level_60days_mv USING btree (""Network order id"")

CREATE INDEX idx_retail_order_id ON analytics_insight.order_level_60days_mv USING btree (""Network order id"")"
Network order id,Data representing the network order id.,"analytics_insight.order_level_60days_mv.""Network order id""",analytics_insight.order_level_60days_mv,
Date,Timestamp or date indicating when date occurred.,"analytics_insight.order_level_60days_mv.""Date""",analytics_insight.order_level_60days_mv,
"▼ ordernhm   (view, 94 cols)",,,analytics_insight.ordernhm,"SELECT ol.""Date"",
    snp.seller_np_name AS ""Seller NP"",
    bnp.buyer_np_name AS ""Buyer NP"",
    ol.""Network order id"",
    lower((ol.""Seller NP""::text || '_'::text) || ol.""Provider Id""::text) AS ""provider key"",
    ol.""Provider Id"",
    ol.""Seller Name"",
    ol.""Seller Pincode"",
    ol.""Delivery Pincode"",
    ol.cancellation_code,
    ol.""Created at"",
    ol.""Updated at"",
    ol.""Shipped at"",
    ol.""Ready to Ship"",
    ol.""Promised time"",
    ol.domain,
    ol.""on-time-del"",
    ol.tat_dif,
    ol.tat_diff_days,
    ol.day_diff,
    ol.min_diff,
    ol.tat_time,
    ol.""Category"",
    ol.""Consolidated_category"",
    ol.""ONDC order_status"",
    ol.no_key,
    ol.no_key AS ""Confirmed"",
        CASE
            WHEN ol.""ONDC order_status""::text = 'Delivered'::text THEN ol.no_key
            ELSE 0
        END AS ""Delivered"",
        CASE
            WHEN ol.""ONDC order_status""::text = 'Cancelled'::text THEN ol.no_key
            ELSE 0
        END AS ""Cancelled"",
        CASE
            WHEN ol.""ONDC order_status""::text = 'In Process'::text THEN ol.no_key
            ELSE 0
        END AS ""In Process"",
        CASE
            WHEN ol.""ONDC order_status""::text = 'Part Delivered'::text THEN ol.no_key
            ELSE 0
        END AS ""Part Delivered"",
    COALESCE(snp.seller_np, 'Others'::character varying) AS ""SNP"",
    COALESCE(bnp.buyer_np, 'Others'::character varying) AS ""BNP"",
        CASE
            WHEN ol.cancellation_code IS NOT NULL THEN 1
            ELSE 0
        END AS ""Cancellation code cal"",
    COALESCE(ol.tat_dif, 0::double precision) AS ""Tat breach"",
        CASE
            WHEN ol.""ONDC order_status""::text = 'Delivered'::text AND COALESCE(ol.tat_dif, 0::double precision) = 0::double precision THEN ol.no_key
            ELSE 0
        END AS ""Delivered with TAT"",
        CASE
            WHEN ol.""ONDC order_status""::text = 'Delivered'::text AND COALESCE(ol.tat_dif, 0::double precision) > 0::double precision THEN ol.no_key
            ELSE 0
        END AS ""Delivered beyond TAT"",
        CASE
            WHEN ol.""ONDC order_status""::text = 'Delivered'::text AND ol.""Updated at"" IS NOT NULL AND ol.""Updated at"" <= ol.""Promised time"" THEN ol.no_key
            ELSE 0
        END AS ""DBO"",
        CASE
            WHEN ol.""ONDC order_status""::text = ANY (ARRAY['Delivered'::character varying, 'Cancelled'::character varying]::text[]) THEN EXTRACT(epoch FROM ol.""Updated at"" - ol.""Promised time"") / 60.0
            WHEN ol.""ONDC order_status""::text = 'In Process'::text THEN EXTRACT(epoch FROM CURRENT_TIMESTAMP - ol.""Promised time""::timestamp with time zone) / 60.0
            ELSE NULL::numeric
        END AS ""Breach (mins)"",
        CASE
            WHEN ol.""ONDC order_status""::text = ANY (ARRAY['Delivered'::character varying, 'Cancelled'::character varying]::text[]) THEN EXTRACT(epoch FROM ol.""Updated at"" - ol.""Promised time"") / 3600.0
            WHEN ol.""ONDC order_status""::text = 'In Process'::text THEN EXTRACT(epoch FROM CURRENT_TIMESTAMP - ol.""Promised time""::timestamp with time zone) / 3600.0
            ELSE NULL::numeric
        END AS ""Breach (hrs)"",
        CASE
            WHEN ol.""ONDC order_status""::text = ANY (ARRAY['Delivered'::character varying, 'Cancelled'::character varying]::text[]) THEN EXTRACT(epoch FROM ol.""Updated at"" - ol.""Promised time"") / 86400.0
            WHEN ol.""ONDC order_status""::text = 'In Process'::text THEN EXTRACT(epoch FROM CURRENT_TIMESTAMP - ol.""Promised time""::timestamp with time zone) / 86400.0
            ELSE NULL::numeric
        END AS ""Breach (days)"",
        CASE
            WHEN ol.""ONDC order_status""::text = 'Delivered'::text AND ol.day_diff = 0::double precision THEN ol.no_key
            ELSE 0
        END AS ""Same Day"",
        CASE
            WHEN ol.""ONDC order_status""::text = 'Delivered'::text AND ol.day_diff = 1::double precision THEN 1
            ELSE 0
        END AS ""Next Day"",
        CASE
            WHEN ol.""ONDC order_status""::text = 'Delivered'::text AND ol.day_diff = 2::double precision THEN 1
            ELSE 0
        END AS ""Day + 2"",
        CASE
            WHEN ol.""ONDC order_status""::text = 'Delivered'::text AND ol.day_diff > 2::double precision THEN 1
            ELSE 0
        END AS ""More than 2 Days"",
    COALESCE(ol.""on-time-del"", 0::double precision) AS ""On time deliveries"",
        CASE
            WHEN ol.""ONDC order_status""::text = 'Delivered'::text THEN ol.tat_time
            ELSE NULL::double precision
        END AS ""Average TAT (in mins)"",
        CASE
            WHEN ol.""ONDC order_status""::text = 'Delivered'::text AND ol.min_diff > 0::double precision THEN ol.min_diff
            ELSE NULL::double precision
        END AS ""Avg Delivery (mins)"",
        CASE
            WHEN ol.""ONDC order_status""::text = 'Delivered'::text AND ol.""Category""::text = 'F&B'::text THEN EXTRACT(epoch FROM ol.""Updated at"" - ol.""Created at"") / 60.0
            ELSE NULL::numeric
        END AS ""F&B mins diff"",
        CASE
            WHEN ol.""ONDC order_status""::text = 'Delivered'::text AND ol.""Category""::text = 'F&B'::text AND ol.min_diff <= 15::double precision THEN ol.no_key
            ELSE 0
        END AS ""Within 15 mins"",
        CASE
            WHEN ol.""ONDC order_status""::text = 'Delivered'::text AND ol.""Category""::text = 'F&B'::text AND ol.min_diff > 15::double precision AND ol.min_diff <= 30::double precision THEN ol.no_key
            ELSE 0
        END AS ""15 - 30 mins"",
        CASE
            WHEN ol.""ONDC order_status""::text = 'Delivered'::text AND ol.""Category""::text = 'F&B'::text AND ol.min_diff > 30::double precision AND ol.min_diff <= 45::double precision THEN ol.no_key
            ELSE 0
        END AS ""30 - 45 mins"",
        CASE
            WHEN ol.""ONDC order_status""::text = 'Delivered'::text AND ol.""Category""::text = 'F&B'::text AND ol.min_diff > 45::double precision AND ol.min_diff <= 60::double precision THEN ol.no_key
            ELSE 0
        END AS ""45 - 60 mins"",
        CASE
            WHEN ol.""ONDC order_status""::text = 'Delivered'::text AND ol.""Category""::text = 'F&B'::text AND ol.min_diff > 60::double precision AND ol.min_diff <= 120::double precision THEN 1
            ELSE 0
        END AS ""60 - 120 mins"",
        CASE
            WHEN ol.""ONDC order_status""::text = 'Delivered'::text AND ol.""Category""::text = 'F&B'::text AND ol.min_diff > 120::double precision THEN 1
            ELSE 0
        END AS ""Above 120 mins"",
        CASE
            WHEN ol.""ONDC order_status""::text = 'Delivered'::text AND ol.tat_dif > 0::double precision AND ol.tat_dif <= 300::double precision THEN ol.no_key
            ELSE 0
        END AS ""TAT < 5 mins"",
        CASE
            WHEN ol.""ONDC order_status""::text = 'Delivered'::text AND ol.tat_dif > 300::double precision AND ol.tat_dif <= 900::double precision THEN ol.no_key
            ELSE 0
        END AS ""TAT 5-15 mins"",
        CASE
            WHEN ol.""ONDC order_status""::text = 'Delivered'::text AND ol.tat_dif > 900::double precision AND ol.tat_dif <= 1800::double precision THEN ol.no_key
            ELSE 0
        END AS ""TAT 15-30 mins"",
        CASE
            WHEN ol.""ONDC order_status""::text = 'Delivered'::text AND ol.tat_dif > 1800::double precision AND ol.tat_dif <= 3600::double precision THEN ol.no_key
            ELSE 0
        END AS ""TAT 30-60 mins"",
        CASE
            WHEN ol.""ONDC order_status""::text = 'Delivered'::text AND ol.tat_dif > 3600::double precision THEN ol.no_key
            ELSE 0
        END AS ""TAT > 60 mins"",
        CASE
            WHEN ol.""ONDC order_status""::text = 'Delivered'::text AND ol.tat_dif > 0::double precision AND ol.tat_dif <= 21600::double precision THEN ol.no_key
            ELSE 0
        END AS ""TAT 0-6 hrs"",
        CASE
            WHEN ol.""ONDC order_status""::text = 'Delivered'::text AND ol.tat_dif > 21600::double precision AND ol.tat_dif <= 43200::double precision THEN ol.no_key
            ELSE 0
        END AS ""TAT 6-12 hrs"",
        CASE
            WHEN ol.""ONDC order_status""::text = 'Delivered'::text AND ol.tat_dif > 43200::double precision AND ol.tat_dif <= 86400::double precision THEN ol.no_key
            ELSE 0
        END AS ""TAT 12-24 hrs"",
        CASE
            WHEN ol.""ONDC order_status""::text = 'Delivered'::text AND ol.tat_dif > 86400::double precision AND ol.tat_dif <= 172800::double precision THEN ol.no_key
            ELSE 0
        END AS ""TAT 24-48 hrs"",
        CASE
            WHEN ol.""ONDC order_status""::text = 'Delivered'::text AND ol.tat_dif > 172800::double precision THEN ol.no_key
            ELSE 0
        END AS ""TAT >48 hrs"",
        CASE
            WHEN ol.""ONDC order_status""::text = 'Delivered'::text AND ol.tat_diff_days = 1::double precision THEN ol.no_key
            ELSE 0
        END AS ""TAT+1"",
        CASE
            WHEN ol.""ONDC order_status""::text = 'Delivered'::text AND ol.tat_diff_days = 2::double precision THEN ol.no_key
            ELSE 0
        END AS ""TAT + 2"",
        CASE
            WHEN ol.""ONDC order_status""::text = 'Delivered'::text AND ol.tat_diff_days = 3::double precision THEN ol.no_key
            ELSE 0
        END AS ""TAT + 3"",
        CASE
            WHEN ol.""ONDC order_status""::text = 'Delivered'::text AND ol.tat_diff_days = 4::double precision THEN ol.no_key
            ELSE 0
        END AS ""TAT + 4"",
        CASE
            WHEN ol.""ONDC order_status""::text = 'Delivered'::text AND ol.tat_diff_days > 4::double precision THEN ol.no_key
            ELSE 0
        END AS ""TAT > 4"",
        CASE
            WHEN ol.""ONDC order_status""::text = 'Delivered'::text AND ol.tat_diff_days < 1::double precision AND ol.""Promised time"" < ol.""Updated at"" THEN ol.no_key
            ELSE 0
        END AS ""TAT (Same day)"",
        CASE
            WHEN ol.""ONDC order_status""::text = 'Delivered'::text AND ol.""Category""::text <> 'F&B'::text THEN EXTRACT(day FROM ol.""Updated at"" - ol.""Created at"")
            ELSE NULL::numeric
        END AS ""Non F&B days diff"",
        CASE
            WHEN ol.""Shipped at"" IS NOT NULL THEN ol.no_key
            ELSE 0
        END AS ""Shipped mark"",
    COALESCE(sp.statename, 'Undefined'::character varying) AS ""Seller State"",
    COALESCE(dp.statename, 'Undefined'::character varying) AS ""Delivery State"",
    COALESCE(sp.districtname, 'Undefined'::character varying) AS ""Seller City"",
    COALESCE(dp.districtname, 'Undefined'::character varying) AS ""Delivery City"",
    COALESCE(sp.tier, 'Undefined'::character varying) AS ""Seller Tier"",
    COALESCE(dp.tier, 'Undefined'::character varying) AS ""Delivery Tier"",
        CASE
            WHEN bnp.buyer_np::text <> snp.seller_np::text THEN 'Inter NP'::text
            ELSE 'Intra NP'::text
        END AS ""Order type"",
        CASE
            WHEN ol.""ONDC order_status""::text = 'Delivered'::text AND ol.""Updated at"" > ol.""Promised time"" THEN 1
            WHEN ol.""ONDC order_status""::text = 'Cancelled'::text AND ol.""Updated at"" > ol.""Promised time"" THEN 1
            WHEN ol.""ONDC order_status""::text = 'In Process'::text AND CURRENT_DATE > ol.""Promised time""::date THEN 1
            ELSE 0
        END AS ""Breach"",
    cc.attributed_to,
    cc.reason_for_cancellation,
    cc.is_triggers_rto,
    cc.by AS cancelled_by,
    cc.whether_applicable_for_part_cancel,
    cc.sorting,
        CASE
            WHEN ol.""ONDC order_status""::text = 'Cancelled'::text AND cc.attributed_to::text = 'Buyer App'::text THEN ol.no_key
            ELSE 0
        END AS ""Buyer cancel"",
        CASE
            WHEN ol.""ONDC order_status""::text = 'Cancelled'::text AND cc.attributed_to::text = 'Seller App'::text THEN ol.no_key
            ELSE 0
        END AS ""Seller cancel"",
        CASE
            WHEN ol.""ONDC order_status""::text = 'Cancelled'::text AND cc.attributed_to::text = 'Logistics Provider'::text THEN ol.no_key
            ELSE 0
        END AS ""Logistic cancel"",
        CASE
            WHEN ol.""ONDC order_status""::text = 'Cancelled'::text THEN cc.attributed_to
            ELSE NULL::character varying
        END AS ""Cancelled att"",
    COALESCE(sp.zones, 'Undefined'::character varying) AS ""Seller Zone"",
    COALESCE(dp.zones, 'Undefined'::character varying) AS ""Delivery Zone"",
        CASE
            WHEN ol.""Category""::text = 'F&B'::text THEN 'Hyperlocal'::text
            WHEN COALESCE(dp.districtname, 'Undefined'::character varying)::text = 'Undefined'::text THEN 'Undefined'::text
            WHEN COALESCE(sp.districtname, 'Undefined'::character varying)::text = 'Undefined'::text THEN 'Undefined'::text
            WHEN dp.districtname::text <> sp.districtname::text THEN 'Intercity'::text
            ELSE 'Hyperlocal'::text
        END AS ""Delivery Type""
   FROM analytics_insight.order_level ol
     LEFT JOIN analytics_insight.seller_np snp ON ol.""Seller NP""::text = snp.seller_np::text
     LEFT JOIN analytics_insight.buyer_np bnp ON ol.""Buyer NP""::text = bnp.buyer_np::text
     LEFT JOIN analytics_insight.pincode sp ON ol.""Seller Pincode""::text = sp.pincode::text
     LEFT JOIN analytics_insight.pincode dp ON ol.""Delivery Pincode""::text = dp.pincode::text
     LEFT JOIN analytics_insight.cancellation_code cc ON ol.cancellation_code::text = cc.code::text;"
Date,"Calendar date of the order, used as the primary time dimension for reporting.","analytics_insight.ordernhm.""Date""",analytics_insight.ordernhm,
Seller NP,Display name of the Seller Network Participant (the platform/app through which the seller lists products on ONDC).,"analytics_insight.ordernhm.""Seller NP""",analytics_insight.ordernhm,
Buyer NP,Display name of the Buyer Network Participant (the platform/app through which the buyer placed the order on ONDC).,"analytics_insight.ordernhm.""Buyer NP""",analytics_insight.ordernhm,
Network order id,Unique identifier assigned to the order across the ONDC network.,"analytics_insight.ordernhm.""Network order id""",analytics_insight.ordernhm,
provider key,"Surrogate lookup key formed by lowercasing the concatenation of Seller NP code and Provider Id, uniquely identifying a seller storefront.","analytics_insight.ordernhm.""provider key""",analytics_insight.ordernhm,
Provider Id,ONDC-assigned unique identifier for the seller/provider entity.,"analytics_insight.ordernhm.""Provider Id""",analytics_insight.ordernhm,
Seller Name,Registered name of the seller or store fulfilling the order.,"analytics_insight.ordernhm.""Seller Name""",analytics_insight.ordernhm,
Seller Pincode,Indian postal code (pincode) of the seller's dispatch location.,"analytics_insight.ordernhm.""Seller Pincode""",analytics_insight.ordernhm,
Delivery Pincode,Indian postal code (pincode) of the buyer's delivery destination.,"analytics_insight.ordernhm.""Delivery Pincode""",analytics_insight.ordernhm,
cancellation_code,ONDC-standardised code identifying the specific reason an order was cancelled.,"analytics_insight.ordernhm.""cancellation_code""",analytics_insight.ordernhm,
Created at,Timestamp when the order was originally placed on the network.,"analytics_insight.ordernhm.""Created at""",analytics_insight.ordernhm,
Updated at,"Timestamp of the most recent status update on the order (e.g., delivered or cancelled).","analytics_insight.ordernhm.""Updated at""",analytics_insight.ordernhm,
Shipped at,Timestamp when the order was physically dispatched or handed to the logistics provider.,"analytics_insight.ordernhm.""Shipped at""",analytics_insight.ordernhm,
Ready to Ship,Timestamp when the seller marked the order as packed and ready for pickup.,"analytics_insight.ordernhm.""Ready to Ship""",analytics_insight.ordernhm,
Promised time,Committed delivery deadline (end of contracted TAT window) communicated to the buyer.,"analytics_insight.ordernhm.""Promised time""",analytics_insight.ordernhm,
domain,"ONDC business domain of the order (e.g., retail, F&B, grocery, fashion).","analytics_insight.ordernhm.""domain""",analytics_insight.ordernhm,
on-time-del,"Binary flag (1 = on time, 0 = late) indicating whether the order was delivered within the promised TAT.","analytics_insight.ordernhm.""on-time-del""",analytics_insight.ordernhm,
tat_dif,"Numeric indicator of TAT compliance; 0 means delivered within TAT, positive value indicates a breach.","analytics_insight.ordernhm.""tat_dif""",analytics_insight.ordernhm,
tat_diff_days,TAT breach or surplus expressed in fractional days.,"analytics_insight.ordernhm.""tat_diff_days""",analytics_insight.ordernhm,
day_diff,Number of calendar days elapsed between order creation and delivery.,"analytics_insight.ordernhm.""day_diff""",analytics_insight.ordernhm,
min_diff,Number of minutes elapsed between order creation (or ready-to-ship) and delivery.,"analytics_insight.ordernhm.""min_diff""",analytics_insight.ordernhm,
tat_time,Total turn-around time in minutes from order creation to delivery.,"analytics_insight.ordernhm.""tat_time""",analytics_insight.ordernhm,
Category,"ONDC product category of the order (e.g., F&B, Grocery, Electronics).","analytics_insight.ordernhm.""Category""",analytics_insight.ordernhm,
Consolidated_category,Rolled-up higher-level grouping of product categories for summary reporting.,"analytics_insight.ordernhm.""Consolidated_category""",analytics_insight.ordernhm,
ONDC order_status,"Current lifecycle status of the order on the ONDC network (Delivered, Cancelled, In Process, Part Delivered).","analytics_insight.ordernhm.""ONDC order_status""",analytics_insight.ordernhm,
no_key,Row-level counting unit (always 1 per order row) used as the base metric for aggregations.,"analytics_insight.ordernhm.""no_key""",analytics_insight.ordernhm,
Confirmed,"Count of confirmed orders (equals no_key for every row, i.e., 1 per order).","analytics_insight.ordernhm.""Confirmed""",analytics_insight.ordernhm,
Delivered,"Count flag that equals no_key (1) when the order status is Delivered, else 0.","analytics_insight.ordernhm.""Delivered""",analytics_insight.ordernhm,
Cancelled,"Count flag that equals no_key (1) when the order status is Cancelled, else 0.","analytics_insight.ordernhm.""Cancelled""",analytics_insight.ordernhm,
In Process,"Count flag that equals no_key (1) when the order status is In Process, else 0.","analytics_insight.ordernhm.""In Process""",analytics_insight.ordernhm,
Part Delivered,"Count flag that equals no_key (1) when the order status is Part Delivered, else 0.","analytics_insight.ordernhm.""Part Delivered""",analytics_insight.ordernhm,
SNP,Normalised Seller Network Participant code from the reference table; defaults to 'Others' if unmapped.,"analytics_insight.ordernhm.""SNP""",analytics_insight.ordernhm,
BNP,Normalised Buyer Network Participant code from the reference table; defaults to 'Others' if unmapped.,"analytics_insight.ordernhm.""BNP""",analytics_insight.ordernhm,
Cancellation code cal,Binary flag (1/0) indicating whether a cancellation code is recorded for the order.,"analytics_insight.ordernhm.""Cancellation code cal""",analytics_insight.ordernhm,
Tat breach,TAT breach value coalesced to 0 for null; used as a safe numeric measure of TAT overrun.,"analytics_insight.ordernhm.""Tat breach""",analytics_insight.ordernhm,
Delivered with TAT,Count flag (no_key) for orders that were delivered on or within the promised TAT (tat_dif = 0).,"analytics_insight.ordernhm.""Delivered with TAT""",analytics_insight.ordernhm,
Delivered beyond TAT,Count flag (no_key) for orders that were delivered after the promised TAT (tat_dif > 0).,"analytics_insight.ordernhm.""Delivered beyond TAT""",analytics_insight.ordernhm,
DBO,Count flag (no_key) for orders delivered on or before the promised time (Updated at <= Promised time).,"analytics_insight.ordernhm.""DBO""",analytics_insight.ordernhm,
Breach (mins),"Signed minutes between the actual closure time (or current time for in-process) and the promised delivery time; positive = late, negative = early.","analytics_insight.ordernhm.""Breach (mins)""",analytics_insight.ordernhm,
Breach (hrs),Same TAT breach duration expressed in hours.,"analytics_insight.ordernhm.""Breach (hrs)""",analytics_insight.ordernhm,
Breach (days),Same TAT breach duration expressed in fractional days.,"analytics_insight.ordernhm.""Breach (days)""",analytics_insight.ordernhm,
Same Day,Count flag for delivered orders where creation and delivery occurred on the same calendar day (day_diff = 0).,"analytics_insight.ordernhm.""Same Day""",analytics_insight.ordernhm,
Next Day,Count flag for delivered orders where delivery occurred one calendar day after order creation (day_diff = 1).,"analytics_insight.ordernhm.""Next Day""",analytics_insight.ordernhm,
Day + 2,Count flag for delivered orders that arrived exactly two calendar days after creation (day_diff = 2).,"analytics_insight.ordernhm.""Day + 2""",analytics_insight.ordernhm,
More than 2 Days,Count flag for delivered orders that took more than two calendar days to arrive (day_diff > 2).,"analytics_insight.ordernhm.""More than 2 Days""",analytics_insight.ordernhm,
On time deliveries,"On-time delivery indicator with nulls replaced by 0, safe for summing across all orders.","analytics_insight.ordernhm.""On time deliveries""",analytics_insight.ordernhm,
Average TAT (in mins),Actual end-to-end TAT in minutes for delivered orders; null for non-delivered orders.,"analytics_insight.ordernhm.""Average TAT (in mins)""",analytics_insight.ordernhm,
Avg Delivery (mins),Actual delivery duration in minutes for delivered orders where a positive min_diff is recorded; null otherwise.,"analytics_insight.ordernhm.""Avg Delivery (mins)""",analytics_insight.ordernhm,
F&B mins diff,Elapsed minutes from order creation to delivery specifically for Food & Beverage category orders.,"analytics_insight.ordernhm.""F&B mins diff""",analytics_insight.ordernhm,
Within 15 mins,Count flag for F&B delivered orders completed within 15 minutes.,"analytics_insight.ordernhm.""Within 15 mins""",analytics_insight.ordernhm,
15 - 30 mins,Count flag for F&B delivered orders completed in 15–30 minutes.,"analytics_insight.ordernhm.""15 - 30 mins""",analytics_insight.ordernhm,
30 - 45 mins,Count flag for F&B delivered orders completed in 30–45 minutes.,"analytics_insight.ordernhm.""30 - 45 mins""",analytics_insight.ordernhm,
45 - 60 mins,Count flag for F&B delivered orders completed in 45–60 minutes.,"analytics_insight.ordernhm.""45 - 60 mins""",analytics_insight.ordernhm,
60 - 120 mins,Count flag for F&B delivered orders completed in 60–120 minutes.,"analytics_insight.ordernhm.""60 - 120 mins""",analytics_insight.ordernhm,
Above 120 mins,Count flag for F&B delivered orders taking more than 120 minutes.,"analytics_insight.ordernhm.""Above 120 mins""",analytics_insight.ordernhm,
TAT < 5 mins,Count flag for orders with a TAT of less than 5 minutes (hyperlocal/instant delivery).,"analytics_insight.ordernhm.""TAT < 5 mins""",analytics_insight.ordernhm,
TAT 5-15 mins,Count flag for orders with a TAT between 5 and 15 minutes.,"analytics_insight.ordernhm.""TAT 5-15 mins""",analytics_insight.ordernhm,
TAT 15-30 mins,Count flag for orders with a TAT between 15 and 30 minutes.,"analytics_insight.ordernhm.""TAT 15-30 mins""",analytics_insight.ordernhm,
TAT 30-60 mins,Count flag for orders with a TAT between 30 and 60 minutes.,"analytics_insight.ordernhm.""TAT 30-60 mins""",analytics_insight.ordernhm,
TAT > 60 mins,Count flag for orders with a TAT exceeding 60 minutes (minute-scale bucket ceiling).,"analytics_insight.ordernhm.""TAT > 60 mins""",analytics_insight.ordernhm,
TAT 0-6 hrs,Count flag for orders with a TAT between 0 and 6 hours.,"analytics_insight.ordernhm.""TAT 0-6 hrs""",analytics_insight.ordernhm,
TAT 6-12 hrs,Count flag for orders with a TAT between 6 and 12 hours.,"analytics_insight.ordernhm.""TAT 6-12 hrs""",analytics_insight.ordernhm,
TAT 12-24 hrs,Count flag for orders with a TAT between 12 and 24 hours.,"analytics_insight.ordernhm.""TAT 12-24 hrs""",analytics_insight.ordernhm,
TAT 24-48 hrs,Count flag for orders with a TAT between 24 and 48 hours.,"analytics_insight.ordernhm.""TAT 24-48 hrs""",analytics_insight.ordernhm,
TAT >48 hrs,Count flag for orders with a TAT exceeding 48 hours.,"analytics_insight.ordernhm.""TAT >48 hrs""",analytics_insight.ordernhm,
TAT+1,Count flag for orders delivered up to 1 day beyond the promised TAT.,"analytics_insight.ordernhm.""TAT+1""",analytics_insight.ordernhm,
TAT + 2,Count flag for orders delivered up to 2 days beyond the promised TAT.,"analytics_insight.ordernhm.""TAT + 2""",analytics_insight.ordernhm,
TAT + 3,Count flag for orders delivered up to 3 days beyond the promised TAT.,"analytics_insight.ordernhm.""TAT + 3""",analytics_insight.ordernhm,
TAT + 4,Count flag for orders delivered up to 4 days beyond the promised TAT.,"analytics_insight.ordernhm.""TAT + 4""",analytics_insight.ordernhm,
TAT > 4,Count flag for orders delivered more than 4 days beyond the promised TAT.,"analytics_insight.ordernhm.""TAT > 4""",analytics_insight.ordernhm,
TAT (Same day),Count flag for orders delivered on the same calendar day as the TAT deadline.,"analytics_insight.ordernhm.""TAT (Same day)""",analytics_insight.ordernhm,
Non F&B days diff,Elapsed days from order creation to delivery for non-F&B category orders.,"analytics_insight.ordernhm.""Non F&B days diff""",analytics_insight.ordernhm,
Shipped mark,Binary flag (1/0) indicating whether a shipment dispatch record (Shipped at) exists for the order.,"analytics_insight.ordernhm.""Shipped mark""",analytics_insight.ordernhm,
Seller State,Indian state corresponding to the seller's pincode.,"analytics_insight.ordernhm.""Seller State""",analytics_insight.ordernhm,
Delivery State,Indian state corresponding to the delivery pincode.,"analytics_insight.ordernhm.""Delivery State""",analytics_insight.ordernhm,
Seller City,City corresponding to the seller's pincode.,"analytics_insight.ordernhm.""Seller City""",analytics_insight.ordernhm,
Delivery City,City corresponding to the delivery pincode.,"analytics_insight.ordernhm.""Delivery City""",analytics_insight.ordernhm,
Seller Tier,Metro/Tier-1/Tier-2/Tier-3 classification of the seller's city.,"analytics_insight.ordernhm.""Seller Tier""",analytics_insight.ordernhm,
Delivery Tier,Metro/Tier-1/Tier-2/Tier-3 classification of the delivery destination city.,"analytics_insight.ordernhm.""Delivery Tier""",analytics_insight.ordernhm,
Order type,"Classification of the order by fulfillment type (e.g., prepaid, COD, same-day, scheduled).","analytics_insight.ordernhm.""Order type""",analytics_insight.ordernhm,
Breach,Binary flag (1/0) indicating whether the order breached its promised TAT.,"analytics_insight.ordernhm.""Breach""",analytics_insight.ordernhm,
attributed_to,"Party attributed responsibility for the cancellation (e.g., seller, buyer, logistics).","analytics_insight.ordernhm.""attributed_to""",analytics_insight.ordernhm,
reason_for_cancellation,Free-text or coded description of why the order was cancelled.,"analytics_insight.ordernhm.""reason_for_cancellation""",analytics_insight.ordernhm,
is_triggers_rto,Flag indicating whether the cancellation initiated a Return To Origin shipment back to the seller.,"analytics_insight.ordernhm.""is_triggers_rto""",analytics_insight.ordernhm,
cancelled_by,"Entity that triggered the cancellation action (buyer, seller, or LSP).","analytics_insight.ordernhm.""cancelled_by""",analytics_insight.ordernhm,
whether_applicable_for_part_cancel,Flag indicating whether the order qualifies for partial cancellation under ONDC policy.,"analytics_insight.ordernhm.""whether_applicable_for_part_cancel""",analytics_insight.ordernhm,
sorting,Attribute used to control display or reporting sort order.,"analytics_insight.ordernhm.""sorting""",analytics_insight.ordernhm,
Buyer cancel,Count flag for orders where the cancellation was initiated by the buyer.,"analytics_insight.ordernhm.""Buyer cancel""",analytics_insight.ordernhm,
Seller cancel,Count flag for orders where the cancellation was initiated by the seller.,"analytics_insight.ordernhm.""Seller cancel""",analytics_insight.ordernhm,
Logistic cancel,Count flag for orders where the cancellation was initiated by the Logistics Service Provider.,"analytics_insight.ordernhm.""Logistic cancel""",analytics_insight.ordernhm,
Cancelled att,"Attribution label indicating which party (buyer, seller, or LSP) is responsible for the cancellation.","analytics_insight.ordernhm.""Cancelled att""",analytics_insight.ordernhm,
Seller Zone,"Broad geographic zone (e.g., North, South, East, West) of the seller's location.","analytics_insight.ordernhm.""Seller Zone""",analytics_insight.ordernhm,
Delivery Zone,Broad geographic zone of the delivery destination.,"analytics_insight.ordernhm.""Delivery Zone""",analytics_insight.ordernhm,
Delivery Type,"Mode or speed tier of the delivery (e.g., standard, express, same-day, hyperlocal).","analytics_insight.ordernhm.""Delivery Type""",analytics_insight.ordernhm,
"▼ ordernhm_open_data   (view, 92 cols)",,,analytics_insight.ordernhm_open_data,"SELECT ol.""Date"",
    ol.""Seller NP"",
    ol.""Buyer NP"",
    ol.""Network order id"",
    lower((ol.""Seller NP""::text || '_'::text) || ol.""Provider Id""::text) AS ""provider key"",
    ol.""Provider Id"",
    ol.""Seller Name"",
        CASE
            WHEN upper(ol.""Seller Pincode""::text) ~~ '%XXX%'::text OR upper(ol.""Seller Pincode""::text) ~~ '%*%'::text OR ol.""Seller Pincode""::text = 'Undefined'::text THEN NULL::character varying
            ELSE ol.""Seller Pincode""
        END AS ""Seller Pincode"",
        CASE
            WHEN upper(ol.""Delivery Pincode""::text) ~~ '%XXX%'::text OR upper(ol.""Delivery Pincode""::text) ~~ '%*%'::text OR ol.""Delivery Pincode""::text = 'Undefined'::text THEN NULL::character varying
            ELSE ol.""Delivery Pincode""
        END AS ""Delivery Pincode"",
    ol.cancellation_code,
    ol.""Created at"",
    ol.""Updated at"",
    ol.""Shipped at"",
    ol.""Ready to Ship"",
    ol.""Promised time"",
    ol.domain,
    ol.""on-time-del"",
    ol.tat_dif,
    ol.tat_diff_days,
    ol.day_diff,
    ol.min_diff,
    ol.tat_time,
    ol.""Category"",
    ol.""Consolidated_category"",
    ol.""ONDC order_status"",
    ol.no_key,
    ol.no_key AS ""Confirmed"",
        CASE
            WHEN ol.""ONDC order_status""::text = 'Delivered'::text THEN ol.no_key
            ELSE 0
        END AS ""Delivered"",
        CASE
            WHEN ol.""ONDC order_status""::text = 'Cancelled'::text THEN ol.no_key
            ELSE 0
        END AS ""Cancelled"",
        CASE
            WHEN ol.""ONDC order_status""::text = 'In Process'::text THEN ol.no_key
            ELSE 0
        END AS ""In Process"",
        CASE
            WHEN ol.""ONDC order_status""::text = 'Part Delivered'::text THEN ol.no_key
            ELSE 0
        END AS ""Part Delivered"",
    COALESCE(snp.seller_np, 'Others'::character varying) AS ""SNP"",
    COALESCE(bnp.buyer_np, 'Others'::character varying) AS ""BNP"",
        CASE
            WHEN ol.cancellation_code IS NOT NULL THEN 1
            ELSE 0
        END AS ""Cancellation code cal"",
    COALESCE(ol.tat_dif, 0::double precision) AS ""Tat breach"",
        CASE
            WHEN ol.""ONDC order_status""::text = 'Delivered'::text AND COALESCE(ol.tat_dif, 0::double precision) = 0::double precision THEN ol.no_key
            ELSE 0
        END AS ""Delivered with TAT"",
        CASE
            WHEN ol.""ONDC order_status""::text = 'Delivered'::text AND COALESCE(ol.tat_dif, 0::double precision) > 0::double precision THEN ol.no_key
            ELSE 0
        END AS ""Delivered beyond TAT"",
        CASE
            WHEN ol.""ONDC order_status""::text = 'Delivered'::text AND ol.""Updated at"" IS NOT NULL AND ol.""Updated at"" <= ol.""Promised time"" THEN ol.no_key
            ELSE 0
        END AS ""DBO"",
        CASE
            WHEN ol.""ONDC order_status""::text = ANY (ARRAY['Delivered'::character varying, 'Cancelled'::character varying]::text[]) THEN EXTRACT(epoch FROM ol.""Updated at"" - ol.""Promised time"") / 60.0
            WHEN ol.""ONDC order_status""::text = 'In Process'::text THEN EXTRACT(epoch FROM CURRENT_TIMESTAMP - ol.""Promised time""::timestamp with time zone) / 60.0
            ELSE NULL::numeric
        END AS ""Breach (mins)"",
        CASE
            WHEN ol.""ONDC order_status""::text = ANY (ARRAY['Delivered'::character varying, 'Cancelled'::character varying]::text[]) THEN EXTRACT(epoch FROM ol.""Updated at"" - ol.""Promised time"") / 3600.0
            WHEN ol.""ONDC order_status""::text = 'In Process'::text THEN EXTRACT(epoch FROM CURRENT_TIMESTAMP - ol.""Promised time""::timestamp with time zone) / 3600.0
            ELSE NULL::numeric
        END AS ""Breach (hrs)"",
        CASE
            WHEN ol.""ONDC order_status""::text = ANY (ARRAY['Delivered'::character varying, 'Cancelled'::character varying]::text[]) THEN EXTRACT(epoch FROM ol.""Updated at"" - ol.""Promised time"") / 86400.0
            WHEN ol.""ONDC order_status""::text = 'In Process'::text THEN EXTRACT(epoch FROM CURRENT_TIMESTAMP - ol.""Promised time""::timestamp with time zone) / 86400.0
            ELSE NULL::numeric
        END AS ""Breach (days)"",
        CASE
            WHEN ol.""ONDC order_status""::text = 'Delivered'::text AND ol.day_diff = 0::double precision THEN ol.no_key
            ELSE 0
        END AS ""Same Day"",
        CASE
            WHEN ol.""ONDC order_status""::text = 'Delivered'::text AND ol.day_diff = 1::double precision THEN 1
            ELSE 0
        END AS ""Next Day"",
        CASE
            WHEN ol.""ONDC order_status""::text = 'Delivered'::text AND ol.day_diff = 2::double precision THEN 1
            ELSE 0
        END AS ""Day + 2"",
        CASE
            WHEN ol.""ONDC order_status""::text = 'Delivered'::text AND ol.day_diff > 2::double precision THEN 1
            ELSE 0
        END AS ""More than 2 Days"",
    COALESCE(ol.""on-time-del"", 0::double precision) AS ""On time deliveries"",
        CASE
            WHEN ol.""ONDC order_status""::text = 'Delivered'::text THEN ol.tat_time
            ELSE NULL::double precision
        END AS ""Average TAT (in mins)"",
        CASE
            WHEN ol.""ONDC order_status""::text = 'Delivered'::text AND ol.min_diff > 0::double precision THEN ol.min_diff
            ELSE NULL::double precision
        END AS ""Avg Delivery (mins)"",
        CASE
            WHEN ol.""ONDC order_status""::text = 'Delivered'::text AND ol.""Category""::text = 'F&B'::text THEN EXTRACT(epoch FROM ol.""Updated at"" - ol.""Created at"") / 60.0
            ELSE NULL::numeric
        END AS ""F&B mins diff"",
        CASE
            WHEN ol.""ONDC order_status""::text = 'Delivered'::text AND ol.""Category""::text = 'F&B'::text AND ol.min_diff <= 15::double precision THEN ol.no_key
            ELSE 0
        END AS ""Within 15 mins"",
        CASE
            WHEN ol.""ONDC order_status""::text = 'Delivered'::text AND ol.""Category""::text = 'F&B'::text AND ol.min_diff > 15::double precision AND ol.min_diff <= 30::double precision THEN ol.no_key
            ELSE 0
        END AS ""15 - 30 mins"",
        CASE
            WHEN ol.""ONDC order_status""::text = 'Delivered'::text AND ol.""Category""::text = 'F&B'::text AND ol.min_diff > 30::double precision AND ol.min_diff <= 45::double precision THEN ol.no_key
            ELSE 0
        END AS ""30 - 45 mins"",
        CASE
            WHEN ol.""ONDC order_status""::text = 'Delivered'::text AND ol.""Category""::text = 'F&B'::text AND ol.min_diff > 45::double precision AND ol.min_diff <= 60::double precision THEN ol.no_key
            ELSE 0
        END AS ""45 - 60 mins"",
        CASE
            WHEN ol.""ONDC order_status""::text = 'Delivered'::text AND ol.""Category""::text = 'F&B'::text AND ol.min_diff > 60::double precision AND ol.min_diff <= 120::double precision THEN 1
            ELSE 0
        END AS ""60 - 120 mins"",
        CASE
            WHEN ol.""ONDC order_status""::text = 'Delivered'::text AND ol.""Category""::text = 'F&B'::text AND ol.min_diff > 120::double precision THEN 1
            ELSE 0
        END AS ""Above 120 mins"",
        CASE
            WHEN ol.""ONDC order_status""::text = 'Delivered'::text AND ol.tat_dif > 0::double precision AND ol.tat_dif <= 300::double precision THEN ol.no_key
            ELSE 0
        END AS ""TAT < 5 mins"",
        CASE
            WHEN ol.""ONDC order_status""::text = 'Delivered'::text AND ol.tat_dif > 300::double precision AND ol.tat_dif <= 900::double precision THEN ol.no_key
            ELSE 0
        END AS ""TAT 5-15 mins"",
        CASE
            WHEN ol.""ONDC order_status""::text = 'Delivered'::text AND ol.tat_dif > 900::double precision AND ol.tat_dif <= 1800::double precision THEN ol.no_key
            ELSE 0
        END AS ""TAT 15-30 mins"",
        CASE
            WHEN ol.""ONDC order_status""::text = 'Delivered'::text AND ol.tat_dif > 1800::double precision AND ol.tat_dif <= 3600::double precision THEN ol.no_key
            ELSE 0
        END AS ""TAT 30-60 mins"",
        CASE
            WHEN ol.""ONDC order_status""::text = 'Delivered'::text AND ol.tat_dif > 3600::double precision THEN ol.no_key
            ELSE 0
        END AS ""TAT > 60 mins"",
        CASE
            WHEN ol.""ONDC order_status""::text = 'Delivered'::text AND ol.tat_dif > 0::double precision AND ol.tat_dif <= 21600::double precision THEN ol.no_key
            ELSE 0
        END AS ""TAT 0-6 hrs"",
        CASE
            WHEN ol.""ONDC order_status""::text = 'Delivered'::text AND ol.tat_dif > 21600::double precision AND ol.tat_dif <= 43200::double precision THEN ol.no_key
            ELSE 0
        END AS ""TAT 6-12 hrs"",
        CASE
            WHEN ol.""ONDC order_status""::text = 'Delivered'::text AND ol.tat_dif > 43200::double precision AND ol.tat_dif <= 86400::double precision THEN ol.no_key
            ELSE 0
        END AS ""TAT 12-24 hrs"",
        CASE
            WHEN ol.""ONDC order_status""::text = 'Delivered'::text AND ol.tat_dif > 86400::double precision AND ol.tat_dif <= 172800::double precision THEN ol.no_key
            ELSE 0
        END AS ""TAT 24-48 hrs"",
        CASE
            WHEN ol.""ONDC order_status""::text = 'Delivered'::text AND ol.tat_dif > 172800::double precision THEN ol.no_key
            ELSE 0
        END AS ""TAT >48 hrs"",
        CASE
            WHEN ol.""ONDC order_status""::text = 'Delivered'::text AND ol.tat_diff_days = 1::double precision THEN ol.no_key
            ELSE 0
        END AS ""TAT+1"",
        CASE
            WHEN ol.""ONDC order_status""::text = 'Delivered'::text AND ol.tat_diff_days = 2::double precision THEN ol.no_key
            ELSE 0
        END AS ""TAT + 2"",
        CASE
            WHEN ol.""ONDC order_status""::text = 'Delivered'::text AND ol.tat_diff_days = 3::double precision THEN ol.no_key
            ELSE 0
        END AS ""TAT + 3"",
        CASE
            WHEN ol.""ONDC order_status""::text = 'Delivered'::text AND ol.tat_diff_days = 4::double precision THEN ol.no_key
            ELSE 0
        END AS ""TAT + 4"",
        CASE
            WHEN ol.""ONDC order_status""::text = 'Delivered'::text AND ol.tat_diff_days > 4::double precision THEN ol.no_key
            ELSE 0
        END AS ""TAT > 4"",
        CASE
            WHEN ol.""ONDC order_status""::text = 'Delivered'::text AND ol.tat_diff_days < 1::double precision AND ol.""Promised time"" < ol.""Updated at"" THEN ol.no_key
            ELSE 0
        END AS ""TAT (Same day)"",
        CASE
            WHEN ol.""ONDC order_status""::text = 'Delivered'::text AND ol.""Category""::text <> 'F&B'::text THEN EXTRACT(day FROM ol.""Updated at"" - ol.""Created at"")
            ELSE NULL::numeric
        END AS ""Non F&B days diff"",
        CASE
            WHEN ol.""Shipped at"" IS NOT NULL THEN ol.no_key
            ELSE 0
        END AS ""Shipped mark"",
    COALESCE(sp.""Statename"", 'Missing'::text) AS ""Seller State"",
    COALESCE(dp.""Statename"", 'Missing'::text) AS ""Delivery State"",
    COALESCE(sp.""Districtname"", 'Missing'::text) AS ""Seller City"",
    COALESCE(dp.""Districtname"", 'Missing'::text) AS ""Delivery City"",
    COALESCE(sp.""Statecode"", 'Missing'::text) AS ""Seller State Code"",
    COALESCE(dp.""Statecode"", 'Missing'::text) AS ""Delivery State Code"",
        CASE
            WHEN bnp.buyer_np::text <> snp.seller_np::text THEN 'Inter NP'::text
            ELSE 'Intra NP'::text
        END AS ""Order type"",
        CASE
            WHEN ol.""ONDC order_status""::text = 'Delivered'::text AND ol.""Updated at"" > ol.""Promised time"" THEN 1
            WHEN ol.""ONDC order_status""::text = 'Cancelled'::text AND ol.""Updated at"" > ol.""Promised time"" THEN 1
            WHEN ol.""ONDC order_status""::text = 'In Process'::text AND CURRENT_DATE > ol.""Promised time""::date THEN 1
            ELSE 0
        END AS ""Breach"",
    cc.attributed_to,
    cc.reason_for_cancellation,
    cc.is_triggers_rto,
    cc.by AS cancelled_by,
    cc.whether_applicable_for_part_cancel,
    cc.sorting,
        CASE
            WHEN ol.""ONDC order_status""::text = 'Cancelled'::text AND cc.attributed_to::text = 'Buyer app'::text THEN ol.no_key
            ELSE 0
        END AS ""Buyer cancel"",
        CASE
            WHEN ol.""ONDC order_status""::text = 'Cancelled'::text AND cc.attributed_to::text = 'Seller app'::text THEN ol.no_key
            ELSE 0
        END AS ""Seller cancel"",
        CASE
            WHEN ol.""ONDC order_status""::text = 'Cancelled'::text AND cc.attributed_to::text = 'Logistics Provider'::text THEN ol.no_key
            ELSE 0
        END AS ""Logistic cancel"",
        CASE
            WHEN ol.""ONDC order_status""::text = 'Cancelled'::text THEN cc.attributed_to
            ELSE NULL::character varying
        END AS ""Cancelled att"",
        CASE
            WHEN ol.""Consolidated_category"" IS NULL OR ol.""Consolidated_category""::text = ''::text THEN 0
            WHEN ol.""Consolidated_category""::text !~~ '%,%'::text THEN 0
            ELSE
            CASE
                WHEN (( SELECT count(DISTINCT TRIM(BOTH FROM value.value)) AS count
                   FROM unnest(string_to_array(ol.""Consolidated_category""::text, ','::text)) value(value)
                  WHERE TRIM(BOTH FROM value.value) <> ''::text)) > 1 THEN 1
                ELSE 0
            END
        END AS multi_category_flag
   FROM analytics_insight.order_level ol
     LEFT JOIN analytics_insight.seller_np snp ON ol.""Seller NP""::text = snp.seller_np::text
     LEFT JOIN analytics_insight.buyer_np bnp ON ol.""Buyer NP""::text = bnp.buyer_np::text
     LEFT JOIN analytics_insight.od_pincode sp ON ol.""Seller Pincode""::text = sp.""Pincode""
     LEFT JOIN analytics_insight.od_pincode dp ON ol.""Delivery Pincode""::text = dp.""Pincode""
     LEFT JOIN analytics_insight.cancellation_code cc ON ol.cancellation_code::text = cc.code::text;"
Date,Calendar date of the order.,"analytics_insight.ordernhm_open_data.""Date""",analytics_insight.ordernhm_open_data,
Seller NP,Name of the seller-side Network Participant (platform through which the seller operates).,"analytics_insight.ordernhm_open_data.""Seller NP""",analytics_insight.ordernhm_open_data,
Buyer NP,Name of the buyer-side Network Participant (platform through which the buyer placed the order).,"analytics_insight.ordernhm_open_data.""Buyer NP""",analytics_insight.ordernhm_open_data,
Network order id,Unique order identifier assigned across the ONDC network.,"analytics_insight.ordernhm_open_data.""Network order id""",analytics_insight.ordernhm_open_data,
provider key,Lowercase composite key (SellerNP_ProviderId) uniquely identifying a seller on a specific Network Participant.,"analytics_insight.ordernhm_open_data.""provider key""",analytics_insight.ordernhm_open_data,
Provider Id,Unique identifier for the seller/provider as registered on the ONDC network.,"analytics_insight.ordernhm_open_data.""Provider Id""",analytics_insight.ordernhm_open_data,
Seller Name,Display name of the seller or store fulfilling the order.,"analytics_insight.ordernhm_open_data.""Seller Name""",analytics_insight.ordernhm_open_data,
Seller Pincode,"Indian postal code of the seller's location, set to null if the value is invalid or masked.","analytics_insight.ordernhm_open_data.""Seller Pincode""",analytics_insight.ordernhm_open_data,
Delivery Pincode,"Indian postal code of the delivery destination, set to null if the value is invalid or masked.","analytics_insight.ordernhm_open_data.""Delivery Pincode""",analytics_insight.ordernhm_open_data,
cancellation_code,ONDC-standard code indicating the reason for order cancellation.,"analytics_insight.ordernhm_open_data.""cancellation_code""",analytics_insight.ordernhm_open_data,
Created at,Timestamp when the order was originally placed on the network.,"analytics_insight.ordernhm_open_data.""Created at""",analytics_insight.ordernhm_open_data,
Updated at,"Timestamp of the most recent order status change (e.g., time of delivery or cancellation).","analytics_insight.ordernhm_open_data.""Updated at""",analytics_insight.ordernhm_open_data,
Shipped at,Timestamp when the order was physically dispatched by the seller.,"analytics_insight.ordernhm_open_data.""Shipped at""",analytics_insight.ordernhm_open_data,
Ready to Ship,Timestamp when the seller marked the order as packed and ready for logistics pickup.,"analytics_insight.ordernhm_open_data.""Ready to Ship""",analytics_insight.ordernhm_open_data,
Promised time,"Seller-committed deadline for order delivery, used as the TAT benchmark.","analytics_insight.ordernhm_open_data.""Promised time""",analytics_insight.ordernhm_open_data,
domain,"ONDC domain the order belongs to (e.g., retail, F&B, logistics).","analytics_insight.ordernhm_open_data.""domain""",analytics_insight.ordernhm_open_data,
on-time-del,Flag (1/0) indicating whether the order was delivered within the promised TAT.,"analytics_insight.ordernhm_open_data.""on-time-del""",analytics_insight.ordernhm_open_data,
tat_dif,"Raw TAT breach indicator; 0 if delivered on time, positive value if the promised TAT was exceeded.","analytics_insight.ordernhm_open_data.""tat_dif""",analytics_insight.ordernhm_open_data,
tat_diff_days,TAT breach duration expressed in calendar days.,"analytics_insight.ordernhm_open_data.""tat_diff_days""",analytics_insight.ordernhm_open_data,
day_diff,Number of calendar days elapsed between order creation and delivery.,"analytics_insight.ordernhm_open_data.""day_diff""",analytics_insight.ordernhm_open_data,
min_diff,Number of minutes elapsed between order creation and delivery.,"analytics_insight.ordernhm_open_data.""min_diff""",analytics_insight.ordernhm_open_data,
tat_time,Actual end-to-end fulfillment duration in minutes for the order.,"analytics_insight.ordernhm_open_data.""tat_time""",analytics_insight.ordernhm_open_data,
Category,"Product category of the order (e.g., F&B, Electronics, Fashion).","analytics_insight.ordernhm_open_data.""Category""",analytics_insight.ordernhm_open_data,
Consolidated_category,Higher-level grouping of product category for simplified reporting.,"analytics_insight.ordernhm_open_data.""Consolidated_category""",analytics_insight.ordernhm_open_data,
ONDC order_status,"Current lifecycle status of the order on the ONDC network (Delivered, Cancelled, In Process, Part Delivered).","analytics_insight.ordernhm_open_data.""ONDC order_status""",analytics_insight.ordernhm_open_data,
no_key,"Numeric unit count per order row (typically 1), used as the base measure for aggregating order volumes.","analytics_insight.ordernhm_open_data.""no_key""",analytics_insight.ordernhm_open_data,
Confirmed,"Count of orders (equals no_key for all rows), representing total confirmed orders in the dataset.","analytics_insight.ordernhm_open_data.""Confirmed""",analytics_insight.ordernhm_open_data,
Delivered,"Count flag equal to no_key if order status is Delivered, else 0, for summing delivered order volumes.","analytics_insight.ordernhm_open_data.""Delivered""",analytics_insight.ordernhm_open_data,
Cancelled,"Count flag equal to no_key if order status is Cancelled, else 0, for summing cancelled order volumes.","analytics_insight.ordernhm_open_data.""Cancelled""",analytics_insight.ordernhm_open_data,
In Process,"Count flag equal to no_key if order status is In Process, else 0.","analytics_insight.ordernhm_open_data.""In Process""",analytics_insight.ordernhm_open_data,
Part Delivered,"Count flag equal to no_key if order status is Part Delivered, else 0.","analytics_insight.ordernhm_open_data.""Part Delivered""",analytics_insight.ordernhm_open_data,
SNP,"Standardized Seller NP name resolved from a reference lookup table, defaulting to 'Others' if unmapped.","analytics_insight.ordernhm_open_data.""SNP""",analytics_insight.ordernhm_open_data,
BNP,"Standardized Buyer NP name resolved from a reference lookup table, defaulting to 'Others' if unmapped.","analytics_insight.ordernhm_open_data.""BNP""",analytics_insight.ordernhm_open_data,
Cancellation code cal,Binary flag (1/0) indicating whether a cancellation code was recorded for the order.,"analytics_insight.ordernhm_open_data.""Cancellation code cal""",analytics_insight.ordernhm_open_data,
Tat breach,"TAT breach value (tat_dif coalesced to 0), where any non-zero value indicates delivery exceeded the promised time.","analytics_insight.ordernhm_open_data.""Tat breach""",analytics_insight.ordernhm_open_data,
Delivered with TAT,Count flag (no_key) for orders delivered within the promised TAT (no breach).,"analytics_insight.ordernhm_open_data.""Delivered with TAT""",analytics_insight.ordernhm_open_data,
Delivered beyond TAT,Count flag (no_key) for orders delivered after the promised TAT (TAT breached).,"analytics_insight.ordernhm_open_data.""Delivered beyond TAT""",analytics_insight.ordernhm_open_data,
DBO,Count flag for orders where actual delivery time was on or before the promised time (Delivered By Obligation).,"analytics_insight.ordernhm_open_data.""DBO""",analytics_insight.ordernhm_open_data,
Breach (mins),"Minutes between actual resolution time and the promised delivery time; negative = early, positive = late; uses current timestamp for in-process orders.","analytics_insight.ordernhm_open_data.""Breach (mins)""",analytics_insight.ordernhm_open_data,
Breach (hrs),Hours between actual resolution time and the promised delivery time; uses current timestamp for in-process orders.,"analytics_insight.ordernhm_open_data.""Breach (hrs)""",analytics_insight.ordernhm_open_data,
Breach (days),Days between actual resolution time and the promised delivery time; uses current timestamp for in-process orders.,"analytics_insight.ordernhm_open_data.""Breach (days)""",analytics_insight.ordernhm_open_data,
Same Day,Count flag for delivered orders fulfilled on the same calendar day as order creation (day_diff = 0).,"analytics_insight.ordernhm_open_data.""Same Day""",analytics_insight.ordernhm_open_data,
Next Day,Count flag for delivered orders fulfilled the calendar day after order creation (day_diff = 1).,"analytics_insight.ordernhm_open_data.""Next Day""",analytics_insight.ordernhm_open_data,
Day + 2,Count flag for delivered orders fulfilled two calendar days after order creation (day_diff = 2).,"analytics_insight.ordernhm_open_data.""Day + 2""",analytics_insight.ordernhm_open_data,
More than 2 Days,Count flag for delivered orders taking more than two calendar days to fulfill (day_diff > 2).,"analytics_insight.ordernhm_open_data.""More than 2 Days""",analytics_insight.ordernhm_open_data,
On time deliveries,"On-time delivery indicator (on-time-del coalesced to 0), used to sum on-time deliveries in aggregations.","analytics_insight.ordernhm_open_data.""On time deliveries""",analytics_insight.ordernhm_open_data,
Average TAT (in mins),"Actual TAT in minutes for delivered orders, used to compute average fulfillment time in aggregations.","analytics_insight.ordernhm_open_data.""Average TAT (in mins)""",analytics_insight.ordernhm_open_data,
Avg Delivery (mins),Actual delivery duration in minutes for delivered orders where time elapsed is positive.,"analytics_insight.ordernhm_open_data.""Avg Delivery (mins)""",analytics_insight.ordernhm_open_data,
F&B mins diff,Total time in minutes from order creation to delivery for F&B category orders.,"analytics_insight.ordernhm_open_data.""F&B mins diff""",analytics_insight.ordernhm_open_data,
Within 15 mins,Count flag for F&B delivered orders fulfilled within 15 minutes.,"analytics_insight.ordernhm_open_data.""Within 15 mins""",analytics_insight.ordernhm_open_data,
15 - 30 mins,Count flag for F&B delivered orders fulfilled between 15 and 30 minutes.,"analytics_insight.ordernhm_open_data.""15 - 30 mins""",analytics_insight.ordernhm_open_data,
30 - 45 mins,Count flag for F&B delivered orders fulfilled between 30 and 45 minutes.,"analytics_insight.ordernhm_open_data.""30 - 45 mins""",analytics_insight.ordernhm_open_data,
45 - 60 mins,Count flag for F&B delivered orders fulfilled between 45 and 60 minutes.,"analytics_insight.ordernhm_open_data.""45 - 60 mins""",analytics_insight.ordernhm_open_data,
60 - 120 mins,Count flag for F&B delivered orders fulfilled between 60 and 120 minutes.,"analytics_insight.ordernhm_open_data.""60 - 120 mins""",analytics_insight.ordernhm_open_data,
Above 120 mins,Count flag for F&B delivered orders taking more than 120 minutes to fulfill.,"analytics_insight.ordernhm_open_data.""Above 120 mins""",analytics_insight.ordernhm_open_data,
TAT < 5 mins,Count flag for delivered orders with actual TAT under 5 minutes.,"analytics_insight.ordernhm_open_data.""TAT < 5 mins""",analytics_insight.ordernhm_open_data,
TAT 5-15 mins,Count flag for delivered orders with actual TAT between 5 and 15 minutes.,"analytics_insight.ordernhm_open_data.""TAT 5-15 mins""",analytics_insight.ordernhm_open_data,
TAT 15-30 mins,Count flag for delivered orders with actual TAT between 15 and 30 minutes.,"analytics_insight.ordernhm_open_data.""TAT 15-30 mins""",analytics_insight.ordernhm_open_data,
TAT 30-60 mins,Count flag for delivered orders with actual TAT between 30 and 60 minutes.,"analytics_insight.ordernhm_open_data.""TAT 30-60 mins""",analytics_insight.ordernhm_open_data,
TAT > 60 mins,Count flag for delivered orders with actual TAT exceeding 60 minutes.,"analytics_insight.ordernhm_open_data.""TAT > 60 mins""",analytics_insight.ordernhm_open_data,
TAT 0-6 hrs,Count flag for delivered orders with actual TAT between 0 and 6 hours.,"analytics_insight.ordernhm_open_data.""TAT 0-6 hrs""",analytics_insight.ordernhm_open_data,
TAT 6-12 hrs,Count flag for delivered orders with actual TAT between 6 and 12 hours.,"analytics_insight.ordernhm_open_data.""TAT 6-12 hrs""",analytics_insight.ordernhm_open_data,
TAT 12-24 hrs,Count flag for delivered orders with actual TAT between 12 and 24 hours.,"analytics_insight.ordernhm_open_data.""TAT 12-24 hrs""",analytics_insight.ordernhm_open_data,
TAT 24-48 hrs,Count flag for delivered orders with actual TAT between 24 and 48 hours.,"analytics_insight.ordernhm_open_data.""TAT 24-48 hrs""",analytics_insight.ordernhm_open_data,
TAT >48 hrs,Count flag for delivered orders with actual TAT exceeding 48 hours.,"analytics_insight.ordernhm_open_data.""TAT >48 hrs""",analytics_insight.ordernhm_open_data,
TAT+1,Count flag for orders delivered exactly 1 day beyond the promised TAT.,"analytics_insight.ordernhm_open_data.""TAT+1""",analytics_insight.ordernhm_open_data,
TAT + 2,Count flag for orders delivered exactly 2 days beyond the promised TAT.,"analytics_insight.ordernhm_open_data.""TAT + 2""",analytics_insight.ordernhm_open_data,
TAT + 3,Count flag for orders delivered exactly 3 days beyond the promised TAT.,"analytics_insight.ordernhm_open_data.""TAT + 3""",analytics_insight.ordernhm_open_data,
TAT + 4,Count flag for orders delivered exactly 4 days beyond the promised TAT.,"analytics_insight.ordernhm_open_data.""TAT + 4""",analytics_insight.ordernhm_open_data,
TAT > 4,Count flag for orders delivered more than 4 days beyond the promised TAT.,"analytics_insight.ordernhm_open_data.""TAT > 4""",analytics_insight.ordernhm_open_data,
TAT (Same day),Count flag for delivered orders where TAT was fulfilled within the same calendar day.,"analytics_insight.ordernhm_open_data.""TAT (Same day)""",analytics_insight.ordernhm_open_data,
Non F&B days diff,Delivery duration in days for non-F&B category delivered orders.,"analytics_insight.ordernhm_open_data.""Non F&B days diff""",analytics_insight.ordernhm_open_data,
Shipped mark,Binary flag (1/0) indicating whether a shipment timestamp was recorded for the order.,"analytics_insight.ordernhm_open_data.""Shipped mark""",analytics_insight.ordernhm_open_data,
Seller State,Indian state where the seller or store is located.,"analytics_insight.ordernhm_open_data.""Seller State""",analytics_insight.ordernhm_open_data,
Delivery State,Indian state where the order was delivered.,"analytics_insight.ordernhm_open_data.""Delivery State""",analytics_insight.ordernhm_open_data,
Seller City,City where the seller or store is located.,"analytics_insight.ordernhm_open_data.""Seller City""",analytics_insight.ordernhm_open_data,
Delivery City,City where the order was delivered.,"analytics_insight.ordernhm_open_data.""Delivery City""",analytics_insight.ordernhm_open_data,
Seller State Code,Standard state code for the seller's location.,"analytics_insight.ordernhm_open_data.""Seller State Code""",analytics_insight.ordernhm_open_data,
Delivery State Code,Standard state code for the delivery destination.,"analytics_insight.ordernhm_open_data.""Delivery State Code""",analytics_insight.ordernhm_open_data,
Order type,"Classification of the order by geography or routing type (e.g., intra-city, inter-city, hyperlocal).","analytics_insight.ordernhm_open_data.""Order type""",analytics_insight.ordernhm_open_data,
Breach,Binary flag (1/0) indicating whether the order's promised TAT was breached.,"analytics_insight.ordernhm_open_data.""Breach""",analytics_insight.ordernhm_open_data,
attributed_to,"Party to whom responsibility for a cancellation or issue is attributed (e.g., buyer, seller, LSP).","analytics_insight.ordernhm_open_data.""attributed_to""",analytics_insight.ordernhm_open_data,
reason_for_cancellation,Human-readable description of why the order was cancelled.,"analytics_insight.ordernhm_open_data.""reason_for_cancellation""",analytics_insight.ordernhm_open_data,
is_triggers_rto,Flag indicating whether the cancellation event triggers a Return To Origin (RTO) shipment back to the seller.,"analytics_insight.ordernhm_open_data.""is_triggers_rto""",analytics_insight.ordernhm_open_data,
cancelled_by,"Entity that initiated the order cancellation (buyer, seller, or LSP).","analytics_insight.ordernhm_open_data.""cancelled_by""",analytics_insight.ordernhm_open_data,
whether_applicable_for_part_cancel,Flag indicating whether the order is eligible for partial cancellation.,"analytics_insight.ordernhm_open_data.""whether_applicable_for_part_cancel""",analytics_insight.ordernhm_open_data,
sorting,Sorting or sequencing attribute used for operational routing or display ordering.,"analytics_insight.ordernhm_open_data.""sorting""",analytics_insight.ordernhm_open_data,
Buyer cancel,Count flag (1/0) for orders cancelled by the buyer.,"analytics_insight.ordernhm_open_data.""Buyer cancel""",analytics_insight.ordernhm_open_data,
Seller cancel,Count flag (1/0) for orders cancelled by the seller.,"analytics_insight.ordernhm_open_data.""Seller cancel""",analytics_insight.ordernhm_open_data,
Logistic cancel,Count flag (1/0) for orders cancelled by the logistics service provider (LSP).,"analytics_insight.ordernhm_open_data.""Logistic cancel""",analytics_insight.ordernhm_open_data,
Cancelled att,"Attribution label identifying the party responsible for the cancellation (buyer, seller, or logistics).","analytics_insight.ordernhm_open_data.""Cancelled att""",analytics_insight.ordernhm_open_data,
multi_category_flag,Binary flag (1/0) indicating the order spans multiple product categories.,"analytics_insight.ordernhm_open_data.""multi_category_flag""",analytics_insight.ordernhm_open_data,
"▼ ordernhm_v2   (view, 94 cols)",,,analytics_insight.ordernhm_v2,"SELECT ol.""Date"",
    ol.""Seller NP"",
    ol.""Buyer NP"",
    ol.""Network order id"",
    lower((ol.""Seller NP""::text || '_'::text) || ol.""Provider Id""::text) AS ""provider key"",
    ol.""Provider Id"",
    ol.""Seller Name"",
    ol.""Seller Pincode"",
    ol.""Delivery Pincode"",
    ol.cancellation_code,
    ol.""Created at"",
    ol.""Updated at"",
    ol.""Shipped at"",
    ol.""Ready to Ship"",
    ol.""Promised time"",
    ol.domain,
    ol.""on-time-del"",
    ol.tat_dif,
    ol.tat_diff_days,
    ol.day_diff,
    ol.min_diff,
    ol.tat_time,
    ol.""Category"",
    ol.""Consolidated_category"",
    ol.""ONDC order_status"",
    ol.no_key,
    ol.no_key AS ""Confirmed"",
        CASE
            WHEN ol.""ONDC order_status""::text = 'Delivered'::text THEN ol.no_key
            ELSE 0
        END AS ""Delivered"",
        CASE
            WHEN ol.""ONDC order_status""::text = 'Cancelled'::text THEN ol.no_key
            ELSE 0
        END AS ""Cancelled"",
        CASE
            WHEN ol.""ONDC order_status""::text = 'In Process'::text THEN ol.no_key
            ELSE 0
        END AS ""In Process"",
        CASE
            WHEN ol.""ONDC order_status""::text = 'Part Delivered'::text THEN ol.no_key
            ELSE 0
        END AS ""Part Delivered"",
    COALESCE(snp.seller_np, 'Others'::character varying) AS ""SNP"",
    COALESCE(bnp.buyer_np, 'Others'::character varying) AS ""BNP"",
        CASE
            WHEN ol.cancellation_code IS NOT NULL THEN 1
            ELSE 0
        END AS ""Cancellation code cal"",
    COALESCE(ol.tat_dif, 0::double precision) AS ""Tat breach"",
        CASE
            WHEN ol.""ONDC order_status""::text = 'Delivered'::text AND COALESCE(ol.tat_dif, 0::double precision) = 0::double precision THEN ol.no_key
            ELSE 0
        END AS ""Delivered with TAT"",
        CASE
            WHEN ol.""ONDC order_status""::text = 'Delivered'::text AND COALESCE(ol.tat_dif, 0::double precision) > 0::double precision THEN ol.no_key
            ELSE 0
        END AS ""Delivered beyond TAT"",
        CASE
            WHEN ol.""ONDC order_status""::text = 'Delivered'::text AND ol.""Updated at"" IS NOT NULL AND ol.""Updated at"" <= ol.""Promised time"" THEN ol.no_key
            ELSE 0
        END AS ""DBO"",
        CASE
            WHEN ol.""ONDC order_status""::text = ANY (ARRAY['Delivered'::character varying::text, 'Cancelled'::character varying::text]) THEN EXTRACT(epoch FROM ol.""Updated at"" - ol.""Promised time"") / 60.0
            WHEN ol.""ONDC order_status""::text = 'In Process'::text THEN EXTRACT(epoch FROM CURRENT_TIMESTAMP - ol.""Promised time""::timestamp with time zone) / 60.0
            ELSE NULL::numeric
        END AS ""Breach (mins)"",
        CASE
            WHEN ol.""ONDC order_status""::text = ANY (ARRAY['Delivered'::character varying::text, 'Cancelled'::character varying::text]) THEN EXTRACT(epoch FROM ol.""Updated at"" - ol.""Promised time"") / 3600.0
            WHEN ol.""ONDC order_status""::text = 'In Process'::text THEN EXTRACT(epoch FROM CURRENT_TIMESTAMP - ol.""Promised time""::timestamp with time zone) / 3600.0
            ELSE NULL::numeric
        END AS ""Breach (hrs)"",
        CASE
            WHEN ol.""ONDC order_status""::text = ANY (ARRAY['Delivered'::character varying::text, 'Cancelled'::character varying::text]) THEN EXTRACT(epoch FROM ol.""Updated at"" - ol.""Promised time"") / 86400.0
            WHEN ol.""ONDC order_status""::text = 'In Process'::text THEN EXTRACT(epoch FROM CURRENT_TIMESTAMP - ol.""Promised time""::timestamp with time zone) / 86400.0
            ELSE NULL::numeric
        END AS ""Breach (days)"",
        CASE
            WHEN ol.""ONDC order_status""::text = 'Delivered'::text AND ol.day_diff = 0::double precision THEN ol.no_key
            ELSE 0
        END AS ""Same Day"",
        CASE
            WHEN ol.""ONDC order_status""::text = 'Delivered'::text AND ol.day_diff = 1::double precision THEN 1
            ELSE 0
        END AS ""Next Day"",
        CASE
            WHEN ol.""ONDC order_status""::text = 'Delivered'::text AND ol.day_diff = 2::double precision THEN 1
            ELSE 0
        END AS ""Day + 2"",
        CASE
            WHEN ol.""ONDC order_status""::text = 'Delivered'::text AND ol.day_diff > 2::double precision THEN 1
            ELSE 0
        END AS ""More than 2 Days"",
    COALESCE(ol.""on-time-del"", 0::double precision) AS ""On time deliveries"",
        CASE
            WHEN ol.""ONDC order_status""::text = 'Delivered'::text THEN ol.tat_time
            ELSE NULL::double precision
        END AS ""Average TAT (in mins)"",
        CASE
            WHEN ol.""ONDC order_status""::text = 'Delivered'::text AND ol.min_diff > 0::double precision THEN ol.min_diff
            ELSE NULL::double precision
        END AS ""Avg Delivery (mins)"",
        CASE
            WHEN ol.""ONDC order_status""::text = 'Delivered'::text AND ol.""Category""::text = 'F&B'::text THEN EXTRACT(epoch FROM ol.""Updated at"" - ol.""Created at"") / 60.0
            ELSE NULL::numeric
        END AS ""F&B mins diff"",
        CASE
            WHEN ol.""ONDC order_status""::text = 'Delivered'::text AND ol.""Category""::text = 'F&B'::text AND ol.min_diff <= 15::double precision THEN ol.no_key
            ELSE 0
        END AS ""Within 15 mins"",
        CASE
            WHEN ol.""ONDC order_status""::text = 'Delivered'::text AND ol.""Category""::text = 'F&B'::text AND ol.min_diff > 15::double precision AND ol.min_diff <= 30::double precision THEN ol.no_key
            ELSE 0
        END AS ""15 - 30 mins"",
        CASE
            WHEN ol.""ONDC order_status""::text = 'Delivered'::text AND ol.""Category""::text = 'F&B'::text AND ol.min_diff > 30::double precision AND ol.min_diff <= 45::double precision THEN ol.no_key
            ELSE 0
        END AS ""30 - 45 mins"",
        CASE
            WHEN ol.""ONDC order_status""::text = 'Delivered'::text AND ol.""Category""::text = 'F&B'::text AND ol.min_diff > 45::double precision AND ol.min_diff <= 60::double precision THEN ol.no_key
            ELSE 0
        END AS ""45 - 60 mins"",
        CASE
            WHEN ol.""ONDC order_status""::text = 'Delivered'::text AND ol.""Category""::text = 'F&B'::text AND ol.min_diff > 60::double precision AND ol.min_diff <= 120::double precision THEN 1
            ELSE 0
        END AS ""60 - 120 mins"",
        CASE
            WHEN ol.""ONDC order_status""::text = 'Delivered'::text AND ol.""Category""::text = 'F&B'::text AND ol.min_diff > 120::double precision THEN 1
            ELSE 0
        END AS ""Above 120 mins"",
        CASE
            WHEN ol.""ONDC order_status""::text = 'Delivered'::text AND ol.tat_dif > 0::double precision AND ol.tat_dif <= 300::double precision THEN ol.no_key
            ELSE 0
        END AS ""TAT < 5 mins"",
        CASE
            WHEN ol.""ONDC order_status""::text = 'Delivered'::text AND ol.tat_dif > 300::double precision AND ol.tat_dif <= 900::double precision THEN ol.no_key
            ELSE 0
        END AS ""TAT 5-15 mins"",
        CASE
            WHEN ol.""ONDC order_status""::text = 'Delivered'::text AND ol.tat_dif > 900::double precision AND ol.tat_dif <= 1800::double precision THEN ol.no_key
            ELSE 0
        END AS ""TAT 15-30 mins"",
        CASE
            WHEN ol.""ONDC order_status""::text = 'Delivered'::text AND ol.tat_dif > 1800::double precision AND ol.tat_dif <= 3600::double precision THEN ol.no_key
            ELSE 0
        END AS ""TAT 30-60 mins"",
        CASE
            WHEN ol.""ONDC order_status""::text = 'Delivered'::text AND ol.tat_dif > 3600::double precision THEN ol.no_key
            ELSE 0
        END AS ""TAT > 60 mins"",
        CASE
            WHEN ol.""ONDC order_status""::text = 'Delivered'::text AND ol.tat_dif > 0::double precision AND ol.tat_dif <= 21600::double precision THEN ol.no_key
            ELSE 0
        END AS ""TAT 0-6 hrs"",
        CASE
            WHEN ol.""ONDC order_status""::text = 'Delivered'::text AND ol.tat_dif > 21600::double precision AND ol.tat_dif <= 43200::double precision THEN ol.no_key
            ELSE 0
        END AS ""TAT 6-12 hrs"",
        CASE
            WHEN ol.""ONDC order_status""::text = 'Delivered'::text AND ol.tat_dif > 43200::double precision AND ol.tat_dif <= 86400::double precision THEN ol.no_key
            ELSE 0
        END AS ""TAT 12-24 hrs"",
        CASE
            WHEN ol.""ONDC order_status""::text = 'Delivered'::text AND ol.tat_dif > 86400::double precision AND ol.tat_dif <= 172800::double precision THEN ol.no_key
            ELSE 0
        END AS ""TAT 24-48 hrs"",
        CASE
            WHEN ol.""ONDC order_status""::text = 'Delivered'::text AND ol.tat_dif > 172800::double precision THEN ol.no_key
            ELSE 0
        END AS ""TAT >48 hrs"",
        CASE
            WHEN ol.""ONDC order_status""::text = 'Delivered'::text AND ol.tat_diff_days = 1::double precision THEN ol.no_key
            ELSE 0
        END AS ""TAT+1"",
        CASE
            WHEN ol.""ONDC order_status""::text = 'Delivered'::text AND ol.tat_diff_days = 2::double precision THEN ol.no_key
            ELSE 0
        END AS ""TAT + 2"",
        CASE
            WHEN ol.""ONDC order_status""::text = 'Delivered'::text AND ol.tat_diff_days = 3::double precision THEN ol.no_key
            ELSE 0
        END AS ""TAT + 3"",
        CASE
            WHEN ol.""ONDC order_status""::text = 'Delivered'::text AND ol.tat_diff_days = 4::double precision THEN ol.no_key
            ELSE 0
        END AS ""TAT + 4"",
        CASE
            WHEN ol.""ONDC order_status""::text = 'Delivered'::text AND ol.tat_diff_days > 4::double precision THEN ol.no_key
            ELSE 0
        END AS ""TAT > 4"",
        CASE
            WHEN ol.""ONDC order_status""::text = 'Delivered'::text AND ol.tat_diff_days < 1::double precision AND ol.""Promised time"" < ol.""Updated at"" THEN ol.no_key
            ELSE 0
        END AS ""TAT (Same day)"",
        CASE
            WHEN ol.""ONDC order_status""::text = 'Delivered'::text AND ol.""Category""::text <> 'F&B'::text THEN EXTRACT(day FROM ol.""Updated at"" - ol.""Created at"")
            ELSE NULL::numeric
        END AS ""Non F&B days diff"",
        CASE
            WHEN ol.""Shipped at"" IS NOT NULL THEN ol.no_key
            ELSE 0
        END AS ""Shipped mark"",
    sp.statename AS ""Seller State"",
    dp.statename AS ""Delivery State"",
    COALESCE(sp.districtname, 'Undefined'::character varying) AS ""Seller City"",
    COALESCE(dp.districtname, 'Undefined'::character varying) AS ""Delivery City"",
    COALESCE(sp.tier, 'Undefined'::character varying) AS ""Seller Tier"",
    COALESCE(dp.tier, 'Undefined'::character varying) AS ""Delivery Tier"",
    COALESCE(sp.zones, 'Undefined'::character varying) AS ""Seller Zone"",
    COALESCE(dp.zones, 'Undefined'::character varying) AS ""Delivery Zone"",
        CASE
            WHEN ol.""Category""::text = 'F&B'::text THEN 'Hyperlocal'::text
            WHEN COALESCE(dp.districtname, 'Undefined'::character varying)::text = 'Undefined'::text THEN 'Undefined'::text
            WHEN COALESCE(sp.districtname, 'Undefined'::character varying)::text = 'Undefined'::text THEN 'Undefined'::text
            WHEN dp.districtname::text <> sp.districtname::text THEN 'Intercity'::text
            ELSE 'Hyperlocal'::text
        END AS ""Delivery Type"",
        CASE
            WHEN bnp.buyer_np::text <> snp.seller_np::text THEN 'Inter NP'::text
            ELSE 'Intra NP'::text
        END AS ""Order type"",
        CASE
            WHEN ol.""ONDC order_status""::text = 'Delivered'::text AND ol.""Updated at"" > ol.""Promised time"" THEN 1
            WHEN ol.""ONDC order_status""::text = 'Cancelled'::text AND ol.""Updated at"" > ol.""Promised time"" THEN 1
            WHEN ol.""ONDC order_status""::text = 'In Process'::text AND CURRENT_DATE > ol.""Promised time""::date THEN 1
            ELSE 0
        END AS ""Breach"",
    cc.attributed_to,
    cc.reason_for_cancellation,
    cc.is_triggers_rto,
    cc.by AS cancelled_by,
    cc.whether_applicable_for_part_cancel,
    cc.sorting,
        CASE
            WHEN ol.""ONDC order_status""::text = 'Cancelled'::text AND cc.attributed_to::text = 'Buyer app'::text THEN ol.no_key
            ELSE 0
        END AS ""Buyer cancel"",
        CASE
            WHEN ol.""ONDC order_status""::text = 'Cancelled'::text AND cc.attributed_to::text = 'Seller app'::text THEN ol.no_key
            ELSE 0
        END AS ""Seller cancel"",
        CASE
            WHEN ol.""ONDC order_status""::text = 'Cancelled'::text AND cc.attributed_to::text = 'Logistics Provider'::text THEN ol.no_key
            ELSE 0
        END AS ""Logistic cancel"",
        CASE
            WHEN ol.""ONDC order_status""::text = 'Cancelled'::text THEN cc.attributed_to
            ELSE NULL::character varying
        END AS ""Cancelled att""
   FROM analytics_insight.order_level ol
     LEFT JOIN analytics_insight.seller_np snp ON ol.""Seller NP""::text = snp.seller_np::text
     LEFT JOIN analytics_insight.buyer_np bnp ON ol.""Buyer NP""::text = bnp.buyer_np::text
     LEFT JOIN analytics_insight.pincode sp ON ol.""Seller Pincode""::text = sp.pincode::text
     LEFT JOIN analytics_insight.pincode dp ON ol.""Delivery Pincode""::text = dp.pincode::text
     LEFT JOIN analytics_insight.cancellation_code cc ON ol.cancellation_code::text = cc.code::text;"
Date,"Calendar date of the order, used as the primary time dimension for reporting.","analytics_insight.ordernhm_v2.""Date""",analytics_insight.ordernhm_v2,
Seller NP,Name of the seller-side Network Participant (the platform through which the seller listed the product).,"analytics_insight.ordernhm_v2.""Seller NP""",analytics_insight.ordernhm_v2,
Buyer NP,Name of the buyer-side Network Participant (the platform through which the buyer placed the order).,"analytics_insight.ordernhm_v2.""Buyer NP""",analytics_insight.ordernhm_v2,
Network order id,Unique identifier for the order shared across all participants on the ONDC network.,"analytics_insight.ordernhm_v2.""Network order id""",analytics_insight.ordernhm_v2,
provider key,"Surrogate key combining Seller NP and Provider Id (lowercased, underscore-joined) to uniquely identify a seller on a given platform.","analytics_insight.ordernhm_v2.""provider key""",analytics_insight.ordernhm_v2,
Provider Id,Unique identifier assigned to the seller or store by the ONDC network.,"analytics_insight.ordernhm_v2.""Provider Id""",analytics_insight.ordernhm_v2,
Seller Name,Display name of the seller or store fulfilling the order.,"analytics_insight.ordernhm_v2.""Seller Name""",analytics_insight.ordernhm_v2,
Seller Pincode,Indian postal code of the seller's pickup or warehouse location.,"analytics_insight.ordernhm_v2.""Seller Pincode""",analytics_insight.ordernhm_v2,
Delivery Pincode,Indian postal code of the buyer's delivery destination.,"analytics_insight.ordernhm_v2.""Delivery Pincode""",analytics_insight.ordernhm_v2,
cancellation_code,ONDC-standardised code identifying the reason category for order cancellation.,"analytics_insight.ordernhm_v2.""cancellation_code""",analytics_insight.ordernhm_v2,
Created at,Timestamp when the order was first placed and confirmed on the network.,"analytics_insight.ordernhm_v2.""Created at""",analytics_insight.ordernhm_v2,
Updated at,"Timestamp of the most recent order status change, typically the delivery or cancellation event.","analytics_insight.ordernhm_v2.""Updated at""",analytics_insight.ordernhm_v2,
Shipped at,Timestamp when the order was dispatched and handed over to logistics.,"analytics_insight.ordernhm_v2.""Shipped at""",analytics_insight.ordernhm_v2,
Ready to Ship,Timestamp when the seller marked the order as packed and ready for logistics pickup.,"analytics_insight.ordernhm_v2.""Ready to Ship""",analytics_insight.ordernhm_v2,
Promised time,Committed deadline by which the order was contractually expected to be delivered (TAT end timestamp).,"analytics_insight.ordernhm_v2.""Promised time""",analytics_insight.ordernhm_v2,
domain,"ONDC commerce vertical the order belongs to (e.g., retail, F&B, mobility).","analytics_insight.ordernhm_v2.""domain""",analytics_insight.ordernhm_v2,
on-time-del,"Binary flag (1 = on time, 0 = late) indicating whether the order was delivered within the promised TAT.","analytics_insight.ordernhm_v2.""on-time-del""",analytics_insight.ordernhm_v2,
tat_dif,"TAT breach indicator from the base table; positive value means actual delivery exceeded promised time, zero or negative means on-time or early.","analytics_insight.ordernhm_v2.""tat_dif""",analytics_insight.ordernhm_v2,
tat_diff_days,TAT breach from the base table expressed in calendar days; positive = days overdue.,"analytics_insight.ordernhm_v2.""tat_diff_days""",analytics_insight.ordernhm_v2,
day_diff,Number of calendar days elapsed between order creation and delivery.,"analytics_insight.ordernhm_v2.""day_diff""",analytics_insight.ordernhm_v2,
min_diff,Actual end-to-end delivery duration in minutes from order creation to delivery.,"analytics_insight.ordernhm_v2.""min_diff""",analytics_insight.ordernhm_v2,
tat_time,"Actual TAT in minutes from order readiness to final delivery, used to compute average fulfilment speed.","analytics_insight.ordernhm_v2.""tat_time""",analytics_insight.ordernhm_v2,
Category,"Product category of the order as defined on the ONDC network (e.g., F&B, Electronics, Fashion).","analytics_insight.ordernhm_v2.""Category""",analytics_insight.ordernhm_v2,
Consolidated_category,Broader aggregated category grouping multiple sub-categories for simplified reporting.,"analytics_insight.ordernhm_v2.""Consolidated_category""",analytics_insight.ordernhm_v2,
ONDC order_status,"Current lifecycle status of the order (e.g., Confirmed, In Process, Delivered, Cancelled, Part Delivered).","analytics_insight.ordernhm_v2.""ONDC order_status""",analytics_insight.ordernhm_v2,
no_key,Row-level count unit (1 per order row) used as the base additive measure for all order counts.,"analytics_insight.ordernhm_v2.""no_key""",analytics_insight.ordernhm_v2,
Confirmed,Count of confirmed orders; equals no_key because every row in this view represents a confirmed order.,"analytics_insight.ordernhm_v2.""Confirmed""",analytics_insight.ordernhm_v2,
Delivered,"Count flag set to no_key if order status is Delivered, else 0.","analytics_insight.ordernhm_v2.""Delivered""",analytics_insight.ordernhm_v2,
Cancelled,"Count flag set to no_key if order status is Cancelled, else 0.","analytics_insight.ordernhm_v2.""Cancelled""",analytics_insight.ordernhm_v2,
In Process,"Count flag set to no_key if order is actively in transit/processing, else 0.","analytics_insight.ordernhm_v2.""In Process""",analytics_insight.ordernhm_v2,
Part Delivered,"Count flag set to no_key if order status is Part Delivered (only a subset of items fulfilled), else 0.","analytics_insight.ordernhm_v2.""Part Delivered""",analytics_insight.ordernhm_v2,
SNP,Normalised Seller Network Participant name from a reference mapping table; defaults to 'Others' for unmapped NPs.,"analytics_insight.ordernhm_v2.""SNP""",analytics_insight.ordernhm_v2,
BNP,Normalised Buyer Network Participant name from a reference mapping table; defaults to 'Others' for unmapped NPs.,"analytics_insight.ordernhm_v2.""BNP""",analytics_insight.ordernhm_v2,
Cancellation code cal,"Binary flag (1 = cancellation code present, 0 = absent) indicating whether an ONDC cancellation reason code was captured.","analytics_insight.ordernhm_v2.""Cancellation code cal""",analytics_insight.ordernhm_v2,
Tat breach,TAT breach value with nulls coalesced to 0; positive value means the order was delivered late by that margin.,"analytics_insight.ordernhm_v2.""Tat breach""",analytics_insight.ordernhm_v2,
Delivered with TAT,"Count of delivered orders fulfilled within the promised TAT (no breach, tat_dif = 0).","analytics_insight.ordernhm_v2.""Delivered with TAT""",analytics_insight.ordernhm_v2,
Delivered beyond TAT,"Count of delivered orders fulfilled after the promised TAT (breach occurred, tat_dif > 0).","analytics_insight.ordernhm_v2.""Delivered beyond TAT""",analytics_insight.ordernhm_v2,
DBO,Count of delivered orders where the actual delivery timestamp was at or before the promised time (Delivered Before or On-time by raw timestamp comparison).,"analytics_insight.ordernhm_v2.""DBO""",analytics_insight.ordernhm_v2,
Breach (mins),"Signed difference in minutes between actual completion time and promised time; positive = late, negative = early; for In Process orders uses current time.","analytics_insight.ordernhm_v2.""Breach (mins)""",analytics_insight.ordernhm_v2,
Breach (hrs),"Same TAT breach duration expressed in hours; positive = late, negative = early.","analytics_insight.ordernhm_v2.""Breach (hrs)""",analytics_insight.ordernhm_v2,
Breach (days),"Same TAT breach duration expressed in calendar days; positive = late, negative = early.","analytics_insight.ordernhm_v2.""Breach (days)""",analytics_insight.ordernhm_v2,
Same Day,Count of delivered orders where delivery occurred on the same calendar day as order creation (day_diff = 0).,"analytics_insight.ordernhm_v2.""Same Day""",analytics_insight.ordernhm_v2,
Next Day,Count of delivered orders where delivery occurred exactly one calendar day after order creation.,"analytics_insight.ordernhm_v2.""Next Day""",analytics_insight.ordernhm_v2,
Day + 2,Count of delivered orders where delivery occurred exactly two calendar days after order creation.,"analytics_insight.ordernhm_v2.""Day + 2""",analytics_insight.ordernhm_v2,
More than 2 Days,Count of delivered orders where delivery took more than two calendar days from order creation.,"analytics_insight.ordernhm_v2.""More than 2 Days""",analytics_insight.ordernhm_v2,
On time deliveries,"On-time delivery flag coalesced from on-time-del (0 if null), used for aggregating on-time performance metrics.","analytics_insight.ordernhm_v2.""On time deliveries""",analytics_insight.ordernhm_v2,
Average TAT (in mins),"Actual TAT in minutes for delivered orders only (null for non-delivered), used to compute average fulfilment speed.","analytics_insight.ordernhm_v2.""Average TAT (in mins)""",analytics_insight.ordernhm_v2,
Avg Delivery (mins),Actual end-to-end delivery duration in minutes for delivered orders with a valid positive delivery time.,"analytics_insight.ordernhm_v2.""Avg Delivery (mins)""",analytics_insight.ordernhm_v2,
F&B mins diff,"Total time in minutes from order creation to delivery for F&B delivered orders, reflecting full hyperlocal fulfilment duration.","analytics_insight.ordernhm_v2.""F&B mins diff""",analytics_insight.ordernhm_v2,
Within 15 mins,Count of F&B delivered orders fulfilled within 15 minutes of order creation.,"analytics_insight.ordernhm_v2.""Within 15 mins""",analytics_insight.ordernhm_v2,
15 - 30 mins,Count of F&B delivered orders fulfilled between 15 and 30 minutes of order creation.,"analytics_insight.ordernhm_v2.""15 - 30 mins""",analytics_insight.ordernhm_v2,
30 - 45 mins,Count of F&B delivered orders fulfilled between 30 and 45 minutes of order creation.,"analytics_insight.ordernhm_v2.""30 - 45 mins""",analytics_insight.ordernhm_v2,
45 - 60 mins,Count of F&B delivered orders fulfilled between 45 and 60 minutes of order creation.,"analytics_insight.ordernhm_v2.""45 - 60 mins""",analytics_insight.ordernhm_v2,
60 - 120 mins,Count of F&B delivered orders fulfilled between 60 and 120 minutes of order creation.,"analytics_insight.ordernhm_v2.""60 - 120 mins""",analytics_insight.ordernhm_v2,
Above 120 mins,Count of F&B delivered orders that took more than 120 minutes from creation to delivery.,"analytics_insight.ordernhm_v2.""Above 120 mins""",analytics_insight.ordernhm_v2,
TAT < 5 mins,Count of orders with an actual TAT under 5 minutes (typically instant or hyperlocal deliveries).,"analytics_insight.ordernhm_v2.""TAT < 5 mins""",analytics_insight.ordernhm_v2,
TAT 5-15 mins,Count of orders with an actual TAT between 5 and 15 minutes.,"analytics_insight.ordernhm_v2.""TAT 5-15 mins""",analytics_insight.ordernhm_v2,
TAT 15-30 mins,Count of orders with an actual TAT between 15 and 30 minutes.,"analytics_insight.ordernhm_v2.""TAT 15-30 mins""",analytics_insight.ordernhm_v2,
TAT 30-60 mins,Count of orders with an actual TAT between 30 and 60 minutes.,"analytics_insight.ordernhm_v2.""TAT 30-60 mins""",analytics_insight.ordernhm_v2,
TAT > 60 mins,Count of orders with an actual TAT exceeding 60 minutes.,"analytics_insight.ordernhm_v2.""TAT > 60 mins""",analytics_insight.ordernhm_v2,
TAT 0-6 hrs,Count of orders with an actual TAT between 0 and 6 hours.,"analytics_insight.ordernhm_v2.""TAT 0-6 hrs""",analytics_insight.ordernhm_v2,
TAT 6-12 hrs,Count of orders with an actual TAT between 6 and 12 hours.,"analytics_insight.ordernhm_v2.""TAT 6-12 hrs""",analytics_insight.ordernhm_v2,
TAT 12-24 hrs,Count of orders with an actual TAT between 12 and 24 hours.,"analytics_insight.ordernhm_v2.""TAT 12-24 hrs""",analytics_insight.ordernhm_v2,
TAT 24-48 hrs,Count of orders with an actual TAT between 24 and 48 hours.,"analytics_insight.ordernhm_v2.""TAT 24-48 hrs""",analytics_insight.ordernhm_v2,
TAT >48 hrs,Count of orders with an actual TAT exceeding 48 hours.,"analytics_insight.ordernhm_v2.""TAT >48 hrs""",analytics_insight.ordernhm_v2,
TAT+1,Count of orders delivered exactly 1 day beyond the promised TAT deadline.,"analytics_insight.ordernhm_v2.""TAT+1""",analytics_insight.ordernhm_v2,
TAT + 2,Count of orders delivered exactly 2 days beyond the promised TAT deadline.,"analytics_insight.ordernhm_v2.""TAT + 2""",analytics_insight.ordernhm_v2,
TAT + 3,Count of orders delivered exactly 3 days beyond the promised TAT deadline.,"analytics_insight.ordernhm_v2.""TAT + 3""",analytics_insight.ordernhm_v2,
TAT + 4,Count of orders delivered exactly 4 days beyond the promised TAT deadline.,"analytics_insight.ordernhm_v2.""TAT + 4""",analytics_insight.ordernhm_v2,
TAT > 4,Count of orders delivered more than 4 days beyond the promised TAT deadline.,"analytics_insight.ordernhm_v2.""TAT > 4""",analytics_insight.ordernhm_v2,
TAT (Same day),Count of orders where the promised TAT deadline and actual delivery both fall on the same calendar day.,"analytics_insight.ordernhm_v2.""TAT (Same day)""",analytics_insight.ordernhm_v2,
Non F&B days diff,Calendar day difference from order creation to delivery for non-F&B delivered orders.,"analytics_insight.ordernhm_v2.""Non F&B days diff""",analytics_insight.ordernhm_v2,
Shipped mark,Binary flag (1/0) indicating whether the order was marked as shipped or dispatched by the seller.,"analytics_insight.ordernhm_v2.""Shipped mark""",analytics_insight.ordernhm_v2,
Seller State,"Indian state of the seller's location, derived from seller pincode.","analytics_insight.ordernhm_v2.""Seller State""",analytics_insight.ordernhm_v2,
Delivery State,"Indian state of the buyer's delivery address, derived from delivery pincode.","analytics_insight.ordernhm_v2.""Delivery State""",analytics_insight.ordernhm_v2,
Seller City,City of the seller's location.,"analytics_insight.ordernhm_v2.""Seller City""",analytics_insight.ordernhm_v2,
Delivery City,City of the buyer's delivery address.,"analytics_insight.ordernhm_v2.""Delivery City""",analytics_insight.ordernhm_v2,
Seller Tier,"Urbanisation tier of the seller's city (e.g., Tier 1, Tier 2, Tier 3) based on city size.","analytics_insight.ordernhm_v2.""Seller Tier""",analytics_insight.ordernhm_v2,
Delivery Tier,"Urbanisation tier of the delivery destination city (e.g., Tier 1, Tier 2, Tier 3).","analytics_insight.ordernhm_v2.""Delivery Tier""",analytics_insight.ordernhm_v2,
Seller Zone,"Geographic zone of the seller's location (e.g., North, South, East, West).","analytics_insight.ordernhm_v2.""Seller Zone""",analytics_insight.ordernhm_v2,
Delivery Zone,"Geographic zone of the buyer's delivery destination (e.g., North, South, East, West).","analytics_insight.ordernhm_v2.""Delivery Zone""",analytics_insight.ordernhm_v2,
Delivery Type,"Classification of delivery scope based on origin-destination distance (e.g., hyperlocal, intra-city, inter-city).","analytics_insight.ordernhm_v2.""Delivery Type""",analytics_insight.ordernhm_v2,
Order type,"Classification of the order by fulfilment or payment type (e.g., prepaid, COD, B2B, B2C).","analytics_insight.ordernhm_v2.""Order type""",analytics_insight.ordernhm_v2,
Breach,"Binary flag (1 = TAT breached, 0 = on time) indicating whether the order exceeded its promised delivery deadline.","analytics_insight.ordernhm_v2.""Breach""",analytics_insight.ordernhm_v2,
attributed_to,"Party attributed responsibility for the cancellation or breach (e.g., seller, buyer, logistics provider).","analytics_insight.ordernhm_v2.""attributed_to""",analytics_insight.ordernhm_v2,
reason_for_cancellation,"Description of why the order was cancelled, as captured from the ONDC cancellation flow.","analytics_insight.ordernhm_v2.""reason_for_cancellation""",analytics_insight.ordernhm_v2,
is_triggers_rto,Flag indicating whether the cancellation triggered a Return To Origin (RTO) shipment back to the seller.,"analytics_insight.ordernhm_v2.""is_triggers_rto""",analytics_insight.ordernhm_v2,
cancelled_by,"Entity that initiated the cancellation action (e.g., buyer, seller, LSP, system).","analytics_insight.ordernhm_v2.""cancelled_by""",analytics_insight.ordernhm_v2,
whether_applicable_for_part_cancel,Flag indicating whether the order is eligible for partial cancellation allowing fulfilment of a subset of items.,"analytics_insight.ordernhm_v2.""whether_applicable_for_part_cancel""",analytics_insight.ordernhm_v2,
sorting,Derived field used to control the display ordering of records in reports or dashboards.,"analytics_insight.ordernhm_v2.""sorting""",analytics_insight.ordernhm_v2,
Buyer cancel,Count of orders cancelled by the buyer.,"analytics_insight.ordernhm_v2.""Buyer cancel""",analytics_insight.ordernhm_v2,
Seller cancel,Count of orders cancelled by the seller.,"analytics_insight.ordernhm_v2.""Seller cancel""",analytics_insight.ordernhm_v2,
Logistic cancel,Count of orders cancelled by the logistics service provider (LSP).,"analytics_insight.ordernhm_v2.""Logistic cancel""",analytics_insight.ordernhm_v2,
Cancelled att,Attribution label identifying which party or reason category the cancellation is assigned to for accountability reporting.,"analytics_insight.ordernhm_v2.""Cancelled att""",analytics_insight.ordernhm_v2,
"▼ pincode   (base table, 5 cols)",,,analytics_insight.pincode,
pincode,6-digit Indian postal code uniquely identifying a delivery area used for ONDC logistics routing and serviceability checks.,"analytics_insight.pincode.""pincode""",analytics_insight.pincode,
districtname,"Name of the district within which the pincode falls, used for regional aggregation and LSP coverage mapping.","analytics_insight.pincode.""districtname""",analytics_insight.pincode,
statename,"Name of the Indian state containing the pincode, used for state-level analytics and regulatory grouping.","analytics_insight.pincode.""statename""",analytics_insight.pincode,
tier,"City/town tier classification (e.g., Tier 1, Tier 2, Tier 3) indicating urbanisation level, used to analyse ONDC adoption and NP penetration across market segments.","analytics_insight.pincode.""tier""",analytics_insight.pincode,
zones,"Geographical zone (e.g., North, South, East, West) the pincode belongs to, used for zone-level logistics performance and TAT benchmarking.","analytics_insight.pincode.""zones""",analytics_insight.pincode,
"▼ retail_auditor_view   (view, 20 cols)",,,analytics_insight.retail_auditor_view,"SELECT ol.""Buyer NP"",
    ol.""Seller NP"",
    ol.network_transaction_id AS ""Network transaction id"",
    ol.""Network order id"",
    lower((ol.""Seller NP""::text || '_'::text) || ol.""Provider Id""::text) AS ""provider key"",
    ol.""Provider Id"",
    ol.""Seller Name"",
    ol.""Seller Pincode"",
    ol.""Delivery Pincode"",
    ol.cancellation_code AS ""Cancellation Code"",
    ol.""Created at"",
    ol.""Date"",
        CASE
            WHEN lo.retail_order_id IS NULL THEN 'Off Network'::text
            ELSE 'On Network'::text
        END AS logistics_type,
    date_trunc('minute'::text, ol.""Shipped at"") AS ""Shipped at"",
    date_trunc('minute'::text, ol.""Ready to Ship"") AS ""Ready to Ship"",
    date_trunc('minute'::text, ol.""Promised time"") AS ""Promised time"",
    ol.""ONDC order_status"" AS ""Order Status"",
    date_trunc('minute'::text, ol.""Updated at"") AS ""Updated at"",
    ol.""Category"",
    ol.""Consolidated_category""
   FROM analytics_insight.order_level ol
     LEFT JOIN logistics.linked_order_id lo ON ol.""Network order id""::text = lo.retail_order_id::text;"
Buyer NP,Data representing the buyer np.,"analytics_insight.retail_auditor_view.""Buyer NP""",analytics_insight.retail_auditor_view,
Seller NP,Data representing the seller np.,"analytics_insight.retail_auditor_view.""Seller NP""",analytics_insight.retail_auditor_view,
Network transaction id,Unique ONDC transaction identifier.,"analytics_insight.retail_auditor_view.""Network transaction id""",analytics_insight.retail_auditor_view,
Network order id,Data representing the network order id.,"analytics_insight.retail_auditor_view.""Network order id""",analytics_insight.retail_auditor_view,
provider key,Unique identifier for provider key.,"analytics_insight.retail_auditor_view.""provider key""",analytics_insight.retail_auditor_view,
Provider Id,Unique identifier for the provider.,"analytics_insight.retail_auditor_view.""Provider Id""",analytics_insight.retail_auditor_view,
Seller Name,Name of the seller.,"analytics_insight.retail_auditor_view.""Seller Name""",analytics_insight.retail_auditor_view,
Seller Pincode,Indian postal code (pincode).,"analytics_insight.retail_auditor_view.""Seller Pincode""",analytics_insight.retail_auditor_view,
Delivery Pincode,Indian postal code (pincode).,"analytics_insight.retail_auditor_view.""Delivery Pincode""",analytics_insight.retail_auditor_view,
Cancellation Code,Timestamp or date indicating when cancellation code occurred.,"analytics_insight.retail_auditor_view.""Cancellation Code""",analytics_insight.retail_auditor_view,
Created at,Timestamp when the record was created.,"analytics_insight.retail_auditor_view.""Created at""",analytics_insight.retail_auditor_view,
Date,Timestamp or date indicating when date occurred.,"analytics_insight.retail_auditor_view.""Date""",analytics_insight.retail_auditor_view,
logistics_type,Data representing the logistics type.,"analytics_insight.retail_auditor_view.""logistics_type""",analytics_insight.retail_auditor_view,
Shipped at,Timestamp or date indicating when shipped at occurred.,"analytics_insight.retail_auditor_view.""Shipped at""",analytics_insight.retail_auditor_view,
Ready to Ship,Data representing the ready to ship.,"analytics_insight.retail_auditor_view.""Ready to Ship""",analytics_insight.retail_auditor_view,
Promised time,Timestamp or date indicating when promised time occurred.,"analytics_insight.retail_auditor_view.""Promised time""",analytics_insight.retail_auditor_view,
Order Status,Turn-Around-Time (TAT) measurement.,"analytics_insight.retail_auditor_view.""Order Status""",analytics_insight.retail_auditor_view,
Updated at,Timestamp when the record was last updated.,"analytics_insight.retail_auditor_view.""Updated at""",analytics_insight.retail_auditor_view,
Category,Timestamp or date indicating when category occurred.,"analytics_insight.retail_auditor_view.""Category""",analytics_insight.retail_auditor_view,
Consolidated_category,Timestamp or date indicating when consolidated category occurred.,"analytics_insight.retail_auditor_view.""Consolidated_category""",analytics_insight.retail_auditor_view,
"▼ retail_b2c_inc_stage   (base table, 33 cols)",,,analytics_insight.retail_b2c_inc_stage,
Buyer NP,"Network Participant platform through which the buyer placed the order (e.g., a buyer-side ONDC app).","analytics_insight.retail_b2c_inc_stage.""Buyer NP""",analytics_insight.retail_b2c_inc_stage,
Seller NP,"Network Participant platform hosting the seller (e.g., a seller-side ONDC app or storefront).","analytics_insight.retail_b2c_inc_stage.""Seller NP""",analytics_insight.retail_b2c_inc_stage,
Network order id,Unique order identifier assigned across the ONDC network for end-to-end order tracking.,"analytics_insight.retail_b2c_inc_stage.""Network order id""",analytics_insight.retail_b2c_inc_stage,
Provider Id,Unique identifier of the seller/merchant provider as registered on the seller NP.,"analytics_insight.retail_b2c_inc_stage.""Provider Id""",analytics_insight.retail_b2c_inc_stage,
Seller Name,Display name of the seller or merchant fulfilling the order.,"analytics_insight.retail_b2c_inc_stage.""Seller Name""",analytics_insight.retail_b2c_inc_stage,
Seller Pincode,Indian postal code of the seller's warehouse or store location from which the order is dispatched.,"analytics_insight.retail_b2c_inc_stage.""Seller Pincode""",analytics_insight.retail_b2c_inc_stage,
Delivery Pincode,Indian postal code of the buyer's delivery address.,"analytics_insight.retail_b2c_inc_stage.""Delivery Pincode""",analytics_insight.retail_b2c_inc_stage,
cancellation_code,Standardized ONDC cancellation reason code indicating why the order was cancelled.,"analytics_insight.retail_b2c_inc_stage.""cancellation_code""",analytics_insight.retail_b2c_inc_stage,
Created at,Timestamp when the order was first created on the ONDC network.,"analytics_insight.retail_b2c_inc_stage.""Created at""",analytics_insight.retail_b2c_inc_stage,
Date,"Calendar date of order creation, used for daily partitioning and reporting.","analytics_insight.retail_b2c_inc_stage.""Date""",analytics_insight.retail_b2c_inc_stage,
domain,"ONDC network domain category of the order (e.g., retail, food, mobility).","analytics_insight.retail_b2c_inc_stage.""domain""",analytics_insight.retail_b2c_inc_stage,
on-time-del,"Binary or numeric flag indicating whether the order was delivered within the promised TAT (1 = on time, 0 = late).","analytics_insight.retail_b2c_inc_stage.""on-time-del""",analytics_insight.retail_b2c_inc_stage,
Shipped at,Timestamp when the order was handed over to the logistics provider and marked as shipped.,"analytics_insight.retail_b2c_inc_stage.""Shipped at""",analytics_insight.retail_b2c_inc_stage,
Ready to Ship,Timestamp when the seller marked the order as packed and ready for logistics pickup.,"analytics_insight.retail_b2c_inc_stage.""Ready to Ship""",analytics_insight.retail_b2c_inc_stage,
Promised time,Committed delivery deadline timestamp as agreed at time of order placement.,"analytics_insight.retail_b2c_inc_stage.""Promised time""",analytics_insight.retail_b2c_inc_stage,
tat_dif,"Difference between actual delivery time and promised TAT, expressed in the base unit (positive = late).","analytics_insight.retail_b2c_inc_stage.""tat_dif""",analytics_insight.retail_b2c_inc_stage,
tat_diff_days,TAT difference expressed in fractional days for easier day-level analysis.,"analytics_insight.retail_b2c_inc_stage.""tat_diff_days""",analytics_insight.retail_b2c_inc_stage,
day_diff,Difference in whole calendar days between order creation and delivery (or current status update).,"analytics_insight.retail_b2c_inc_stage.""day_diff""",analytics_insight.retail_b2c_inc_stage,
min_diff,"Difference in minutes between two key order timestamps, typically promised vs actual delivery.","analytics_insight.retail_b2c_inc_stage.""min_diff""",analytics_insight.retail_b2c_inc_stage,
tat_time,"Actual total turn-around time from order creation to delivery, in hours or minutes.","analytics_insight.retail_b2c_inc_stage.""tat_time""",analytics_insight.retail_b2c_inc_stage,
no_key,Surrogate integer key uniquely identifying each record in the staging table.,"analytics_insight.retail_b2c_inc_stage.""no_key""",analytics_insight.retail_b2c_inc_stage,
ONDC order_status,"Current lifecycle status of the order as per ONDC protocol (e.g., Created, Accepted, In-Transit, Delivered, Cancelled).","analytics_insight.retail_b2c_inc_stage.""ONDC order_status""",analytics_insight.retail_b2c_inc_stage,
Updated at,Timestamp of the most recent status update received for the order on the ONDC network.,"analytics_insight.retail_b2c_inc_stage.""Updated at""",analytics_insight.retail_b2c_inc_stage,
Category,Specific product or service category of the order as defined by the seller NP.,"analytics_insight.retail_b2c_inc_stage.""Category""",analytics_insight.retail_b2c_inc_stage,
Consolidated_category,Standardized rolled-up category used for cross-NP reporting and analytics.,"analytics_insight.retail_b2c_inc_stage.""Consolidated_category""",analytics_insight.retail_b2c_inc_stage,
row_updated_at,Timestamp when this staging table row was last written or refreshed by the ETL pipeline.,"analytics_insight.retail_b2c_inc_stage.""row_updated_at""",analytics_insight.retail_b2c_inc_stage,
network_transaction_id,Unique transaction identifier scoped to a single ONDC protocol interaction session.,"analytics_insight.retail_b2c_inc_stage.""network_transaction_id""",analytics_insight.retail_b2c_inc_stage,
c_context_timestamp,"Timestamp from the ONDC protocol message context, indicating when the network event was emitted.","analytics_insight.retail_b2c_inc_stage.""c_context_timestamp""",analytics_insight.retail_b2c_inc_stage,
is_force_cancelled,Flag indicating whether the order was cancelled by platform intervention rather than by buyer or seller action.,"analytics_insight.retail_b2c_inc_stage.""is_force_cancelled""",analytics_insight.retail_b2c_inc_stage,
f_agent_assigned_at,Timestamp when a delivery agent (LSP field agent) was assigned to fulfill the shipment.,"analytics_insight.retail_b2c_inc_stage.""f_agent_assigned_at""",analytics_insight.retail_b2c_inc_stage,
f_rto_initiated_at,Timestamp when the Return To Origin process was formally initiated by the logistics provider.,"analytics_insight.retail_b2c_inc_stage.""f_rto_initiated_at""",analytics_insight.retail_b2c_inc_stage,
f_rto_delivered_at,Timestamp when the undeliverable shipment was successfully returned to the seller's origin location.,"analytics_insight.retail_b2c_inc_stage.""f_rto_delivered_at""",analytics_insight.retail_b2c_inc_stage,
f_rto_requested_at,"Timestamp when the RTO request was first raised, either by the seller, buyer, or logistics provider.","analytics_insight.retail_b2c_inc_stage.""f_rto_requested_at""",analytics_insight.retail_b2c_inc_stage,
"▼ retail_b2c_itemnhm   (base table, 12 cols)",,,analytics_insight.retail_b2c_itemnhm,"CREATE INDEX idx_item_lvl_buyer_np ON analytics_insight.retail_b2c_itemnhm USING btree (""buyer np name"")

CREATE INDEX idx_item_lvl_seller_np ON analytics_insight.retail_b2c_itemnhm USING btree (""seller np name"")

CREATE INDEX idx_item_lvl_date ON analytics_insight.retail_b2c_itemnhm USING btree (""Date"")"
buyer np name,Name of the Buyer Network Participant (BNP) — the buyer-side ONDC platform or app through which the consumer placed the order.,"analytics_insight.retail_b2c_itemnhm.""buyer np name""",analytics_insight.retail_b2c_itemnhm,
seller np name,Name of the Seller Network Participant (SNP) — the seller-side ONDC platform hosting the merchant or catalog.,"analytics_insight.retail_b2c_itemnhm.""seller np name""",analytics_insight.retail_b2c_itemnhm,
provider_key,Unique surrogate identifier for the seller/provider entity within the data warehouse.,"analytics_insight.retail_b2c_itemnhm.""provider_key""",analytics_insight.retail_b2c_itemnhm,
item category,"Product category of the ordered item as classified in the ONDC catalog taxonomy (e.g., Grocery, F&B, Fashion).","analytics_insight.retail_b2c_itemnhm.""item category""",analytics_insight.retail_b2c_itemnhm,
Order Category,"High-level order classification indicating the commerce vertical or fulfillment type (e.g., retail, hyperlocal).","analytics_insight.retail_b2c_itemnhm.""Order Category""",analytics_insight.retail_b2c_itemnhm,
Seller Pincode,Indian six-digit postal code of the seller's dispatch location or warehouse from which the item is shipped.,"analytics_insight.retail_b2c_itemnhm.""Seller Pincode""",analytics_insight.retail_b2c_itemnhm,
Delivery Pincode,Indian six-digit postal code of the buyer's delivery address where the order is to be fulfilled.,"analytics_insight.retail_b2c_itemnhm.""Delivery Pincode""",analytics_insight.retail_b2c_itemnhm,
Date,Calendar date on which the order or order-item event was recorded in the ONDC network.,"analytics_insight.retail_b2c_itemnhm.""Date""",analytics_insight.retail_b2c_itemnhm,
ONDC order_status,"Lifecycle status of the order as reported on the ONDC network (e.g., Created, Accepted, In-Transit, Delivered, Cancelled, RTO-initiated).","analytics_insight.retail_b2c_itemnhm.""ONDC order_status""",analytics_insight.retail_b2c_itemnhm,
comp_key,"Warehouse surrogate key representing the primary composite dimension grouping for this order-item record, used for joins and partitioning.","analytics_insight.retail_b2c_itemnhm.""comp_key""",analytics_insight.retail_b2c_itemnhm,
comp-subkey,"Secondary sub-level surrogate key providing finer granularity within a comp_key group, enabling drill-down aggregation.","analytics_insight.retail_b2c_itemnhm.""comp-subkey""",analytics_insight.retail_b2c_itemnhm,
noi_key,Surrogate key uniquely identifying a Network Order Item (NOI) — a single line item within an ONDC order across the network.,"analytics_insight.retail_b2c_itemnhm.""noi_key""",analytics_insight.retail_b2c_itemnhm,
"▼ retail_b2c_itemnhm_bv   (view, 32 cols)",,,analytics_insight.retail_b2c_itemnhm_bv,"SELECT bnp.buyer_np_name::text AS ""buyer np name"",
    snp.seller_np_name::text AS ""seller np name"",
    it.provider_key,
    it.""item category"",
    it.""Order Category"",
    it.""Seller Pincode"",
    it.""Delivery Pincode"",
    it.""Date"",
    it.""ONDC order_status"",
    it.comp_key,
    it.""comp-subkey"",
    it.noi_key,
    it.comp_key AS ""Confirmed Category"",
    it.noi_key AS ""Confirmed Items"",
    it.""comp-subkey"" AS ""Confirmed Sub-Category"",
        CASE
            WHEN it.""Order Category"" IS NOT NULL AND it.""item category"" IS NOT NULL THEN it.""comp-subkey""
            ELSE it.comp_key
        END AS ""Conf Cat"",
        CASE
            WHEN it.""ONDC order_status"" = 'Delivered'::text THEN it.comp_key
            ELSE 0::bigint
        END AS ""Delivered Category"",
        CASE
            WHEN it.""ONDC order_status"" = 'Delivered'::text THEN it.noi_key
            ELSE 0::bigint
        END AS ""Delivered Items"",
        CASE
            WHEN it.""ONDC order_status"" = 'Delivered'::text THEN it.""comp-subkey""
            ELSE 0::bigint
        END AS ""Delivered Sub-Category"",
        CASE
            WHEN it.""Order Category"" IS NOT NULL AND it.""item category"" IS NOT NULL THEN
            CASE
                WHEN it.""ONDC order_status"" = 'Delivered'::text THEN it.""comp-subkey""
                ELSE 0::bigint
            END
            ELSE
            CASE
                WHEN it.""ONDC order_status"" = 'Delivered'::text THEN it.comp_key
                ELSE 0::bigint
            END
        END AS ""Del Cat"",
        CASE
            WHEN it.""ONDC order_status"" = 'In Process'::text THEN it.comp_key
            ELSE 0::bigint
        END AS ""In Process Category"",
        CASE
            WHEN it.""ONDC order_status"" = 'In Process'::text THEN it.noi_key
            ELSE 0::bigint
        END AS ""In Process Items"",
        CASE
            WHEN it.""ONDC order_status"" = 'In Process'::text THEN it.""comp-subkey""
            ELSE 0::bigint
        END AS ""In Process Sub-Category"",
        CASE
            WHEN it.""Order Category"" IS NOT NULL AND it.""item category"" IS NOT NULL THEN
            CASE
                WHEN it.""ONDC order_status"" = 'In Process'::text THEN it.""comp-subkey""
                ELSE 0::bigint
            END
            ELSE
            CASE
                WHEN it.""ONDC order_status"" = 'In Process'::text THEN it.comp_key
                ELSE 0::bigint
            END
        END AS ""In proc Cat"",
        CASE
            WHEN it.""ONDC order_status"" = 'Cancelled'::text THEN it.comp_key
            ELSE 0::bigint
        END AS ""Cancelled Category"",
        CASE
            WHEN it.""ONDC order_status"" = 'Cancelled'::text THEN it.noi_key
            ELSE 0::bigint
        END AS ""Cancelled Items"",
        CASE
            WHEN it.""ONDC order_status"" = 'Cancelled'::text THEN it.""comp-subkey""
            ELSE 0::bigint
        END AS ""Cancelled Sub-Category"",
        CASE
            WHEN it.""Order Category"" IS NOT NULL AND it.""item category"" IS NOT NULL THEN
            CASE
                WHEN it.""ONDC order_status"" = 'Cancelled'::text THEN it.""comp-subkey""
                ELSE 0::bigint
            END
            ELSE
            CASE
                WHEN it.""ONDC order_status"" = 'Cancelled'::text THEN it.comp_key
                ELSE 0::bigint
            END
        END AS ""Cancl Cat"",
    sp.statename AS ""Seller State"",
    dp.statename AS ""Delivery State"",
    sp.districtname AS ""Seller City"",
    dp.districtname AS ""Delivery City""
   FROM analytics_insight.retail_b2c_itemnhm it
     LEFT JOIN dimension.dim_retail_seller_np snp ON it.""seller np name"" = snp.seller_np::text
     LEFT JOIN dimension.dim_retail_buyer_np bnp ON it.""buyer np name"" = bnp.buyer_np::text
     LEFT JOIN dimension.dim_pincode sp ON it.""Seller Pincode"" = sp.pincode::text
     LEFT JOIN dimension.dim_pincode dp ON it.""Delivery Pincode"" = dp.pincode::text;"
buyer np name,Name of the Buyer Network Participant (BNP) — the ONDC-registered platform through which the buyer placed the order.,"analytics_insight.retail_b2c_itemnhm_bv.""buyer np name""",analytics_insight.retail_b2c_itemnhm_bv,
seller np name,Name of the Seller Network Participant (SNP) — the ONDC-registered platform through which the seller listed and fulfilled the order.,"analytics_insight.retail_b2c_itemnhm_bv.""seller np name""",analytics_insight.retail_b2c_itemnhm_bv,
provider_key,Unique identifier for the seller or provider entity within the ONDC network.,"analytics_insight.retail_b2c_itemnhm_bv.""provider_key""",analytics_insight.retail_b2c_itemnhm_bv,
item category,"Granular item-level sub-category of the ordered product (e.g., 'Men's T-Shirts' within Apparel).","analytics_insight.retail_b2c_itemnhm_bv.""item category""",analytics_insight.retail_b2c_itemnhm_bv,
Order Category,"Broad top-level product category of the order (e.g., Grocery, Fashion, Electronics).","analytics_insight.retail_b2c_itemnhm_bv.""Order Category""",analytics_insight.retail_b2c_itemnhm_bv,
Seller Pincode,Six-digit Indian postal (pin) code of the seller's dispatch location or warehouse.,"analytics_insight.retail_b2c_itemnhm_bv.""Seller Pincode""",analytics_insight.retail_b2c_itemnhm_bv,
Delivery Pincode,Six-digit Indian postal (pin) code of the buyer's delivery address.,"analytics_insight.retail_b2c_itemnhm_bv.""Delivery Pincode""",analytics_insight.retail_b2c_itemnhm_bv,
Date,Calendar date on which the order event or transaction was recorded.,"analytics_insight.retail_b2c_itemnhm_bv.""Date""",analytics_insight.retail_b2c_itemnhm_bv,
ONDC order_status,"Current lifecycle status of the order on the ONDC network (e.g., Confirmed, Delivered, In Process, Cancelled).","analytics_insight.retail_b2c_itemnhm_bv.""ONDC order_status""",analytics_insight.retail_b2c_itemnhm_bv,
comp_key,Base numeric weight representing one countable category-level order unit; used as the additive count metric at the Order Category grain.,"analytics_insight.retail_b2c_itemnhm_bv.""comp_key""",analytics_insight.retail_b2c_itemnhm_bv,
comp-subkey,Numeric weight representing one countable sub-category-level order unit; used as the additive count metric at the item-category grain.,"analytics_insight.retail_b2c_itemnhm_bv.""comp-subkey""",analytics_insight.retail_b2c_itemnhm_bv,
noi_key,Number-of-items key — numeric weight representing the count of individual line items within the order.,"analytics_insight.retail_b2c_itemnhm_bv.""noi_key""",analytics_insight.retail_b2c_itemnhm_bv,
Confirmed Category,"Category-level count for all confirmed orders, regardless of subsequent status (equals comp_key unconditionally).","analytics_insight.retail_b2c_itemnhm_bv.""Confirmed Category""",analytics_insight.retail_b2c_itemnhm_bv,
Confirmed Items,"Item-level count for all confirmed orders, regardless of subsequent status (equals noi_key unconditionally).","analytics_insight.retail_b2c_itemnhm_bv.""Confirmed Items""",analytics_insight.retail_b2c_itemnhm_bv,
Confirmed Sub-Category,"Sub-category-level count for all confirmed orders, regardless of subsequent status (equals comp-subkey unconditionally).","analytics_insight.retail_b2c_itemnhm_bv.""Confirmed Sub-Category""",analytics_insight.retail_b2c_itemnhm_bv,
Conf Cat,"Best-available-granularity confirmed count — uses sub-category weight (comp-subkey) when both Order Category and item category are known, otherwise falls back to category weight (comp_key).","analytics_insight.retail_b2c_itemnhm_bv.""Conf Cat""",analytics_insight.retail_b2c_itemnhm_bv,
Delivered Category,"Category-level count of orders that reached Delivered status; zero for all other statuses, enabling direct SUM aggregation.","analytics_insight.retail_b2c_itemnhm_bv.""Delivered Category""",analytics_insight.retail_b2c_itemnhm_bv,
Delivered Items,Item-level count of orders that reached Delivered status; zero for all other statuses.,"analytics_insight.retail_b2c_itemnhm_bv.""Delivered Items""",analytics_insight.retail_b2c_itemnhm_bv,
Delivered Sub-Category,Sub-category-level count of orders that reached Delivered status; zero for all other statuses.,"analytics_insight.retail_b2c_itemnhm_bv.""Delivered Sub-Category""",analytics_insight.retail_b2c_itemnhm_bv,
Del Cat,"Best-available-granularity delivered count — uses sub-category weight when both category dimensions are present, otherwise uses category weight; zero for non-Delivered rows.","analytics_insight.retail_b2c_itemnhm_bv.""Del Cat""",analytics_insight.retail_b2c_itemnhm_bv,
In Process Category,Category-level count of orders currently In Process (accepted but not yet delivered or cancelled); zero for all other statuses.,"analytics_insight.retail_b2c_itemnhm_bv.""In Process Category""",analytics_insight.retail_b2c_itemnhm_bv,
In Process Items,Item-level count of orders currently In Process; zero for all other statuses.,"analytics_insight.retail_b2c_itemnhm_bv.""In Process Items""",analytics_insight.retail_b2c_itemnhm_bv,
In Process Sub-Category,Sub-category-level count of orders currently In Process; zero for all other statuses.,"analytics_insight.retail_b2c_itemnhm_bv.""In Process Sub-Category""",analytics_insight.retail_b2c_itemnhm_bv,
In proc Cat,"Best-available-granularity in-process count — uses sub-category weight when both category dimensions are present, otherwise category weight; zero for non-In-Process rows.","analytics_insight.retail_b2c_itemnhm_bv.""In proc Cat""",analytics_insight.retail_b2c_itemnhm_bv,
Cancelled Category,Category-level count of orders that were Cancelled; zero for all other statuses.,"analytics_insight.retail_b2c_itemnhm_bv.""Cancelled Category""",analytics_insight.retail_b2c_itemnhm_bv,
Cancelled Items,Item-level count of orders that were Cancelled; zero for all other statuses.,"analytics_insight.retail_b2c_itemnhm_bv.""Cancelled Items""",analytics_insight.retail_b2c_itemnhm_bv,
Cancelled Sub-Category,Sub-category-level count of orders that were Cancelled; zero for all other statuses.,"analytics_insight.retail_b2c_itemnhm_bv.""Cancelled Sub-Category""",analytics_insight.retail_b2c_itemnhm_bv,
Cancl Cat,"Best-available-granularity cancelled count — uses sub-category weight when both category dimensions are present, otherwise category weight; zero for non-Cancelled rows.","analytics_insight.retail_b2c_itemnhm_bv.""Cancl Cat""",analytics_insight.retail_b2c_itemnhm_bv,
Seller State,"Indian state name of the seller's dispatch location, resolved from the seller pincode via the pincode dimension table.","analytics_insight.retail_b2c_itemnhm_bv.""Seller State""",analytics_insight.retail_b2c_itemnhm_bv,
Delivery State,"Indian state name of the buyer's delivery address, resolved from the delivery pincode via the pincode dimension table.","analytics_insight.retail_b2c_itemnhm_bv.""Delivery State""",analytics_insight.retail_b2c_itemnhm_bv,
Seller City,"District or city name of the seller's dispatch location, resolved from the seller pincode via the pincode dimension table.","analytics_insight.retail_b2c_itemnhm_bv.""Seller City""",analytics_insight.retail_b2c_itemnhm_bv,
Delivery City,"District or city name of the buyer's delivery address, resolved from the delivery pincode via the pincode dimension table.","analytics_insight.retail_b2c_itemnhm_bv.""Delivery City""",analytics_insight.retail_b2c_itemnhm_bv,
"▼ retail_b2c_itemnhm_stage   (base table, 12 cols)",,,analytics_insight.retail_b2c_itemnhm_stage,
buyer np name,Name of the Buyer Network Participant (the buyer-side app/platform on ONDC through which the order was placed),"analytics_insight.retail_b2c_itemnhm_stage.""buyer np name""",analytics_insight.retail_b2c_itemnhm_stage,
seller np name,Name of the Seller Network Participant (the seller-side app/platform on ONDC through which the seller listed their products),"analytics_insight.retail_b2c_itemnhm_stage.""seller np name""",analytics_insight.retail_b2c_itemnhm_stage,
provider_key,Unique identifier for the seller or store (provider entity) within the ONDC network,"analytics_insight.retail_b2c_itemnhm_stage.""provider_key""",analytics_insight.retail_b2c_itemnhm_stage,
item category,"Product sub-category of the ordered item as catalogued on ONDC (e.g., Fruits, Vegetables, Dairy)","analytics_insight.retail_b2c_itemnhm_stage.""item category""",analytics_insight.retail_b2c_itemnhm_stage,
Order Category,"High-level order fulfillment classification indicating the order type or delivery mode (e.g., Home Delivery, Self-Pickup)","analytics_insight.retail_b2c_itemnhm_stage.""Order Category""",analytics_insight.retail_b2c_itemnhm_stage,
Seller Pincode,Indian postal code of the seller's warehouse or pickup location from which the order was fulfilled,"analytics_insight.retail_b2c_itemnhm_stage.""Seller Pincode""",analytics_insight.retail_b2c_itemnhm_stage,
Delivery Pincode,Indian postal code of the buyer's delivery address to which the order was shipped,"analytics_insight.retail_b2c_itemnhm_stage.""Delivery Pincode""",analytics_insight.retail_b2c_itemnhm_stage,
Date,Calendar date on which the order transaction or status event occurred,"analytics_insight.retail_b2c_itemnhm_stage.""Date""",analytics_insight.retail_b2c_itemnhm_stage,
ONDC order_status,"Current lifecycle status of the order on the ONDC network (e.g., Created, Accepted, In-Transit, Delivered, Cancelled, RTO)","analytics_insight.retail_b2c_itemnhm_stage.""ONDC order_status""",analytics_insight.retail_b2c_itemnhm_stage,
comp_key,Surrogate key identifying the complaint or compliance record associated with the order in the grievance tracking system,"analytics_insight.retail_b2c_itemnhm_stage.""comp_key""",analytics_insight.retail_b2c_itemnhm_stage,
comp-subkey,Secondary key further sub-classifying the complaint or compliance category under the parent comp_key,"analytics_insight.retail_b2c_itemnhm_stage.""comp-subkey""",analytics_insight.retail_b2c_itemnhm_stage,
noi_key,Surrogate key representing the Nature of Issue (NOI) raised against the order in the ONDC grievance or dispute resolution system,"analytics_insight.retail_b2c_itemnhm_stage.""noi_key""",analytics_insight.retail_b2c_itemnhm_stage,
"▼ retail_b2c_ordernhm_bv   (view, 106 cols)",,,analytics_insight.retail_b2c_ordernhm_bv,"SELECT ol.""Date"",
    snp.seller_np_name AS ""Seller NP"",
    bnp.buyer_np_name AS ""Buyer NP"",
    ol.""Network order id"",
    lower((ol.""Seller NP""::text || '_'::text) || ol.""Provider Id""::text) AS ""provider key"",
    ol.""Provider Id"",
    ol.""Seller Name"",
    ol.""Seller Pincode"",
    ol.""Delivery Pincode"",
    ol.cancellation_code,
    ol.""Created at"",
    ol.""Updated at"",
    ol.""Updated at""::date AS ""Updated"",
    ol.""Shipped at"",
    ol.""Ready to Ship"",
    ol.""Promised time"",
    ol.domain,
    ol.""on-time-del"",
    ol.tat_dif,
    ol.tat_diff_days,
    ol.day_diff,
    ol.min_diff,
    ol.tat_time,
    ol.""Category"",
    ol.""Consolidated_category"",
    ol.""ONDC order_status"",
    ol.no_key,
    ol.no_key AS ""Confirmed"",
        CASE
            WHEN ol.""ONDC order_status""::text = 'Delivered'::text THEN ol.no_key
            ELSE 0
        END AS ""Delivered"",
        CASE
            WHEN ol.""ONDC order_status""::text = 'Cancelled'::text THEN ol.no_key
            ELSE 0
        END AS ""Cancelled"",
        CASE
            WHEN ol.""ONDC order_status""::text = 'In Process'::text THEN ol.no_key
            ELSE 0
        END AS ""In Process"",
        CASE
            WHEN ol.""ONDC order_status""::text = 'Part Delivered'::text THEN ol.no_key
            ELSE 0
        END AS ""Part Delivered"",
    COALESCE(snp.seller_np, 'Others'::character varying) AS ""SNP"",
    COALESCE(bnp.buyer_np, 'Others'::character varying) AS ""BNP"",
        CASE
            WHEN ol.cancellation_code IS NOT NULL THEN 1
            ELSE 0
        END AS ""Cancellation code cal"",
        CASE
            WHEN ol.""ONDC order_status""::text = 'Delivered'::text AND COALESCE(ol.tat_dif, 0::double precision) = 0::double precision THEN ol.no_key
            ELSE 0
        END AS ""Delivered with TAT"",
        CASE
            WHEN ol.""ONDC order_status""::text = 'Delivered'::text AND COALESCE(ol.tat_dif, 0::double precision) > 0::double precision THEN ol.no_key
            ELSE 0
        END AS ""Delivered beyond TAT"",
        CASE
            WHEN ol.""ONDC order_status""::text = 'Delivered'::text AND ol.""Updated at"" IS NOT NULL AND ol.""Updated at"" <= ol.""Promised time"" THEN ol.no_key
            ELSE 0
        END AS ""DBO"",
        CASE
            WHEN ol.""ONDC order_status""::text = 'Delivered'::text AND ol.""Date"" >= '2023-11-01'::date AND ol.""Updated at""::date > ol.""Promised time""::date THEN ol.no_key
            ELSE 0
        END AS ""Delivered beyond P.TAT"",
        CASE
            WHEN ol.""ONDC order_status""::text = 'Delivered'::text AND ol.""Date"" >= '2023-11-01'::date AND ol.""Updated at""::date <= ol.""Promised time""::date THEN ol.no_key
            ELSE 0
        END AS ""Delivered within P.TAT"",
        CASE
            WHEN ol.""ONDC order_status""::text = ANY (ARRAY['Delivered'::character varying::text, 'Cancelled'::character varying::text]) THEN EXTRACT(epoch FROM ol.""Updated at"" - ol.""Promised time"") / 60.0
            WHEN ol.""ONDC order_status""::text = 'In Process'::text THEN EXTRACT(epoch FROM CURRENT_TIMESTAMP - ol.""Promised time""::timestamp with time zone) / 60.0
            ELSE NULL::numeric
        END AS ""Breach (mins)"",
        CASE
            WHEN ol.""ONDC order_status""::text = ANY (ARRAY['Delivered'::character varying::text, 'Cancelled'::character varying::text]) THEN EXTRACT(epoch FROM ol.""Updated at"" - ol.""Promised time"") / 3600.0
            WHEN ol.""ONDC order_status""::text = 'In Process'::text THEN EXTRACT(epoch FROM CURRENT_TIMESTAMP - ol.""Promised time""::timestamp with time zone) / 3600.0
            ELSE NULL::numeric
        END AS ""Breach (hrs)"",
        CASE
            WHEN ol.""ONDC order_status""::text = ANY (ARRAY['Delivered'::character varying::text, 'Cancelled'::character varying::text]) THEN EXTRACT(epoch FROM ol.""Updated at"" - ol.""Promised time"") / 86400.0
            WHEN ol.""ONDC order_status""::text = 'In Process'::text THEN EXTRACT(epoch FROM CURRENT_TIMESTAMP - ol.""Promised time""::timestamp with time zone) / 86400.0
            ELSE NULL::numeric
        END AS ""Breach (days)"",
        CASE
            WHEN ol.""ONDC order_status""::text = 'Delivered'::text AND ol.day_diff = 0::double precision THEN ol.no_key
            ELSE 0
        END AS ""Same Day"",
        CASE
            WHEN ol.""ONDC order_status""::text = 'Delivered'::text AND ol.day_diff = 1::double precision THEN 1
            ELSE 0
        END AS ""Next Day"",
        CASE
            WHEN ol.""ONDC order_status""::text = 'Delivered'::text AND ol.day_diff = 2::double precision THEN 1
            ELSE 0
        END AS ""Day + 2"",
        CASE
            WHEN ol.""ONDC order_status""::text = 'Delivered'::text AND ol.day_diff > 2::double precision THEN 1
            ELSE 0
        END AS ""More than 2 Days"",
    COALESCE(ol.""on-time-del"", 0::double precision) AS ""On time deliveries"",
        CASE
            WHEN ol.""ONDC order_status""::text = 'Delivered'::text AND ol.""Category""::text = 'F&B'::text THEN EXTRACT(epoch FROM ol.""Updated at"" - ol.""Created at"") / 60.0
            ELSE NULL::numeric
        END AS ""F&B mins diff"",
        CASE
            WHEN ol.""ONDC order_status""::text = 'Delivered'::text AND ol.""Category""::text = 'F&B'::text AND ol.min_diff <= 15::double precision THEN ol.no_key
            ELSE 0
        END AS ""Within 15 mins"",
        CASE
            WHEN ol.""ONDC order_status""::text = 'Delivered'::text AND ol.""Category""::text = 'F&B'::text AND ol.min_diff > 15::double precision AND ol.min_diff <= 30::double precision THEN ol.no_key
            ELSE 0
        END AS ""15 - 30 mins"",
        CASE
            WHEN ol.""ONDC order_status""::text = 'Delivered'::text AND ol.""Category""::text = 'F&B'::text AND ol.min_diff > 30::double precision AND ol.min_diff <= 45::double precision THEN ol.no_key
            ELSE 0
        END AS ""30 - 45 mins"",
        CASE
            WHEN ol.""ONDC order_status""::text = 'Delivered'::text AND ol.""Category""::text = 'F&B'::text AND ol.min_diff > 45::double precision AND ol.min_diff <= 60::double precision THEN ol.no_key
            ELSE 0
        END AS ""45 - 60 mins"",
        CASE
            WHEN ol.""ONDC order_status""::text = 'Delivered'::text AND ol.""Category""::text = 'F&B'::text AND ol.min_diff > 60::double precision AND ol.min_diff <= 120::double precision THEN 1
            ELSE 0
        END AS ""60 - 120 mins"",
        CASE
            WHEN ol.""ONDC order_status""::text = 'Delivered'::text AND ol.""Category""::text = 'F&B'::text AND ol.min_diff > 120::double precision THEN 1
            ELSE 0
        END AS ""Above 120 mins"",
        CASE
            WHEN ol.""ONDC order_status""::text = 'Delivered'::text AND ol.tat_dif > 0::double precision AND ol.tat_dif <= 300::double precision THEN ol.no_key
            ELSE 0
        END AS ""TAT < 5 mins"",
        CASE
            WHEN ol.""ONDC order_status""::text = 'Delivered'::text AND ol.tat_dif > 300::double precision AND ol.tat_dif <= 900::double precision THEN ol.no_key
            ELSE 0
        END AS ""TAT 5-15 mins"",
        CASE
            WHEN ol.""ONDC order_status""::text = 'Delivered'::text AND ol.tat_dif > 900::double precision AND ol.tat_dif <= 1800::double precision THEN ol.no_key
            ELSE 0
        END AS ""TAT 15-30 mins"",
        CASE
            WHEN ol.""ONDC order_status""::text = 'Delivered'::text AND ol.tat_dif > 1800::double precision AND ol.tat_dif <= 3600::double precision THEN ol.no_key
            ELSE 0
        END AS ""TAT 30-60 mins"",
        CASE
            WHEN ol.""ONDC order_status""::text = 'Delivered'::text AND ol.tat_dif > 3600::double precision THEN ol.no_key
            ELSE 0
        END AS ""TAT > 60 mins"",
        CASE
            WHEN ol.""ONDC order_status""::text = 'Delivered'::text AND ol.tat_dif > 0::double precision AND ol.tat_dif <= 21600::double precision THEN ol.no_key
            ELSE 0
        END AS ""TAT 0-6 hrs"",
        CASE
            WHEN ol.""ONDC order_status""::text = 'Delivered'::text AND ol.tat_dif > 21600::double precision AND ol.tat_dif <= 43200::double precision THEN ol.no_key
            ELSE 0
        END AS ""TAT 6-12 hrs"",
        CASE
            WHEN ol.""ONDC order_status""::text = 'Delivered'::text AND ol.tat_dif > 43200::double precision AND ol.tat_dif <= 86400::double precision THEN ol.no_key
            ELSE 0
        END AS ""TAT 12-24 hrs"",
        CASE
            WHEN ol.""ONDC order_status""::text = 'Delivered'::text AND ol.tat_dif > 86400::double precision AND ol.tat_dif <= 172800::double precision THEN ol.no_key
            ELSE 0
        END AS ""TAT 24-48 hrs"",
        CASE
            WHEN ol.""ONDC order_status""::text = 'Delivered'::text AND ol.tat_dif > 172800::double precision THEN ol.no_key
            ELSE 0
        END AS ""TAT >48 hrs"",
        CASE
            WHEN ol.""ONDC order_status""::text = 'Delivered'::text AND ol.tat_diff_days = 1::double precision THEN ol.no_key
            ELSE 0
        END AS ""TAT+1"",
        CASE
            WHEN ol.""ONDC order_status""::text = 'Delivered'::text AND ol.tat_diff_days = 2::double precision THEN ol.no_key
            ELSE 0
        END AS ""TAT + 2"",
        CASE
            WHEN ol.""ONDC order_status""::text = 'Delivered'::text AND ol.tat_diff_days = 3::double precision THEN ol.no_key
            ELSE 0
        END AS ""TAT + 3"",
        CASE
            WHEN ol.""ONDC order_status""::text = 'Delivered'::text AND ol.tat_diff_days = 4::double precision THEN ol.no_key
            ELSE 0
        END AS ""TAT + 4"",
        CASE
            WHEN ol.""ONDC order_status""::text = 'Delivered'::text AND ol.tat_diff_days > 4::double precision THEN ol.no_key
            ELSE 0
        END AS ""TAT > 4"",
        CASE
            WHEN ol.""ONDC order_status""::text = 'Delivered'::text AND ol.tat_diff_days < 1::double precision AND ol.""Promised time"" < ol.""Updated at"" THEN ol.no_key
            ELSE 0
        END AS ""TAT (Same day)"",
        CASE
            WHEN ol.""ONDC order_status""::text = 'Delivered'::text AND ol.""Category""::text <> 'F&B'::text THEN EXTRACT(day FROM ol.""Updated at"" - ol.""Created at"")
            ELSE NULL::numeric
        END AS ""Non F&B days diff"",
        CASE
            WHEN ol.""Shipped at"" IS NOT NULL THEN ol.no_key
            ELSE 0
        END AS ""Shipped mark"",
    sp.statename AS ""Seller State"",
    dp.statename AS ""Delivery State"",
    COALESCE(sp.districtname, 'Undefined'::character varying) AS ""Seller City"",
    COALESCE(dp.districtname, 'Undefined'::character varying) AS ""Delivery City"",
    COALESCE(sp.tier, 'Undefined'::character varying) AS ""Seller Tier"",
    COALESCE(dp.tier, 'Undefined'::character varying) AS ""Delivery Tier"",
    COALESCE(sp.zones, 'Undefined'::character varying) AS ""Seller Zone"",
    COALESCE(dp.zones, 'Undefined'::character varying) AS ""Delivery Zone"",
        CASE
            WHEN ol.""Category""::text = 'F&B'::text THEN 'Hyperlocal'::text
            WHEN COALESCE(dp.districtname, 'Undefined'::character varying)::text = 'Undefined'::text THEN 'Undefined'::text
            WHEN COALESCE(sp.districtname, 'Undefined'::character varying)::text = 'Undefined'::text THEN 'Undefined'::text
            WHEN dp.districtname::text <> sp.districtname::text THEN 'Intercity'::text
            ELSE 'Hyperlocal'::text
        END AS ""Delivery Type"",
        CASE
            WHEN bnp.buyer_np_name::text <> snp.seller_np_name::text THEN 'Inter NP'::text
            ELSE 'Intra NP'::text
        END AS ""Order type"",
        CASE
            WHEN ol.""Date"" < '2023-11-01'::date THEN NULL::integer
            WHEN
            CASE
                WHEN ol.""Category""::text = 'F&B'::text THEN 'Hyperlocal'::text
                WHEN COALESCE(dp.districtname, 'Undefined'::character varying)::text = 'Undefined'::text THEN 'Undefined'::text
                WHEN COALESCE(sp.districtname, 'Undefined'::character varying)::text = 'Undefined'::text THEN 'Undefined'::text
                WHEN dp.districtname::text <> sp.districtname::text THEN 'Intercity'::text
                ELSE 'Hyperlocal'::text
            END = 'Intercity'::text THEN
            CASE
                WHEN ol.""ONDC order_status""::text = 'Delivered'::text AND ol.""Updated at""::date > ol.""Promised time""::date THEN 1
                WHEN ol.""ONDC order_status""::text = 'Cancelled'::text AND cc.attributed_to::text = 'Buyer app'::text AND ol.""Updated at""::date > ol.""Promised time""::date THEN 1
                WHEN ol.""ONDC order_status""::text = 'In Process'::text AND ol.""Date"" >= '2024-02-01'::date AND CURRENT_DATE > ol.""Promised time""::date THEN 1
                ELSE 0
            END
            ELSE
            CASE
                WHEN ol.""ONDC order_status""::text = 'Delivered'::text AND ol.""Updated at""::date > ol.""Promised time""::date THEN 1
                WHEN ol.""ONDC order_status""::text = 'Cancelled'::text AND cc.attributed_to::text = 'Buyer app'::text AND ol.""Updated at""::date > ol.""Promised time""::date THEN 1
                WHEN ol.""ONDC order_status""::text = 'In Process'::text AND ol.""Date"" >= '2024-02-01'::date AND CURRENT_TIMESTAMP > ol.""Promised time"" THEN 1
                ELSE 0
            END
        END AS ""Breach"",
        CASE
            WHEN ol.""ONDC order_status""::text <> 'In Process'::text THEN 0
            WHEN ol.""Date"" < '2023-11-01'::date THEN 0
            WHEN
            CASE
                WHEN ol.""Category""::text = 'F&B'::text THEN 'Hyperlocal'::text
                WHEN COALESCE(dp.districtname, 'Undefined'::character varying)::text = 'Undefined'::text THEN 'Undefined'::text
                WHEN COALESCE(sp.districtname, 'Undefined'::character varying)::text = 'Undefined'::text THEN 'Undefined'::text
                WHEN dp.districtname::text <> sp.districtname::text THEN 'Intercity'::text
                ELSE 'Hyperlocal'::text
            END = 'Intercity'::text THEN
            CASE
                WHEN ol.""Date"" >= '2024-02-01'::date AND CURRENT_DATE > ol.""Promised time""::date THEN 1
                ELSE 0
            END
            ELSE
            CASE
                WHEN ol.""Date"" >= '2024-02-01'::date AND CURRENT_TIMESTAMP > ol.""Promised time"" THEN 1
                ELSE 0
            END
        END AS ""Inprocessnew(tat)"",
        CASE
            WHEN ol.""ONDC order_status""::text <> 'In Process'::text THEN 0
            WHEN ol.""Date"" < '2024-02-01'::date THEN 0
            WHEN
            CASE
                WHEN ol.""Category""::text = 'F&B'::text THEN 'Hyperlocal'::text
                WHEN COALESCE(dp.districtname, 'Undefined'::character varying)::text = 'Undefined'::text THEN 'Undefined'::text
                WHEN COALESCE(sp.districtname, 'Undefined'::character varying)::text = 'Undefined'::text THEN 'Undefined'::text
                WHEN dp.districtname::text <> sp.districtname::text THEN 'Intercity'::text
                ELSE 'Hyperlocal'::text
            END = 'Intercity'::text THEN
            CASE
                WHEN CURRENT_DATE > ol.""Promised time""::date THEN 1
                ELSE 0
            END
            ELSE
            CASE
                WHEN CURRENT_TIMESTAMP > ol.""Promised time"" THEN 1
                ELSE 0
            END
        END AS ""inprocess(tat)"",
        CASE
            WHEN ol.""ONDC order_status""::text <> 'Cancelled'::text THEN 0
            WHEN cc.attributed_to IS NULL OR (cc.attributed_to::text <> ALL (ARRAY['Buyer App'::text, 'Buyer app'::text])) THEN 0
            WHEN ol.""Date"" < '2023-11-01'::date THEN 0
            WHEN ol.""Updated at""::date > ol.""Promised time""::date THEN 1
            ELSE 0
        END AS ""Buyer cancelled(tat)"",
        CASE
            WHEN ol.""ONDC order_status""::text <> 'Cancelled'::text THEN 0
            WHEN cc.attributed_to IS NULL OR cc.attributed_to::text <> 'Logistics Provider'::text THEN 0
            WHEN ol.""Date"" < '2023-11-01'::date THEN 0
            WHEN ol.""Updated at""::date > ol.""Promised time""::date THEN 1
            ELSE 0
        END AS ""Logistics cancelled(tat)"",
    cc.attributed_to,
    cc.reason_for_cancellation,
    cc.is_triggers_rto,
    cc.by AS cancelled_by,
    cc.whether_applicable_for_part_cancel,
    cc.sorting,
        CASE
            WHEN ol.""ONDC order_status""::text = 'Cancelled'::text AND cc.attributed_to::text = 'Buyer App'::text THEN ol.no_key
            ELSE 0
        END AS ""Buyer Cancel"",
        CASE
            WHEN ol.""ONDC order_status""::text = 'Cancelled'::text AND cc.attributed_to::text = 'Seller App'::text THEN ol.no_key
            ELSE 0
        END AS ""Seller Cancel"",
        CASE
            WHEN ol.""ONDC order_status""::text = 'Cancelled'::text AND cc.attributed_to::text = 'Logistics Provider'::text THEN ol.no_key
            ELSE 0
        END AS ""Logistics Cancel"",
        CASE
            WHEN ol.""ONDC order_status""::text = 'Cancelled'::text THEN cc.attributed_to
            ELSE NULL::character varying
        END AS ""Cancelled att"",
        CASE
            WHEN ol.""ONDC order_status""::text = 'In Process'::text AND ol.""Updated at"" >= '2024-02-01'::date THEN ol.no_key
            ELSE 0
        END AS ""In Process (Dt)"",
        CASE
            WHEN ol.""ONDC order_status""::text = 'Delivered'::text AND ol.""Updated at"" > ol.""Promised time"" THEN 1
            ELSE 0
        END AS ""delivered(tat)"",
        CASE
            WHEN (EXISTS ( SELECT 1
               FROM dimension.dim_provider_cred pc
              WHERE pc.provider_key = lower((ol.""Seller NP""::text || '_'::text) || ol.""Provider Id""::text) AND pc.cred_code = 'Social Sector'::text)) THEN ol.no_key
            ELSE 0
        END AS ""Social Cred Orders"",
    ol.network_transaction_id,
    ol.f_agent_assigned_at,
    ol.f_rto_initiated_at,
    ol.f_rto_delivered_at,
    ol.f_rto_requested_at
   FROM analytics_insight.order_level ol
     LEFT JOIN dimension.dim_retail_seller_np snp ON ol.""Seller NP""::text = snp.seller_np::text
     LEFT JOIN dimension.dim_retail_buyer_np bnp ON ol.""Buyer NP""::text = bnp.buyer_np::text
     LEFT JOIN dimension.dim_pincode sp ON ol.""Seller Pincode""::text = sp.pincode::text
     LEFT JOIN dimension.dim_pincode dp ON ol.""Delivery Pincode""::text = dp.pincode::text
     LEFT JOIN dimension.dim_cancellation_code cc ON ol.cancellation_code::text = cc.code::text;"
Date,Calendar date on which the order was placed.,"analytics_insight.retail_b2c_ordernhm_bv.""Date""",analytics_insight.retail_b2c_ordernhm_bv,
Seller NP,Full name of the Seller Network Participant — the platform through which the seller operates on ONDC.,"analytics_insight.retail_b2c_ordernhm_bv.""Seller NP""",analytics_insight.retail_b2c_ordernhm_bv,
Buyer NP,Full name of the Buyer Network Participant — the app or platform the buyer used to place the order.,"analytics_insight.retail_b2c_ordernhm_bv.""Buyer NP""",analytics_insight.retail_b2c_ordernhm_bv,
Network order id,Unique order identifier assigned by the ONDC network.,"analytics_insight.retail_b2c_ordernhm_bv.""Network order id""",analytics_insight.retail_b2c_ordernhm_bv,
provider key,Lowercase composite key (seller_np + provider_id) used to uniquely identify a seller-provider combination across the network.,"analytics_insight.retail_b2c_ordernhm_bv.""provider key""",analytics_insight.retail_b2c_ordernhm_bv,
Provider Id,Unique identifier for the seller or store (provider) on the ONDC network.,"analytics_insight.retail_b2c_ordernhm_bv.""Provider Id""",analytics_insight.retail_b2c_ordernhm_bv,
Seller Name,Display name of the seller or store fulfilling the order.,"analytics_insight.retail_b2c_ordernhm_bv.""Seller Name""",analytics_insight.retail_b2c_ordernhm_bv,
Seller Pincode,Indian postal code (pincode) of the seller's pickup or store location.,"analytics_insight.retail_b2c_ordernhm_bv.""Seller Pincode""",analytics_insight.retail_b2c_ordernhm_bv,
Delivery Pincode,Indian postal code of the buyer's delivery address.,"analytics_insight.retail_b2c_ordernhm_bv.""Delivery Pincode""",analytics_insight.retail_b2c_ordernhm_bv,
cancellation_code,ONDC-defined code indicating the specific reason an order was cancelled.,"analytics_insight.retail_b2c_ordernhm_bv.""cancellation_code""",analytics_insight.retail_b2c_ordernhm_bv,
Created at,Timestamp when the order was created on the network.,"analytics_insight.retail_b2c_ordernhm_bv.""Created at""",analytics_insight.retail_b2c_ordernhm_bv,
Updated at,"Timestamp of the most recent status update to the order, typically reflecting the final state change.","analytics_insight.retail_b2c_ordernhm_bv.""Updated at""",analytics_insight.retail_b2c_ordernhm_bv,
Updated,Date portion of the last order status update timestamp.,"analytics_insight.retail_b2c_ordernhm_bv.""Updated""",analytics_insight.retail_b2c_ordernhm_bv,
Shipped at,Timestamp when the order was handed over to logistics and marked as shipped.,"analytics_insight.retail_b2c_ordernhm_bv.""Shipped at""",analytics_insight.retail_b2c_ordernhm_bv,
Ready to Ship,Timestamp when the seller marked the order as packed and ready for pickup by the LSP.,"analytics_insight.retail_b2c_ordernhm_bv.""Ready to Ship""",analytics_insight.retail_b2c_ordernhm_bv,
Promised time,Promised delivery deadline (TAT commitment) agreed at order creation.,"analytics_insight.retail_b2c_ordernhm_bv.""Promised time""",analytics_insight.retail_b2c_ordernhm_bv,
domain,"ONDC network domain under which the order was placed (e.g., retail, F&B).","analytics_insight.retail_b2c_ordernhm_bv.""domain""",analytics_insight.retail_b2c_ordernhm_bv,
on-time-del,"Binary float flag (1.0 = on time, 0.0 = late) indicating whether the order was delivered within the promised TAT.","analytics_insight.retail_b2c_ordernhm_bv.""on-time-del""",analytics_insight.retail_b2c_ordernhm_bv,
tat_dif,Signed difference between actual delivery time and the promised TAT; positive values indicate a late delivery.,"analytics_insight.retail_b2c_ordernhm_bv.""tat_dif""",analytics_insight.retail_b2c_ordernhm_bv,
tat_diff_days,TAT breach or buffer expressed in fractional days.,"analytics_insight.retail_b2c_ordernhm_bv.""tat_diff_days""",analytics_insight.retail_b2c_ordernhm_bv,
day_diff,Number of calendar days elapsed between order creation date and delivery date.,"analytics_insight.retail_b2c_ordernhm_bv.""day_diff""",analytics_insight.retail_b2c_ordernhm_bv,
min_diff,"Number of minutes elapsed between order creation and delivery, used primarily for F&B TAT analysis.","analytics_insight.retail_b2c_ordernhm_bv.""min_diff""",analytics_insight.retail_b2c_ordernhm_bv,
tat_time,"Promised TAT duration for the order (typically in hours), as committed at order creation.","analytics_insight.retail_b2c_ordernhm_bv.""tat_time""",analytics_insight.retail_b2c_ordernhm_bv,
Category,"Primary product category of the order (e.g., F&B, Electronics, Fashion).","analytics_insight.retail_b2c_ordernhm_bv.""Category""",analytics_insight.retail_b2c_ordernhm_bv,
Consolidated_category,Broader grouped category used for cross-domain reporting and benchmarking.,"analytics_insight.retail_b2c_ordernhm_bv.""Consolidated_category""",analytics_insight.retail_b2c_ordernhm_bv,
ONDC order_status,"Current lifecycle status of the order on the ONDC network (e.g., Delivered, Cancelled, In Process, Part Delivered).","analytics_insight.retail_b2c_ordernhm_bv.""ONDC order_status""",analytics_insight.retail_b2c_ordernhm_bv,
no_key,"Row-level count key, always 1 per order row, used as the base unit for summing order counts in aggregations.","analytics_insight.retail_b2c_ordernhm_bv.""no_key""",analytics_insight.retail_b2c_ordernhm_bv,
Confirmed,Count indicator (equals no_key = 1) representing that the order was confirmed; every row in this view is a confirmed order.,"analytics_insight.retail_b2c_ordernhm_bv.""Confirmed""",analytics_insight.retail_b2c_ordernhm_bv,
Delivered,"Count indicator (1 if status = Delivered, else 0) for summing delivered order counts.","analytics_insight.retail_b2c_ordernhm_bv.""Delivered""",analytics_insight.retail_b2c_ordernhm_bv,
Cancelled,"Count indicator (1 if status = Cancelled, else 0) for summing cancelled order counts.","analytics_insight.retail_b2c_ordernhm_bv.""Cancelled""",analytics_insight.retail_b2c_ordernhm_bv,
In Process,"Count indicator (1 if status = In Process, else 0) for summing orders currently being processed.","analytics_insight.retail_b2c_ordernhm_bv.""In Process""",analytics_insight.retail_b2c_ordernhm_bv,
Part Delivered,"Count indicator (1 if status = Part Delivered, else 0) for summing partially delivered order counts.","analytics_insight.retail_b2c_ordernhm_bv.""Part Delivered""",analytics_insight.retail_b2c_ordernhm_bv,
SNP,"Short code or abbreviated identifier for the Seller Network Participant, defaulting to 'Others' if not mapped.","analytics_insight.retail_b2c_ordernhm_bv.""SNP""",analytics_insight.retail_b2c_ordernhm_bv,
BNP,"Short code or abbreviated identifier for the Buyer Network Participant, defaulting to 'Others' if not mapped.","analytics_insight.retail_b2c_ordernhm_bv.""BNP""",analytics_insight.retail_b2c_ordernhm_bv,
Cancellation code cal,"Binary flag (1 if a cancellation code is present, else 0) indicating the order has a recorded cancellation reason.","analytics_insight.retail_b2c_ordernhm_bv.""Cancellation code cal""",analytics_insight.retail_b2c_ordernhm_bv,
Delivered with TAT,"Count indicator for delivered orders that met the promised TAT (tat_dif = 0, i.e., on time or early).","analytics_insight.retail_b2c_ordernhm_bv.""Delivered with TAT""",analytics_insight.retail_b2c_ordernhm_bv,
Delivered beyond TAT,"Count indicator for delivered orders that exceeded the promised TAT (tat_dif > 0, i.e., late).","analytics_insight.retail_b2c_ordernhm_bv.""Delivered beyond TAT""",analytics_insight.retail_b2c_ordernhm_bv,
DBO,Count indicator for delivered orders where the actual delivery timestamp was at or before the promised time (Delivered Before or On-time).,"analytics_insight.retail_b2c_ordernhm_bv.""DBO""",analytics_insight.retail_b2c_ordernhm_bv,
Delivered beyond P.TAT,Count indicator for delivered orders (from 1 Nov 2023 onward) where the delivery date was strictly after the promised TAT date.,"analytics_insight.retail_b2c_ordernhm_bv.""Delivered beyond P.TAT""",analytics_insight.retail_b2c_ordernhm_bv,
Delivered within P.TAT,Count indicator for delivered orders (from 1 Nov 2023 onward) where the delivery date was on or before the promised TAT date.,"analytics_insight.retail_b2c_ordernhm_bv.""Delivered within P.TAT""",analytics_insight.retail_b2c_ordernhm_bv,
Breach (mins),"Signed time difference in minutes between actual resolution time and the promised TAT; positive = late, negative = early; uses current time for In Process orders.","analytics_insight.retail_b2c_ordernhm_bv.""Breach (mins)""",analytics_insight.retail_b2c_ordernhm_bv,
Breach (hrs),Same TAT breach measurement as 'Breach (mins)' expressed in hours.,"analytics_insight.retail_b2c_ordernhm_bv.""Breach (hrs)""",analytics_insight.retail_b2c_ordernhm_bv,
Breach (days),Same TAT breach measurement as 'Breach (mins)' expressed in days.,"analytics_insight.retail_b2c_ordernhm_bv.""Breach (days)""",analytics_insight.retail_b2c_ordernhm_bv,
Same Day,Count indicator for delivered orders that were delivered on the same calendar day they were placed (day_diff = 0).,"analytics_insight.retail_b2c_ordernhm_bv.""Same Day""",analytics_insight.retail_b2c_ordernhm_bv,
Next Day,Count indicator for delivered orders delivered exactly one calendar day after placement (day_diff = 1).,"analytics_insight.retail_b2c_ordernhm_bv.""Next Day""",analytics_insight.retail_b2c_ordernhm_bv,
Day + 2,Count indicator for delivered orders delivered exactly two calendar days after placement (day_diff = 2).,"analytics_insight.retail_b2c_ordernhm_bv.""Day + 2""",analytics_insight.retail_b2c_ordernhm_bv,
More than 2 Days,Count indicator for delivered orders that took more than two calendar days from placement to delivery.,"analytics_insight.retail_b2c_ordernhm_bv.""More than 2 Days""",analytics_insight.retail_b2c_ordernhm_bv,
On time deliveries,on-time-del value coalesced to 0; used as a summable numeric indicator of on-time deliveries in aggregations.,"analytics_insight.retail_b2c_ordernhm_bv.""On time deliveries""",analytics_insight.retail_b2c_ordernhm_bv,
F&B mins diff,Actual end-to-end delivery duration in minutes (creation to delivery) for F&B category delivered orders.,"analytics_insight.retail_b2c_ordernhm_bv.""F&B mins diff""",analytics_insight.retail_b2c_ordernhm_bv,
Within 15 mins,Count indicator for F&B delivered orders completed within 15 minutes of placement.,"analytics_insight.retail_b2c_ordernhm_bv.""Within 15 mins""",analytics_insight.retail_b2c_ordernhm_bv,
15 - 30 mins,Count indicator for F&B delivered orders completed between 15 and 30 minutes of placement.,"analytics_insight.retail_b2c_ordernhm_bv.""15 - 30 mins""",analytics_insight.retail_b2c_ordernhm_bv,
30 - 45 mins,Count indicator for F&B delivered orders completed between 30 and 45 minutes of placement.,"analytics_insight.retail_b2c_ordernhm_bv.""30 - 45 mins""",analytics_insight.retail_b2c_ordernhm_bv,
45 - 60 mins,Count indicator for F&B delivered orders completed between 45 and 60 minutes of placement.,"analytics_insight.retail_b2c_ordernhm_bv.""45 - 60 mins""",analytics_insight.retail_b2c_ordernhm_bv,
60 - 120 mins,Count indicator for F&B delivered orders completed between 60 and 120 minutes of placement.,"analytics_insight.retail_b2c_ordernhm_bv.""60 - 120 mins""",analytics_insight.retail_b2c_ordernhm_bv,
Above 120 mins,Count indicator for F&B delivered orders taking more than 120 minutes from placement to delivery.,"analytics_insight.retail_b2c_ordernhm_bv.""Above 120 mins""",analytics_insight.retail_b2c_ordernhm_bv,
TAT < 5 mins,Count indicator for F&B delivered orders with a promised TAT of under 5 minutes.,"analytics_insight.retail_b2c_ordernhm_bv.""TAT < 5 mins""",analytics_insight.retail_b2c_ordernhm_bv,
TAT 5-15 mins,Count indicator for F&B delivered orders with a promised TAT between 5 and 15 minutes.,"analytics_insight.retail_b2c_ordernhm_bv.""TAT 5-15 mins""",analytics_insight.retail_b2c_ordernhm_bv,
TAT 15-30 mins,Count indicator for F&B delivered orders with a promised TAT between 15 and 30 minutes.,"analytics_insight.retail_b2c_ordernhm_bv.""TAT 15-30 mins""",analytics_insight.retail_b2c_ordernhm_bv,
TAT 30-60 mins,Count indicator for F&B delivered orders with a promised TAT between 30 and 60 minutes.,"analytics_insight.retail_b2c_ordernhm_bv.""TAT 30-60 mins""",analytics_insight.retail_b2c_ordernhm_bv,
TAT > 60 mins,Count indicator for F&B delivered orders with a promised TAT exceeding 60 minutes.,"analytics_insight.retail_b2c_ordernhm_bv.""TAT > 60 mins""",analytics_insight.retail_b2c_ordernhm_bv,
TAT 0-6 hrs,Count indicator for non-F&B delivered orders with a promised TAT between 0 and 6 hours.,"analytics_insight.retail_b2c_ordernhm_bv.""TAT 0-6 hrs""",analytics_insight.retail_b2c_ordernhm_bv,
TAT 6-12 hrs,Count indicator for non-F&B delivered orders with a promised TAT between 6 and 12 hours.,"analytics_insight.retail_b2c_ordernhm_bv.""TAT 6-12 hrs""",analytics_insight.retail_b2c_ordernhm_bv,
TAT 12-24 hrs,Count indicator for non-F&B delivered orders with a promised TAT between 12 and 24 hours.,"analytics_insight.retail_b2c_ordernhm_bv.""TAT 12-24 hrs""",analytics_insight.retail_b2c_ordernhm_bv,
TAT 24-48 hrs,Count indicator for non-F&B delivered orders with a promised TAT between 24 and 48 hours.,"analytics_insight.retail_b2c_ordernhm_bv.""TAT 24-48 hrs""",analytics_insight.retail_b2c_ordernhm_bv,
TAT >48 hrs,Count indicator for non-F&B delivered orders with a promised TAT exceeding 48 hours.,"analytics_insight.retail_b2c_ordernhm_bv.""TAT >48 hrs""",analytics_insight.retail_b2c_ordernhm_bv,
TAT+1,Count indicator for delivered orders that arrived exactly 1 day beyond the promised TAT date.,"analytics_insight.retail_b2c_ordernhm_bv.""TAT+1""",analytics_insight.retail_b2c_ordernhm_bv,
TAT + 2,Count indicator for delivered orders that arrived exactly 2 days beyond the promised TAT date.,"analytics_insight.retail_b2c_ordernhm_bv.""TAT + 2""",analytics_insight.retail_b2c_ordernhm_bv,
TAT + 3,Count indicator for delivered orders that arrived exactly 3 days beyond the promised TAT date.,"analytics_insight.retail_b2c_ordernhm_bv.""TAT + 3""",analytics_insight.retail_b2c_ordernhm_bv,
TAT + 4,Count indicator for delivered orders that arrived exactly 4 days beyond the promised TAT date.,"analytics_insight.retail_b2c_ordernhm_bv.""TAT + 4""",analytics_insight.retail_b2c_ordernhm_bv,
TAT > 4,Count indicator for delivered orders that arrived more than 4 days beyond the promised TAT date.,"analytics_insight.retail_b2c_ordernhm_bv.""TAT > 4""",analytics_insight.retail_b2c_ordernhm_bv,
TAT (Same day),Count indicator for delivered orders delivered on the same calendar day as the promised TAT date.,"analytics_insight.retail_b2c_ordernhm_bv.""TAT (Same day)""",analytics_insight.retail_b2c_ordernhm_bv,
Non F&B days diff,"Fractional days from order creation to delivery for non-F&B delivered orders, used for TAT bucketing.","analytics_insight.retail_b2c_ordernhm_bv.""Non F&B days diff""",analytics_insight.retail_b2c_ordernhm_bv,
Shipped mark,Binary flag (1/0) indicating whether the order has been marked as shipped by the seller or LSP.,"analytics_insight.retail_b2c_ordernhm_bv.""Shipped mark""",analytics_insight.retail_b2c_ordernhm_bv,
Seller State,Indian state in which the seller's pickup location is situated.,"analytics_insight.retail_b2c_ordernhm_bv.""Seller State""",analytics_insight.retail_b2c_ordernhm_bv,
Delivery State,Indian state of the buyer's delivery address.,"analytics_insight.retail_b2c_ordernhm_bv.""Delivery State""",analytics_insight.retail_b2c_ordernhm_bv,
Seller City,City where the seller's pickup or store location is situated.,"analytics_insight.retail_b2c_ordernhm_bv.""Seller City""",analytics_insight.retail_b2c_ordernhm_bv,
Delivery City,City of the buyer's delivery address.,"analytics_insight.retail_b2c_ordernhm_bv.""Delivery City""",analytics_insight.retail_b2c_ordernhm_bv,
Seller Tier,"Tier classification of the seller's city (e.g., Tier 1, Tier 2, Tier 3) based on population or commerce ranking.","analytics_insight.retail_b2c_ordernhm_bv.""Seller Tier""",analytics_insight.retail_b2c_ordernhm_bv,
Delivery Tier,Tier classification of the delivery destination city.,"analytics_insight.retail_b2c_ordernhm_bv.""Delivery Tier""",analytics_insight.retail_b2c_ordernhm_bv,
Seller Zone,"Broad geographic zone (e.g., North, South, East, West) of the seller's location.","analytics_insight.retail_b2c_ordernhm_bv.""Seller Zone""",analytics_insight.retail_b2c_ordernhm_bv,
Delivery Zone,Broad geographic zone of the buyer's delivery address.,"analytics_insight.retail_b2c_ordernhm_bv.""Delivery Zone""",analytics_insight.retail_b2c_ordernhm_bv,
Delivery Type,"Classification of the delivery route (e.g., intra-city, inter-city, inter-state) based on seller and delivery locations.","analytics_insight.retail_b2c_ordernhm_bv.""Delivery Type""",analytics_insight.retail_b2c_ordernhm_bv,
Order type,"Classification of the order's commerce type (e.g., B2C, social commerce).","analytics_insight.retail_b2c_ordernhm_bv.""Order type""",analytics_insight.retail_b2c_ordernhm_bv,
Breach,"Binary flag (1 = TAT breached, 0 = within TAT) indicating whether the order violated its promised delivery deadline.","analytics_insight.retail_b2c_ordernhm_bv.""Breach""",analytics_insight.retail_b2c_ordernhm_bv,
Inprocessnew(tat),Count of In Process orders (under a revised definition) that have already exceeded their promised TAT as of the current time.,"analytics_insight.retail_b2c_ordernhm_bv.""Inprocessnew(tat)""",analytics_insight.retail_b2c_ordernhm_bv,
inprocess(tat),Count of In Process orders (original definition) that have already exceeded their promised TAT as of the current time.,"analytics_insight.retail_b2c_ordernhm_bv.""inprocess(tat)""",analytics_insight.retail_b2c_ordernhm_bv,
Buyer cancelled(tat),Count of buyer-cancelled orders where the TAT had already been breached at the time of cancellation.,"analytics_insight.retail_b2c_ordernhm_bv.""Buyer cancelled(tat)""",analytics_insight.retail_b2c_ordernhm_bv,
Logistics cancelled(tat),Count of logistics-cancelled orders where the TAT had already been breached at the time of cancellation.,"analytics_insight.retail_b2c_ordernhm_bv.""Logistics cancelled(tat)""",analytics_insight.retail_b2c_ordernhm_bv,
attributed_to,"Party attributed responsibility for the cancellation (e.g., buyer, seller, logistics provider).","analytics_insight.retail_b2c_ordernhm_bv.""attributed_to""",analytics_insight.retail_b2c_ordernhm_bv,
reason_for_cancellation,Free-text or coded reason describing why the order was cancelled.,"analytics_insight.retail_b2c_ordernhm_bv.""reason_for_cancellation""",analytics_insight.retail_b2c_ordernhm_bv,
is_triggers_rto,Flag indicating whether this order triggered a Return To Origin (RTO) shipment back to the seller.,"analytics_insight.retail_b2c_ordernhm_bv.""is_triggers_rto""",analytics_insight.retail_b2c_ordernhm_bv,
cancelled_by,"Entity that initiated the cancellation action — buyer, seller, or logistics service provider.","analytics_insight.retail_b2c_ordernhm_bv.""cancelled_by""",analytics_insight.retail_b2c_ordernhm_bv,
whether_applicable_for_part_cancel,Flag indicating whether the order is eligible for partial cancellation under ONDC policy.,"analytics_insight.retail_b2c_ordernhm_bv.""whether_applicable_for_part_cancel""",analytics_insight.retail_b2c_ordernhm_bv,
sorting,Auxiliary field used to control display sort order in dashboards or reports.,"analytics_insight.retail_b2c_ordernhm_bv.""sorting""",analytics_insight.retail_b2c_ordernhm_bv,
Buyer Cancel,"Count indicator (1 if cancelled by buyer, else 0) for summing buyer-initiated cancellations.","analytics_insight.retail_b2c_ordernhm_bv.""Buyer Cancel""",analytics_insight.retail_b2c_ordernhm_bv,
Seller Cancel,"Count indicator (1 if cancelled by seller, else 0) for summing seller-initiated cancellations.","analytics_insight.retail_b2c_ordernhm_bv.""Seller Cancel""",analytics_insight.retail_b2c_ordernhm_bv,
Logistics Cancel,"Count indicator (1 if cancelled by the logistics provider, else 0) for summing LSP-initiated cancellations.","analytics_insight.retail_b2c_ordernhm_bv.""Logistics Cancel""",analytics_insight.retail_b2c_ordernhm_bv,
Cancelled att,"Attribution label for the cancellation, indicating which party (buyer, seller, logistics) is held responsible.","analytics_insight.retail_b2c_ordernhm_bv.""Cancelled att""",analytics_insight.retail_b2c_ordernhm_bv,
In Process (Dt),Count indicator for orders that were in the In Process state on the record date.,"analytics_insight.retail_b2c_ordernhm_bv.""In Process (Dt)""",analytics_insight.retail_b2c_ordernhm_bv,
delivered(tat),Count indicator for delivered orders that were fulfilled within the promised TAT.,"analytics_insight.retail_b2c_ordernhm_bv.""delivered(tat)""",analytics_insight.retail_b2c_ordernhm_bv,
Social Cred Orders,Count indicator for orders placed via social commerce or social credibility channels on the ONDC network.,"analytics_insight.retail_b2c_ordernhm_bv.""Social Cred Orders""",analytics_insight.retail_b2c_ordernhm_bv,
network_transaction_id,"Unique transaction identifier at the ONDC network level, linking all messages in an order lifecycle.","analytics_insight.retail_b2c_ordernhm_bv.""network_transaction_id""",analytics_insight.retail_b2c_ordernhm_bv,
f_agent_assigned_at,Timestamp when a delivery agent was assigned to the order by the logistics service provider.,"analytics_insight.retail_b2c_ordernhm_bv.""f_agent_assigned_at""",analytics_insight.retail_b2c_ordernhm_bv,
f_rto_initiated_at,Timestamp when the Return To Origin process was formally initiated for an undeliverable or rejected order.,"analytics_insight.retail_b2c_ordernhm_bv.""f_rto_initiated_at""",analytics_insight.retail_b2c_ordernhm_bv,
f_rto_delivered_at,Timestamp when the returned shipment was successfully delivered back to the seller under RTO.,"analytics_insight.retail_b2c_ordernhm_bv.""f_rto_delivered_at""",analytics_insight.retail_b2c_ordernhm_bv,
f_rto_requested_at,"Timestamp when an RTO was first requested, typically by the buyer or LSP before formal initiation.","analytics_insight.retail_b2c_ordernhm_bv.""f_rto_requested_at""",analytics_insight.retail_b2c_ordernhm_bv,
"▼ retail_error_bv   (view, 28 cols)",,,analytics_insight.retail_error_bv,"SELECT pe.""Created At"",
    pe.""Domain"",
    pe.""Order Level"",
    pe.""Action"",
    pe.""Base_action"",
    pe.""Bap ID"",
    bnp.buyer_np_name AS ""Buyer NP"",
    pe.""Bpp ID"",
    snp.seller_np_name AS ""Seller NP"",
        CASE
            WHEN pe.""Bpp ID"" IS NOT NULL AND TRIM(BOTH FROM pe.""Bpp ID""::text) <> ''::text THEN 'DETAILED ANALYSIS OF SELLER NP - '::text || pe.""Bpp ID""::text
            ELSE 'DETAILED ANALYSIS OF SELLER NP - OVERALL'::text
        END AS ""BPP Title"",
        CASE
            WHEN pe.""Bap ID"" IS NOT NULL AND TRIM(BOTH FROM pe.""Bap ID""::text) <> ''::text THEN 'DETAILED ANALYSIS OF BUYER NP - '::text || pe.""Bap ID""::text
            ELSE 'DETAILED ANALYSIS OF BUYER NP - OVERALL'::text
        END AS ""BAP Title"",
        CASE
            WHEN pe.""Bpp ID"" IS NOT NULL AND TRIM(BOTH FROM pe.""Bpp ID""::text) <> ''::text THEN pe.""Bpp ID""::text || '(Seller NP)'::text
            ELSE 'Overall(Seller NP)'::text
        END AS ""BPP Subtitle"",
        CASE
            WHEN pe.""Bap ID"" IS NOT NULL AND TRIM(BOTH FROM pe.""Bap ID""::text) <> ''::text THEN pe.""Bap ID""::text || '(Buyer NP)'::text
            ELSE 'Overall(Buyer NP)'::text
        END AS ""BAP Subtitle"",
        CASE
            WHEN pe.""Created At"" IS NOT NULL THEN 'Attempt to Confirm on '::text || to_char(pe.""Created At""::date::timestamp with time zone, 'DD Mon''YY'::text)
            ELSE NULL::text
        END AS ""Title for KPI"",
    pe.""Provider ID"",
    pe.""Error Code"",
    ecc.message AS ""Message"",
    ecc.error_description AS ""Error Description"",
    pe.""Count"",
    pe.""Mcount"",
        CASE
            WHEN pe.""Action""::text = 'on_select'::text THEN COALESCE(pe.""Count"", 0::bigint)
            ELSE 0::bigint
        END AS on_select,
        CASE
            WHEN pe.""Action""::text = 'on_init'::text THEN COALESCE(pe.""Count"", 0::bigint)
            ELSE 0::bigint
        END AS on_init,
        CASE
            WHEN pe.""Action""::text = 'on_confirm'::text THEN COALESCE(pe.""Count"", 0::bigint)
            ELSE 0::bigint
        END AS on_confirm,
        CASE
            WHEN pe.""Action""::text = 'on_status'::text THEN COALESCE(pe.""Count"", 0::bigint)
            ELSE 0::bigint
        END AS on_status,
        CASE
            WHEN pe.""Action""::text = 'on_cancel'::text THEN COALESCE(pe.""Count"", 0::bigint)
            ELSE 0::bigint
        END AS on_cancel,
        CASE
            WHEN pe.""Action""::text = 'confirm'::text THEN COALESCE(pe.""Count"", 0::bigint)
            ELSE 0::bigint
        END AS confirm,
        CASE
            WHEN pe.""Action""::text = 'init'::text THEN COALESCE(pe.""Count"", 0::bigint)
            ELSE 0::bigint
        END AS init,
    COALESCE(pe.""Count"", 0::bigint) AS ""Total Errors""
   FROM analytics_insight.retail_processed_error pe
     LEFT JOIN dimension.dim_retail_buyer_np bnp ON bnp.buyer_np::text = pe.""Bap ID""::text
     LEFT JOIN dimension.dim_retail_seller_np snp ON snp.seller_np::text = pe.""Bpp ID""::text
     LEFT JOIN dimension.dim_error_code_category ecc ON ecc.error_code::text = pe.""Error Code""::text;"
Created At,Timestamp when the error event was recorded in the ONDC network.,"analytics_insight.retail_error_bv.""Created At""",analytics_insight.retail_error_bv,
Domain,"ONDC domain category under which the transaction occurred (e.g., retail, grocery, mobility).","analytics_insight.retail_error_bv.""Domain""",analytics_insight.retail_error_bv,
Order Level,"Granularity level within the order at which the error occurred (e.g., item, fulfillment, order).","analytics_insight.retail_error_bv.""Order Level""",analytics_insight.retail_error_bv,
Action,"ONDC API callback or request action that returned the error (e.g., on_select, on_confirm, init).","analytics_insight.retail_error_bv.""Action""",analytics_insight.retail_error_bv,
Base_action,Parent or originating action that triggered the corresponding callback action carrying the error.,"analytics_insight.retail_error_bv.""Base_action""",analytics_insight.retail_error_bv,
Bap ID,Unique network identifier of the Buyer Application Platform (buyer-side network participant) involved in the transaction.,"analytics_insight.retail_error_bv.""Bap ID""",analytics_insight.retail_error_bv,
Buyer NP,Human-readable name of the buyer network participant resolved from the BAP ID dimension table.,"analytics_insight.retail_error_bv.""Buyer NP""",analytics_insight.retail_error_bv,
Bpp ID,Unique network identifier of the Buyer-side Provider Platform (seller-side network participant) involved in the transaction.,"analytics_insight.retail_error_bv.""Bpp ID""",analytics_insight.retail_error_bv,
Seller NP,Human-readable name of the seller network participant resolved from the BPP ID dimension table.,"analytics_insight.retail_error_bv.""Seller NP""",analytics_insight.retail_error_bv,
BPP Title,"Dashboard display heading for seller NP drill-down analysis, showing BPP ID or 'OVERALL' when no specific seller NP is filtered.","analytics_insight.retail_error_bv.""BPP Title""",analytics_insight.retail_error_bv,
BAP Title,"Dashboard display heading for buyer NP drill-down analysis, showing BAP ID or 'OVERALL' when no specific buyer NP is filtered.","analytics_insight.retail_error_bv.""BAP Title""",analytics_insight.retail_error_bv,
BPP Subtitle,"Short display label combining BPP ID with a '(Seller NP)' suffix for chart subtitles, or 'Overall(Seller NP)' in aggregate views.","analytics_insight.retail_error_bv.""BPP Subtitle""",analytics_insight.retail_error_bv,
BAP Subtitle,"Short display label combining BAP ID with a '(Buyer NP)' suffix for chart subtitles, or 'Overall(Buyer NP)' in aggregate views.","analytics_insight.retail_error_bv.""BAP Subtitle""",analytics_insight.retail_error_bv,
Title for KPI,KPI card heading indicating the confirmation attempt date formatted as 'Attempt to Confirm on DD Mon YY'.,"analytics_insight.retail_error_bv.""Title for KPI""",analytics_insight.retail_error_bv,
Provider ID,Unique identifier of the individual seller or provider catalog entity on the seller network participant's platform.,"analytics_insight.retail_error_bv.""Provider ID""",analytics_insight.retail_error_bv,
Error Code,Standardised ONDC error code returned in the API response identifying the category of failure.,"analytics_insight.retail_error_bv.""Error Code""",analytics_insight.retail_error_bv,
Message,Short human-readable error message mapped from the error code via the error code category dimension.,"analytics_insight.retail_error_bv.""Message""",analytics_insight.retail_error_bv,
Error Description,Detailed explanation of the error code's business meaning sourced from the error code category dimension.,"analytics_insight.retail_error_bv.""Error Description""",analytics_insight.retail_error_bv,
Count,Raw count of error occurrences for this action–error code–participant combination in the given time period.,"analytics_insight.retail_error_bv.""Count""",analytics_insight.retail_error_bv,
Mcount,"Secondary error count, typically representing a deduplicated or merchant-scoped variant of the raw error count for cross-validation.","analytics_insight.retail_error_bv.""Mcount""",analytics_insight.retail_error_bv,
on_select,Error count attributable to on_select callbacks; zero when the row's action is any other type.,"analytics_insight.retail_error_bv.""on_select""",analytics_insight.retail_error_bv,
on_init,Error count attributable to on_init callbacks; zero when the row's action is any other type.,"analytics_insight.retail_error_bv.""on_init""",analytics_insight.retail_error_bv,
on_confirm,Error count attributable to on_confirm callbacks; zero when the row's action is any other type.,"analytics_insight.retail_error_bv.""on_confirm""",analytics_insight.retail_error_bv,
on_status,Error count attributable to on_status callbacks; zero when the row's action is any other type.,"analytics_insight.retail_error_bv.""on_status""",analytics_insight.retail_error_bv,
on_cancel,Error count attributable to on_cancel callbacks; zero when the row's action is any other type.,"analytics_insight.retail_error_bv.""on_cancel""",analytics_insight.retail_error_bv,
confirm,Error count attributable to confirm request actions; zero when the row's action is any other type.,"analytics_insight.retail_error_bv.""confirm""",analytics_insight.retail_error_bv,
init,Error count attributable to init request actions; zero when the row's action is any other type.,"analytics_insight.retail_error_bv.""init""",analytics_insight.retail_error_bv,
Total Errors,"Total error count for the row, equivalent to Count but null-safe (defaults to zero when Count is null).","analytics_insight.retail_error_bv.""Total Errors""",analytics_insight.retail_error_bv,
"▼ retail_funnel_bv   (view, 64 cols)",,,analytics_insight.retail_funnel_bv,"SELECT f.bpp_id,
    f.bap_id,
    dm.domain,
    f.transaction_id,
    f.provider_id,
    f.order_status,
    f.cancellation_type,
    f.seller_pincode,
    f.provider_name,
    f.delivery_pincode,
    f.is_error,
    f.error_code,
    f.first_seen_date,
    f.hour_of_day,
    f.min_trans_type_sp,
    f.max_trans_type_sp,
    f.max_error_trans_type_sp,
    f.end_trans_type,
    f.qsr,
    snp.seller_np_name AS ""Seller NP"",
    bnp.buyer_np_name AS ""Buyer NP"",
        CASE
            WHEN COALESCE(TRIM(BOTH FROM snp.seller_np_name), ''::text) = COALESCE(TRIM(BOTH FROM bnp.buyer_np_name), ''::text) THEN 'Intra NP'::text
            ELSE 'Inter NP'::text
        END AS ""Call Type"",
    ecc.category AS error_category,
        CASE
            WHEN NULLIF(TRIM(BOTH FROM f.provider_id), ''::text) IS NULL THEN NULL::text
            ELSE (COALESCE(TRIM(BOTH FROM f.bpp_id), ''::text) || '_'::text) || TRIM(BOTH FROM f.provider_id)
        END AS provider_key,
    (f.min_trans_type_sp = 1)::integer AS ""Select"",
    (f.max_trans_type_sp >= 2)::integer AS on_select,
    (f.max_trans_type_sp >= 3)::integer AS ""Init"",
    (f.max_trans_type_sp >= 4)::integer AS on_init,
    (f.max_trans_type_sp >= 5)::integer AS ""Confirm_"",
    (f.max_trans_type_sp = 6)::integer AS on_confirm,
    (f.max_trans_type_sp >= 6 AND lower(TRIM(BOTH FROM f.end_trans_type)) = 'confirm'::text AND (f.max_error_trans_type_sp IS NULL OR f.max_error_trans_type_sp <> 6))::integer AS ""Confirm"",
    (lower(TRIM(BOTH FROM f.end_trans_type)) = 'confirm'::text AND lower(TRIM(BOTH FROM f.order_status)) = 'delivered'::text)::integer AS ""Select to Delivered"",
    (lower(TRIM(BOTH FROM f.end_trans_type)) = 'confirm'::text AND lower(TRIM(BOTH FROM f.order_status)) = 'cancelled'::text)::integer AS ""Select to Cancelled"",
    (lower(TRIM(BOTH FROM f.end_trans_type)) = 'confirm'::text AND lower(TRIM(BOTH FROM f.order_status)) = 'in process'::text)::integer AS ""Confirm to inprocess"",
    (lower(TRIM(BOTH FROM f.end_trans_type)) = 'confirm'::text AND lower(TRIM(BOTH FROM f.order_status)) = 'delivered'::text)::integer AS ""Confirm to Delivered"",
    (lower(TRIM(BOTH FROM f.end_trans_type)) = 'confirm'::text AND lower(TRIM(BOTH FROM f.order_status)) = 'in process'::text)::integer AS ""In Process"",
    (f.max_trans_type_sp <= 2 AND lower(TRIM(BOTH FROM f.is_error)) = 'yes'::text)::integer AS ""On_Select Error"",
    (f.max_trans_type_sp >= 5 AND f.max_trans_type_sp <= 6 AND lower(TRIM(BOTH FROM f.is_error)) = 'yes'::text)::integer AS ""On_Confirm Error"",
    (f.max_trans_type_sp = 2 AND lower(TRIM(BOTH FROM f.is_error)) = 'no'::text)::integer AS ""Drop not due to Error (Select-Init) absolute"",
    (f.max_trans_type_sp <= 2 AND TRIM(BOTH FROM ecc.category) = 'Logistics'::text AND lower(TRIM(BOTH FROM f.is_error)) = 'yes'::text)::integer AS ""Drop due to Error (Select-Init) (logistics) absolute"",
    (f.max_trans_type_sp <= 2 AND TRIM(BOTH FROM ecc.category) = 'Merchant Not Available'::text AND lower(TRIM(BOTH FROM f.is_error)) = 'yes'::text)::integer AS ""Drop due to Error (Select-Init) (merchant) absolute"",
    (f.max_trans_type_sp <= 2 AND TRIM(BOTH FROM ecc.category) = 'Inventory'::text AND lower(TRIM(BOTH FROM f.is_error)) = 'yes'::text)::integer AS ""Drop due to Error (Select-Init) (inventory) absolute"",
    (f.max_trans_type_sp <= 2 AND TRIM(BOTH FROM ecc.category) = 'Others'::text AND lower(TRIM(BOTH FROM f.is_error)) = 'yes'::text)::integer AS ""Drop due to Error (Select-Init) (others) absolute"",
    (f.max_trans_type_sp = 4 AND lower(TRIM(BOTH FROM f.is_error)) = 'no'::text)::integer AS ""Drop not due to Error (Init-Confirm) absolute"",
    (f.max_trans_type_sp >= 3 AND f.max_trans_type_sp <= 4 AND lower(TRIM(BOTH FROM f.is_error)) = 'yes'::text AND TRIM(BOTH FROM ecc.category) = 'Logistics'::text AND f.max_error_trans_type_sp = f.max_trans_type_sp)::integer AS ""Drop due to Error (Init-Confirm) (logistics) absolute"",
    (f.max_trans_type_sp >= 3 AND f.max_trans_type_sp <= 4 AND lower(TRIM(BOTH FROM f.is_error)) = 'yes'::text AND TRIM(BOTH FROM ecc.category) = 'Merchant Not Available'::text AND f.max_trans_type_sp = f.max_error_trans_type_sp)::integer AS ""Drop due to Error (Init-Confirm) (merchant) absolute"",
    (f.max_trans_type_sp >= 5 AND f.max_trans_type_sp <= 6 AND lower(TRIM(BOTH FROM f.is_error)) = 'yes'::text AND TRIM(BOTH FROM ecc.category) = 'Logistics'::text AND f.max_error_trans_type_sp = f.max_trans_type_sp)::integer AS ""Drop due to Error (Confirm-on_confirm) (logistics) absolute"",
    (f.max_trans_type_sp >= 1 AND f.max_trans_type_sp <= 6 AND lower(TRIM(BOTH FROM f.is_error)) = 'yes'::text AND TRIM(BOTH FROM ecc.category) = 'Others'::text AND f.max_trans_type_sp = f.max_error_trans_type_sp)::integer AS ""Drop due to Error (select-Confirm) (others) absolute"",
    (f.max_trans_type_sp >= 1 AND f.max_trans_type_sp <= 6 AND lower(TRIM(BOTH FROM f.is_error)) = 'yes'::text AND TRIM(BOTH FROM ecc.category) = 'Logistics'::text AND f.max_trans_type_sp = f.max_error_trans_type_sp)::integer AS ""Drop due to Error (select-Confirm) (logistics) absolute"",
    (f.max_trans_type_sp >= 1 AND f.max_trans_type_sp <= 6 AND lower(TRIM(BOTH FROM f.is_error)) = 'yes'::text AND TRIM(BOTH FROM ecc.category) = 'Merchant Not Available'::text AND f.max_trans_type_sp = f.max_error_trans_type_sp)::integer AS ""Drop due to Error (select-Confirm) (merchant) absolute"",
    (f.max_trans_type_sp >= 1 AND f.max_trans_type_sp <= 6 AND lower(TRIM(BOTH FROM f.is_error)) = 'yes'::text AND TRIM(BOTH FROM ecc.category) = 'Inventory'::text AND f.max_trans_type_sp = f.max_error_trans_type_sp)::integer AS ""Drop due to Error (Select-Confirm) (inventory) absolute"",
    (f.max_trans_type_sp >= 3 AND f.max_trans_type_sp <= 4 AND lower(TRIM(BOTH FROM f.is_error)) = 'yes'::text AND TRIM(BOTH FROM ecc.category) = 'Inventory'::text AND f.max_error_trans_type_sp = f.max_trans_type_sp)::integer AS ""Drop due to Error (Init-Confirm) (inventory) absolute"",
    ((f.max_trans_type_sp = ANY (ARRAY[2, 4])) AND (f.max_error_trans_type_sp IS NULL OR f.max_trans_type_sp <> f.max_error_trans_type_sp))::integer AS ""Drop not due to Error (Select-Confirm) absolute"",
    (lower(TRIM(BOTH FROM f.end_trans_type)) = 'confirm'::text AND lower(TRIM(BOTH FROM f.order_status)) = 'cancelled'::text AND lower(TRIM(BOTH FROM f.cancellation_type)) = 'seller'::text)::integer AS ""Cancelled (Select - Seller)"",
    (lower(TRIM(BOTH FROM f.end_trans_type)) = 'confirm'::text AND lower(TRIM(BOTH FROM f.order_status)) = 'cancelled'::text AND lower(TRIM(BOTH FROM f.cancellation_type)) = 'buyer'::text)::integer AS ""Cancelled (Select - Buyer)"",
    (lower(TRIM(BOTH FROM f.end_trans_type)) = 'confirm'::text AND lower(TRIM(BOTH FROM f.order_status)) = 'cancelled'::text AND lower(TRIM(BOTH FROM f.cancellation_type)) = 'logistics'::text)::integer AS ""Cancelled (Select - Logistics)"",
    sp.statename AS ""Seller State"",
    dp.statename AS ""Delivery State"",
    COALESCE(sp.districtname, 'Undefined'::character varying) AS ""Seller City"",
    COALESCE(dp.districtname, 'Undefined'::character varying) AS ""Delivery City"",
    COALESCE(sp.tier, 'Undefined'::character varying) AS ""Seller Tier"",
    COALESCE(dp.tier, 'Undefined'::character varying) AS ""Delivery Tier"",
    COALESCE(sp.zones, 'Undefined'::character varying) AS ""Seller Zone"",
    COALESCE(dp.zones, 'Undefined'::character varying) AS ""Delivery Zone""
   FROM analytics_insight.retail_order_funnel f
     LEFT JOIN dimension.dim_error_code_category ecc ON TRIM(BOTH FROM f.error_code) = TRIM(BOTH FROM ecc.error_code)
     LEFT JOIN dimension.dim_retail_seller_np snp ON f.bpp_id = snp.seller_np::text
     LEFT JOIN dimension.dim_retail_buyer_np bnp ON f.bap_id = bnp.buyer_np::text
     LEFT JOIN dimension.dim_domain_mapping dm ON f.domain = dm.code::text
     LEFT JOIN dimension.dim_pincode sp ON f.seller_pincode = sp.pincode::text
     LEFT JOIN dimension.dim_pincode dp ON f.delivery_pincode = dp.pincode::text;"
bpp_id,Unique identifier of the Seller Network Participant (BPP – Beckn Provider Platform) on the ONDC network.,"analytics_insight.retail_funnel_bv.""bpp_id""",analytics_insight.retail_funnel_bv,
bap_id,Unique identifier of the Buyer Network Participant (BAP – Beckn Application Platform) on the ONDC network.,"analytics_insight.retail_funnel_bv.""bap_id""",analytics_insight.retail_funnel_bv,
domain,"ONDC retail sub-domain or category (e.g., Grocery, F&B) to which the transaction belongs.","analytics_insight.retail_funnel_bv.""domain""",analytics_insight.retail_funnel_bv,
transaction_id,Unique ONDC session ID linking all API calls (select → on_confirm) for a single buyer-seller interaction.,"analytics_insight.retail_funnel_bv.""transaction_id""",analytics_insight.retail_funnel_bv,
provider_id,Identifier of the individual seller or store registered on the BPP platform.,"analytics_insight.retail_funnel_bv.""provider_id""",analytics_insight.retail_funnel_bv,
order_status,"Final lifecycle status of the order (e.g., Delivered, Cancelled, In Process).","analytics_insight.retail_funnel_bv.""order_status""",analytics_insight.retail_funnel_bv,
cancellation_type,"Category indicating who initiated cancellation and the stated reason (Buyer, Seller, Logistics, etc.).","analytics_insight.retail_funnel_bv.""cancellation_type""",analytics_insight.retail_funnel_bv,
seller_pincode,Indian postal (PIN) code of the seller's fulfillment or warehouse location.,"analytics_insight.retail_funnel_bv.""seller_pincode""",analytics_insight.retail_funnel_bv,
provider_name,Display name of the seller or store as registered on the BPP platform.,"analytics_insight.retail_funnel_bv.""provider_name""",analytics_insight.retail_funnel_bv,
delivery_pincode,Indian postal (PIN) code of the buyer's delivery destination.,"analytics_insight.retail_funnel_bv.""delivery_pincode""",analytics_insight.retail_funnel_bv,
is_error,Flag ('yes'/'no') indicating whether any ONDC API error occurred during the transaction.,"analytics_insight.retail_funnel_bv.""is_error""",analytics_insight.retail_funnel_bv,
error_code,Specific ONDC protocol error code returned in an API response during the transaction.,"analytics_insight.retail_funnel_bv.""error_code""",analytics_insight.retail_funnel_bv,
first_seen_date,Calendar date on which the transaction's first API call was observed.,"analytics_insight.retail_funnel_bv.""first_seen_date""",analytics_insight.retail_funnel_bv,
hour_of_day,"Hour of day (0–23) when the transaction's first API call was received, used for time-of-day analysis.","analytics_insight.retail_funnel_bv.""hour_of_day""",analytics_insight.retail_funnel_bv,
min_trans_type_sp,Numeric code of the earliest ONDC API call step reached in the transaction (1 = /select).,"analytics_insight.retail_funnel_bv.""min_trans_type_sp""",analytics_insight.retail_funnel_bv,
max_trans_type_sp,"Numeric code of the furthest ONDC API call step reached in the transaction (1=/select … 6=/on_confirm), representing funnel depth.","analytics_insight.retail_funnel_bv.""max_trans_type_sp""",analytics_insight.retail_funnel_bv,
max_error_trans_type_sp,Numeric code of the most advanced API call step at which an error was recorded in the transaction.,"analytics_insight.retail_funnel_bv.""max_error_trans_type_sp""",analytics_insight.retail_funnel_bv,
end_trans_type,"The final API call type that concluded the transaction (e.g., 'confirm', 'on_select').","analytics_insight.retail_funnel_bv.""end_trans_type""",analytics_insight.retail_funnel_bv,
qsr,Flag indicating whether the seller is classified as a Quick Service Restaurant.,"analytics_insight.retail_funnel_bv.""qsr""",analytics_insight.retail_funnel_bv,
Seller NP,Human-readable name of the Seller Network Participant (BPP) platform.,"analytics_insight.retail_funnel_bv.""Seller NP""",analytics_insight.retail_funnel_bv,
Buyer NP,Human-readable name of the Buyer Network Participant (BAP) platform.,"analytics_insight.retail_funnel_bv.""Buyer NP""",analytics_insight.retail_funnel_bv,
Call Type,Whether buyer and seller are on the same NP platform ('Intra NP') or different platforms ('Inter NP').,"analytics_insight.retail_funnel_bv.""Call Type""",analytics_insight.retail_funnel_bv,
error_category,"Business classification of the error encountered in the transaction (Logistics, Merchant Not Available, Inventory, Others).","analytics_insight.retail_funnel_bv.""error_category""",analytics_insight.retail_funnel_bv,
provider_key,Composite unique key (bpp_id + provider_id) to globally identify a specific seller across the network.,"analytics_insight.retail_funnel_bv.""provider_key""",analytics_insight.retail_funnel_bv,
Select,"Binary flag (1/0) indicating the transaction initiated a /select API call, marking funnel entry.","analytics_insight.retail_funnel_bv.""Select""",analytics_insight.retail_funnel_bv,
on_select,Binary flag (1/0) indicating the BPP returned an /on_select response (funnel step 2 reached).,"analytics_insight.retail_funnel_bv.""on_select""",analytics_insight.retail_funnel_bv,
Init,Binary flag (1/0) indicating the buyer sent an /init API call to begin order initialisation (step 3 reached).,"analytics_insight.retail_funnel_bv.""Init""",analytics_insight.retail_funnel_bv,
on_init,Binary flag (1/0) indicating the BPP returned an /on_init response with order terms (step 4 reached).,"analytics_insight.retail_funnel_bv.""on_init""",analytics_insight.retail_funnel_bv,
Confirm_,Binary flag (1/0) indicating the buyer sent a /confirm request to place the order (step 5 reached).,"analytics_insight.retail_funnel_bv.""Confirm_""",analytics_insight.retail_funnel_bv,
on_confirm,Binary flag (1/0) indicating the BPP returned an /on_confirm acknowledgement (step 6 reached).,"analytics_insight.retail_funnel_bv.""on_confirm""",analytics_insight.retail_funnel_bv,
Confirm,Binary flag (1/0) indicating a clean successful order confirmation: reached on_confirm with no error recorded at that step.,"analytics_insight.retail_funnel_bv.""Confirm""",analytics_insight.retail_funnel_bv,
Select to Delivered,Binary flag (1/0) indicating the transaction entered at Select and the order was ultimately Delivered.,"analytics_insight.retail_funnel_bv.""Select to Delivered""",analytics_insight.retail_funnel_bv,
Select to Cancelled,Binary flag (1/0) indicating the transaction entered at Select but the order was ultimately Cancelled.,"analytics_insight.retail_funnel_bv.""Select to Cancelled""",analytics_insight.retail_funnel_bv,
Confirm to inprocess,Binary flag (1/0) indicating a confirmed order whose current status is In Process (fulfillment started).,"analytics_insight.retail_funnel_bv.""Confirm to inprocess""",analytics_insight.retail_funnel_bv,
Confirm to Delivered,Binary flag (1/0) indicating a confirmed order that reached Delivered status.,"analytics_insight.retail_funnel_bv.""Confirm to Delivered""",analytics_insight.retail_funnel_bv,
In Process,Binary flag (1/0) indicating a confirmed order currently in the In Process fulfillment stage.,"analytics_insight.retail_funnel_bv.""In Process""",analytics_insight.retail_funnel_bv,
On_Select Error,Binary flag (1/0) indicating the transaction encountered an error at or before the on_select step (step ≤ 2).,"analytics_insight.retail_funnel_bv.""On_Select Error""",analytics_insight.retail_funnel_bv,
On_Confirm Error,Binary flag (1/0) indicating the transaction encountered an error at the Confirm or on_confirm step (steps 5–6).,"analytics_insight.retail_funnel_bv.""On_Confirm Error""",analytics_insight.retail_funnel_bv,
Drop not due to Error (Select-Init) absolute,Binary flag (1/0): transaction stalled at on_select without progressing to Init and with no error present (organic/non-error drop).,"analytics_insight.retail_funnel_bv.""Drop not due to Error (Select-Init) absolute""",analytics_insight.retail_funnel_bv,
Drop due to Error (Select-Init) (logistics) absolute,Binary flag (1/0): transaction dropped between Select and Init specifically due to a Logistics-category error.,"analytics_insight.retail_funnel_bv.""Drop due to Error (Select-Init) (logistics) absolute""",analytics_insight.retail_funnel_bv,
Drop due to Error (Select-Init) (merchant) absolute,Binary flag (1/0): transaction dropped between Select and Init due to a Merchant Not Available error.,"analytics_insight.retail_funnel_bv.""Drop due to Error (Select-Init) (merchant) absolute""",analytics_insight.retail_funnel_bv,
Drop due to Error (Select-Init) (inventory) absolute,Binary flag (1/0): transaction dropped between Select and Init due to an Inventory error.,"analytics_insight.retail_funnel_bv.""Drop due to Error (Select-Init) (inventory) absolute""",analytics_insight.retail_funnel_bv,
Drop due to Error (Select-Init) (others) absolute,Binary flag (1/0): transaction dropped between Select and Init due to an Others-category error.,"analytics_insight.retail_funnel_bv.""Drop due to Error (Select-Init) (others) absolute""",analytics_insight.retail_funnel_bv,
Drop not due to Error (Init-Confirm) absolute,Binary flag (1/0): transaction stalled at on_init without progressing to Confirm and with no error present (organic drop).,"analytics_insight.retail_funnel_bv.""Drop not due to Error (Init-Confirm) absolute""",analytics_insight.retail_funnel_bv,
Drop due to Error (Init-Confirm) (logistics) absolute,Binary flag (1/0): transaction dropped between Init and Confirm due to a Logistics error occurring at the furthest step reached.,"analytics_insight.retail_funnel_bv.""Drop due to Error (Init-Confirm) (logistics) absolute""",analytics_insight.retail_funnel_bv,
Drop due to Error (Init-Confirm) (merchant) absolute,Binary flag (1/0): transaction dropped between Init and Confirm due to a Merchant Not Available error at the furthest step reached.,"analytics_insight.retail_funnel_bv.""Drop due to Error (Init-Confirm) (merchant) absolute""",analytics_insight.retail_funnel_bv,
Drop due to Error (Confirm-on_confirm) (logistics) absolute,Binary flag (1/0): transaction dropped between Confirm and on_confirm due to a Logistics error at the furthest step reached.,"analytics_insight.retail_funnel_bv.""Drop due to Error (Confirm-on_confirm) (logistics) absolute""",analytics_insight.retail_funnel_bv,
Drop due to Error (select-Confirm) (others) absolute,Binary flag (1/0): transaction dropped anywhere in the Select-to-Confirm funnel due to an Others-category error at the furthest step reached.,"analytics_insight.retail_funnel_bv.""Drop due to Error (select-Confirm) (others) absolute""",analytics_insight.retail_funnel_bv,
Drop due to Error (select-Confirm) (logistics) absolute,Binary flag (1/0): transaction dropped anywhere in the Select-to-Confirm funnel due to a Logistics error at the furthest step reached.,"analytics_insight.retail_funnel_bv.""Drop due to Error (select-Confirm) (logistics) absolute""",analytics_insight.retail_funnel_bv,
Drop due to Error (select-Confirm) (merchant) absolute,Binary flag (1/0): transaction dropped anywhere in the Select-to-Confirm funnel due to a Merchant Not Available error at the furthest step reached.,"analytics_insight.retail_funnel_bv.""Drop due to Error (select-Confirm) (merchant) absolute""",analytics_insight.retail_funnel_bv,
Drop due to Error (Select-Confirm) (inventory) absolute,Binary flag (1/0): transaction dropped anywhere in the Select-to-Confirm funnel due to an Inventory error at the furthest step reached.,"analytics_insight.retail_funnel_bv.""Drop due to Error (Select-Confirm) (inventory) absolute""",analytics_insight.retail_funnel_bv,
Drop due to Error (Init-Confirm) (inventory) absolute,Binary flag (1/0): transaction dropped between Init and Confirm due to an Inventory error at the furthest step reached.,"analytics_insight.retail_funnel_bv.""Drop due to Error (Init-Confirm) (inventory) absolute""",analytics_insight.retail_funnel_bv,
Drop not due to Error (Select-Confirm) absolute,Binary flag (1/0): transaction dropped somewhere in the full Select-to-Confirm funnel with no error present (organic non-error drop across any pre-confirm step).,"analytics_insight.retail_funnel_bv.""Drop not due to Error (Select-Confirm) absolute""",analytics_insight.retail_funnel_bv,
Cancelled (Select - Seller),Binary flag (1/0) indicating a post-confirm order that was cancelled by the Seller.,"analytics_insight.retail_funnel_bv.""Cancelled (Select - Seller)""",analytics_insight.retail_funnel_bv,
Cancelled (Select - Buyer),Binary flag (1/0) indicating a post-confirm order that was cancelled by the Buyer.,"analytics_insight.retail_funnel_bv.""Cancelled (Select - Buyer)""",analytics_insight.retail_funnel_bv,
Cancelled (Select - Logistics),Binary flag (1/0) indicating a post-confirm order that was cancelled due to a Logistics issue.,"analytics_insight.retail_funnel_bv.""Cancelled (Select - Logistics)""",analytics_insight.retail_funnel_bv,
Seller State,"Indian state derived from the seller's PIN code, used for geographic segmentation.","analytics_insight.retail_funnel_bv.""Seller State""",analytics_insight.retail_funnel_bv,
Delivery State,"Indian state derived from the delivery PIN code, used for geographic segmentation.","analytics_insight.retail_funnel_bv.""Delivery State""",analytics_insight.retail_funnel_bv,
Seller City,City derived from the seller's PIN code.,"analytics_insight.retail_funnel_bv.""Seller City""",analytics_insight.retail_funnel_bv,
Delivery City,City derived from the delivery PIN code.,"analytics_insight.retail_funnel_bv.""Delivery City""",analytics_insight.retail_funnel_bv,
Seller Tier,Tier classification (Tier 1/2/3) of the seller's city based on population or market size.,"analytics_insight.retail_funnel_bv.""Seller Tier""",analytics_insight.retail_funnel_bv,
Delivery Tier,Tier classification (Tier 1/2/3) of the delivery destination city.,"analytics_insight.retail_funnel_bv.""Delivery Tier""",analytics_insight.retail_funnel_bv,
Seller Zone,"Broad geographic zone (e.g., North, South, East, West) of the seller's location.","analytics_insight.retail_funnel_bv.""Seller Zone""",analytics_insight.retail_funnel_bv,
Delivery Zone,Broad geographic zone of the delivery destination.,"analytics_insight.retail_funnel_bv.""Delivery Zone""",analytics_insight.retail_funnel_bv,
"▼ retail_funnel_v2   (base table, 77 cols)",,,analytics_insight.retail_funnel_v2,
bpp_id,Unique identifier of the Beckn Provider Platform (seller-side network participant) involved in the transaction.,"analytics_insight.retail_funnel_v2.""bpp_id""",analytics_insight.retail_funnel_v2,
bap_id,Unique identifier of the Beckn Application Platform (buyer-side network participant) that originated the transaction.,"analytics_insight.retail_funnel_v2.""bap_id""",analytics_insight.retail_funnel_v2,
domain,"ONDC sector/vertical of the transaction (e.g., retail grocery, F&B, fashion).","analytics_insight.retail_funnel_v2.""domain""",analytics_insight.retail_funnel_v2,
transaction_id,Unique end-to-end ONDC session identifier linking all API calls for a single buyer journey.,"analytics_insight.retail_funnel_v2.""transaction_id""",analytics_insight.retail_funnel_v2,
provider_id,Unique identifier of the merchant or seller as registered on the BPP.,"analytics_insight.retail_funnel_v2.""provider_id""",analytics_insight.retail_funnel_v2,
order_status,"Final or current lifecycle state of the order (e.g., Created, Accepted, Cancelled, Completed).","analytics_insight.retail_funnel_v2.""order_status""",analytics_insight.retail_funnel_v2,
cancellation_type,"Indicates who initiated cancellation — buyer, seller, or system — and the reason category.","analytics_insight.retail_funnel_v2.""cancellation_type""",analytics_insight.retail_funnel_v2,
seller_pincode,Indian postal code of the seller's store or fulfilment location.,"analytics_insight.retail_funnel_v2.""seller_pincode""",analytics_insight.retail_funnel_v2,
provider_name,Brand or merchant name of the seller as published on the BPP catalog.,"analytics_insight.retail_funnel_v2.""provider_name""",analytics_insight.retail_funnel_v2,
delivery_pincode,Indian postal code of the buyer's requested delivery address.,"analytics_insight.retail_funnel_v2.""delivery_pincode""",analytics_insight.retail_funnel_v2,
is_error,Flag indicating whether the transaction encountered at least one ONDC protocol error.,"analytics_insight.retail_funnel_v2.""is_error""",analytics_insight.retail_funnel_v2,
error_code,ONDC-standard error code returned at the failing stage of the transaction.,"analytics_insight.retail_funnel_v2.""error_code""",analytics_insight.retail_funnel_v2,
txn_timestamp,Timestamp of the primary transaction event captured in the funnel.,"analytics_insight.retail_funnel_v2.""txn_timestamp""",analytics_insight.retail_funnel_v2,
first_seen_date,Date the transaction was first ingested into the data warehouse.,"analytics_insight.retail_funnel_v2.""first_seen_date""",analytics_insight.retail_funnel_v2,
hour_of_day,Hour of day (0–23) extracted from the transaction timestamp for time-of-day analysis.,"analytics_insight.retail_funnel_v2.""hour_of_day""",analytics_insight.retail_funnel_v2,
min_trans_type_sp,Numeric code of the earliest transaction stage reached on the seller platform in this session.,"analytics_insight.retail_funnel_v2.""min_trans_type_sp""",analytics_insight.retail_funnel_v2,
max_trans_type_sp,Numeric code of the furthest transaction stage reached on the seller platform in this session.,"analytics_insight.retail_funnel_v2.""max_trans_type_sp""",analytics_insight.retail_funnel_v2,
max_error_trans_type_sp,Numeric code of the transaction stage at which the most downstream error occurred on the seller platform.,"analytics_insight.retail_funnel_v2.""max_error_trans_type_sp""",analytics_insight.retail_funnel_v2,
end_trans_type,"Final ONDC API stage at which the transaction terminated (e.g., search, select, init, confirm).","analytics_insight.retail_funnel_v2.""end_trans_type""",analytics_insight.retail_funnel_v2,
dropped_due_to_error,Binary flag (1/0) indicating the transaction was abandoned because of an error rather than buyer intent.,"analytics_insight.retail_funnel_v2.""dropped_due_to_error""",analytics_insight.retail_funnel_v2,
qsr,Flag indicating whether the provider is classified as a Quick Service Restaurant.,"analytics_insight.retail_funnel_v2.""qsr""",analytics_insight.retail_funnel_v2,
error_type_flag,"Categorical label classifying the root-cause error type (e.g., inventory, serviceability, logistics, merchant).","analytics_insight.retail_funnel_v2.""error_type_flag""",analytics_insight.retail_funnel_v2,
error_context_ts_ist,Timestamp in IST at which the error context was recorded or the error event occurred.,"analytics_insight.retail_funnel_v2.""error_context_ts_ist""",analytics_insight.retail_funnel_v2,
provider_location_id,Unique identifier of the seller's specific physical store or outlet on the BPP.,"analytics_insight.retail_funnel_v2.""provider_location_id""",analytics_insight.retail_funnel_v2,
provider_order_timings,Operating hours or order-acceptance window as configured by the provider in their catalog.,"analytics_insight.retail_funnel_v2.""provider_order_timings""",analytics_insight.retail_funnel_v2,
provider_last_on_search_type,Search event type during which the provider was last observed as active on the network.,"analytics_insight.retail_funnel_v2.""provider_last_on_search_type""",analytics_insight.retail_funnel_v2,
provider_last_status_on_search_id,Search session ID associated with the provider's most recent known status event.,"analytics_insight.retail_funnel_v2.""provider_last_status_on_search_id""",analytics_insight.retail_funnel_v2,
provider_last_status_timestamp,Timestamp of the provider's most recent availability or operational status update on the network.,"analytics_insight.retail_funnel_v2.""provider_last_status_timestamp""",analytics_insight.retail_funnel_v2,
provider_last_status,"Most recent operational status of the provider as seen on the network (e.g., enabled, disabled).","analytics_insight.retail_funnel_v2.""provider_last_status""",analytics_insight.retail_funnel_v2,
error_store_timing_flag,Flag indicating whether the error coincides with the store being outside its configured operating hours.,"analytics_insight.retail_funnel_v2.""error_store_timing_flag""",analytics_insight.retail_funnel_v2,
buyer_attributed_merchant_error,Binary flag (1/0) indicating a merchant-category error where buyer behavior is the root cause.,"analytics_insight.retail_funnel_v2.""buyer_attributed_merchant_error""",analytics_insight.retail_funnel_v2,
seller_attributed_merchant_error,Binary flag (1/0) indicating a merchant-category error where the seller or provider is the root cause.,"analytics_insight.retail_funnel_v2.""seller_attributed_merchant_error""",analytics_insight.retail_funnel_v2,
store_error_diff_mins,"Minutes elapsed between the store's last status update and the error occurrence, used to assess staleness.","analytics_insight.retail_funnel_v2.""store_error_diff_mins""",analytics_insight.retail_funnel_v2,
store_error_diff_hours,Hours elapsed between the store's last status update and the error occurrence.,"analytics_insight.retail_funnel_v2.""store_error_diff_hours""",analytics_insight.retail_funnel_v2,
store_error_recency_flag,Categorical label classifying how recent the store's last status change was relative to when the error occurred.,"analytics_insight.retail_funnel_v2.""store_error_recency_flag""",analytics_insight.retail_funnel_v2,
pc_item_name,Name of the catalog item involved in or relevant to the transaction error.,"analytics_insight.retail_funnel_v2.""pc_item_name""",analytics_insight.retail_funnel_v2,
item_id,Unique identifier of the catalog item on the BPP.,"analytics_insight.retail_funnel_v2.""item_id""",analytics_insight.retail_funnel_v2,
item_type,"Classification of the catalog entry (e.g., item, variant, customisation).","analytics_insight.retail_funnel_v2.""item_type""",analytics_insight.retail_funnel_v2,
custom_menu_name,Name of the custom menu section or category grouping the item on the seller's catalog.,"analytics_insight.retail_funnel_v2.""custom_menu_name""",analytics_insight.retail_funnel_v2,
custom_menu_id,Unique identifier of the custom menu or category the item belongs to.,"analytics_insight.retail_funnel_v2.""custom_menu_id""",analytics_insight.retail_funnel_v2,
pc_item_label,"Display label or badge associated with the item in the product catalog (e.g., veg, non-veg, bestseller).","analytics_insight.retail_funnel_v2.""pc_item_label""",analytics_insight.retail_funnel_v2,
pc_item_available_quantity,Stock or quantity of the item as last published in the seller's product catalog.,"analytics_insight.retail_funnel_v2.""pc_item_available_quantity""",analytics_insight.retail_funnel_v2,
item_last_on_search_type,Search event type during which this item was last seen as available on the network.,"analytics_insight.retail_funnel_v2.""item_last_on_search_type""",analytics_insight.retail_funnel_v2,
item_last_transaction,Identifier or stage of the most recent transaction that involved this item.,"analytics_insight.retail_funnel_v2.""item_last_transaction""",analytics_insight.retail_funnel_v2,
item_last_status_timestamp,Timestamp of the most recent availability status update published for this item.,"analytics_insight.retail_funnel_v2.""item_last_status_timestamp""",analytics_insight.retail_funnel_v2,
item_last_status,"Most recent availability state of the item as seen on the network (e.g., in_stock, out_of_stock).","analytics_insight.retail_funnel_v2.""item_last_status""",analytics_insight.retail_funnel_v2,
error_item_timing_flag,Flag indicating whether the error correlates with item-level availability or timing issues.,"analytics_insight.retail_funnel_v2.""error_item_timing_flag""",analytics_insight.retail_funnel_v2,
error_menu_timing_flag,Flag indicating whether the error correlates with menu-level availability or operating-time issues.,"analytics_insight.retail_funnel_v2.""error_menu_timing_flag""",analytics_insight.retail_funnel_v2,
buyer_attributed_inventory_error,"Binary flag (1/0) indicating an inventory error where the buyer's request (e.g., stale cart) is the root cause.","analytics_insight.retail_funnel_v2.""buyer_attributed_inventory_error""",analytics_insight.retail_funnel_v2,
seller_attributed_inventory_error,Binary flag (1/0) indicating an inventory error where the seller's catalog or stock management is the root cause.,"analytics_insight.retail_funnel_v2.""seller_attributed_inventory_error""",analytics_insight.retail_funnel_v2,
item_error_diff_mins,"Minutes elapsed between the item's last status update and the error, used to assess catalog staleness.","analytics_insight.retail_funnel_v2.""item_error_diff_mins""",analytics_insight.retail_funnel_v2,
item_error_diff_hours,Hours elapsed between the item's last status update and the error.,"analytics_insight.retail_funnel_v2.""item_error_diff_hours""",analytics_insight.retail_funnel_v2,
item_error_recency_flag,Categorical label classifying how recent the item's last status change was relative to the error.,"analytics_insight.retail_funnel_v2.""item_error_recency_flag""",analytics_insight.retail_funnel_v2,
pc_delivery_gps,"GPS coordinates (latitude, longitude) of the buyer's delivery address as submitted in the order.","analytics_insight.retail_funnel_v2.""pc_delivery_gps""",analytics_insight.retail_funnel_v2,
is_valid_gps,Binary flag (1/0) indicating whether the delivery GPS coordinates are parseable and within valid geographic ranges.,"analytics_insight.retail_funnel_v2.""is_valid_gps""",analytics_insight.retail_funnel_v2,
is_valid_pincode,Binary flag (1/0) indicating whether the delivery pincode is a structurally valid Indian postal code.,"analytics_insight.retail_funnel_v2.""is_valid_pincode""",analytics_insight.retail_funnel_v2,
is_within_india,Binary flag (1/0) indicating whether the delivery GPS coordinates fall within India's geographic boundary.,"analytics_insight.retail_funnel_v2.""is_within_india""",analytics_insight.retail_funnel_v2,
serviceability_type_label,"Label describing the method used to assess delivery serviceability (e.g., pincode list, geofence polygon, radius).","analytics_insight.retail_funnel_v2.""serviceability_type_label""",analytics_insight.retail_funnel_v2,
serviceability_verifiability,Indicates whether the seller's serviceability claim can be independently verified using available data.,"analytics_insight.retail_funnel_v2.""serviceability_verifiability""",analytics_insight.retail_funnel_v2,
provider_location_serviceability_unit,"Granularity unit at which the seller's serviceability is defined for this location (e.g., pincode, polygon, circle).","analytics_insight.retail_funnel_v2.""provider_location_serviceability_unit""",analytics_insight.retail_funnel_v2,
geojson_type,"GeoJSON geometry type used for the seller's serviceability boundary (e.g., Polygon, MultiPolygon).","analytics_insight.retail_funnel_v2.""geojson_type""",analytics_insight.retail_funnel_v2,
geojson_status,"Quality status of the seller's GeoJSON serviceability data (e.g., valid, missing, malformed).","analytics_insight.retail_funnel_v2.""geojson_status""",analytics_insight.retail_funnel_v2,
geo_json_shared,Binary flag (1/0) indicating whether the seller has published a GeoJSON boundary for their serviceability area.,"analytics_insight.retail_funnel_v2.""geo_json_shared""",analytics_insight.retail_funnel_v2,
delivery_within_geofence,Binary flag (1/0) indicating whether the buyer's delivery GPS falls inside the seller's GeoJSON serviceability polygon.,"analytics_insight.retail_funnel_v2.""delivery_within_geofence""",analytics_insight.retail_funnel_v2,
within_pincode_fence,Binary flag (1/0) indicating whether the buyer's delivery pincode is in the seller's serviceable pincode list.,"analytics_insight.retail_funnel_v2.""within_pincode_fence""",analytics_insight.retail_funnel_v2,
buyer_attributed_serviceability_error,Binary flag (1/0) indicating a serviceability error caused by the buyer's address being outside any serviceable zone.,"analytics_insight.retail_funnel_v2.""buyer_attributed_serviceability_error""",analytics_insight.retail_funnel_v2,
seller_attributed_serviceability_error,"Binary flag (1/0) indicating a serviceability error caused by incorrect, missing, or misconfigured seller serviceability data.","analytics_insight.retail_funnel_v2.""seller_attributed_serviceability_error""",analytics_insight.retail_funnel_v2,
unknown_attributed_serviceability_error,Binary flag (1/0) indicating a serviceability error where attribution to buyer or seller cannot be determined.,"analytics_insight.retail_funnel_v2.""unknown_attributed_serviceability_error""",analytics_insight.retail_funnel_v2,
buyer_attributed_logistics,"Binary flag (1/0) indicating a logistics failure attributable to the buyer (e.g., wrong address, recipient unavailable).","analytics_insight.retail_funnel_v2.""buyer_attributed_logistics""",analytics_insight.retail_funnel_v2,
lsp_attributed_logistics,"Binary flag (1/0) indicating a logistics failure attributable to the Logistics Service Provider (e.g., delivery agent no-show).","analytics_insight.retail_funnel_v2.""lsp_attributed_logistics""",analytics_insight.retail_funnel_v2,
seller_attributed_logistics,"Binary flag (1/0) indicating a logistics failure attributable to the seller (e.g., order not ready, packaging failure).","analytics_insight.retail_funnel_v2.""seller_attributed_logistics""",analytics_insight.retail_funnel_v2,
buyer_others_attributed,"Binary flag (1/0) indicating a miscellaneous non-inventory, non-serviceability, non-logistics error attributable to the buyer.","analytics_insight.retail_funnel_v2.""buyer_others_attributed""",analytics_insight.retail_funnel_v2,
seller_others_attributed,"Binary flag (1/0) indicating a miscellaneous non-inventory, non-serviceability, non-logistics error attributable to the seller.","analytics_insight.retail_funnel_v2.""seller_others_attributed""",analytics_insight.retail_funnel_v2,
overall_buyer_attributed,Composite binary flag (1/0) indicating the buyer is responsible for at least one error across all error categories in this transaction.,"analytics_insight.retail_funnel_v2.""overall_buyer_attributed""",analytics_insight.retail_funnel_v2,
overall_seller_attributed,Composite binary flag (1/0) indicating the seller is responsible for at least one error across all error categories in this transaction.,"analytics_insight.retail_funnel_v2.""overall_seller_attributed""",analytics_insight.retail_funnel_v2,
overall_lsp_attributed,Composite binary flag (1/0) indicating the LSP is responsible for at least one error across all error categories in this transaction.,"analytics_insight.retail_funnel_v2.""overall_lsp_attributed""",analytics_insight.retail_funnel_v2,
overall_unknown_attributed,Composite binary flag (1/0) indicating at least one error in this transaction could not be attributed to any identified party.,"analytics_insight.retail_funnel_v2.""overall_unknown_attributed""",analytics_insight.retail_funnel_v2,
"▼ retail_funnel_v2_bv   (view, 107 cols)",,,analytics_insight.retail_funnel_v2_bv,"SELECT f.bpp_id,
    f.bap_id,
    f.domain,
    f.transaction_id,
    f.provider_id,
    f.order_status,
    f.cancellation_type,
    f.seller_pincode,
    f.provider_name,
    f.delivery_pincode,
    f.is_error,
    f.error_code,
    f.txn_timestamp,
    f.first_seen_date,
    f.hour_of_day,
    f.min_trans_type_sp,
    f.max_trans_type_sp,
    f.max_error_trans_type_sp,
    f.end_trans_type,
    f.dropped_due_to_error,
    f.qsr,
    snp.seller_np_name AS ""Seller NP"",
    bnp.buyer_np_name AS ""Buyer NP"",
        CASE
            WHEN COALESCE(TRIM(BOTH FROM snp.seller_np_name), ''::text) = COALESCE(TRIM(BOTH FROM bnp.buyer_np_name), ''::text) THEN 'Intra NP'::text
            ELSE 'Inter NP'::text
        END AS ""Call Type"",
    TRIM(BOTH FROM ecc.message) AS error_message,
    TRIM(BOTH FROM ecc.category) AS error_category,
        CASE
            WHEN NULLIF(TRIM(BOTH FROM f.provider_id), ''::text) IS NULL THEN NULL::text
            ELSE (COALESCE(TRIM(BOTH FROM f.bpp_id), ''::text) || '_'::text) || TRIM(BOTH FROM f.provider_id)
        END AS provider_key,
    sp.statename AS ""Seller State"",
    dp.statename AS ""Delivery State"",
    COALESCE(sp.districtname, 'Undefined'::character varying) AS ""Seller City"",
    COALESCE(dp.districtname, 'Undefined'::character varying) AS ""Delivery City"",
    COALESCE(sp.tier, 'Undefined'::character varying) AS ""Seller Tier"",
    COALESCE(dp.tier, 'Undefined'::character varying) AS ""Delivery Tier"",
    COALESCE(sp.zones, 'Undefined'::character varying) AS ""Seller Zone"",
    COALESCE(dp.zones, 'Undefined'::character varying) AS ""Delivery Zone"",
    (f.buyer_attributed_logistics = 1 AND f.dropped_due_to_error = 1)::integer AS ""BNP Attributed Logistics"",
    (f.overall_buyer_attributed = 1 AND f.dropped_due_to_error = 1)::integer AS ""BNP Attribution"",
    (f.buyer_attributed_inventory_error = 1 AND f.dropped_due_to_error = 1)::integer AS ""BNP Attribution Inventory"",
    (f.buyer_attributed_serviceability_error = 1 AND f.dropped_due_to_error = 1)::integer AS ""BNP Attribution Location"",
    (f.buyer_attributed_merchant_error = 1 AND f.dropped_due_to_error = 1)::integer AS ""BNP Attribution Merchant"",
    (lower(TRIM(BOTH FROM f.end_trans_type)) = 'confirm'::text AND lower(TRIM(BOTH FROM f.order_status)) = 'cancelled'::text AND lower(TRIM(BOTH FROM f.cancellation_type)) = 'buyer'::text)::integer AS ""Cancelled (Select - Buyer)"",
    (lower(TRIM(BOTH FROM f.end_trans_type)) = 'confirm'::text AND lower(TRIM(BOTH FROM f.order_status)) = 'cancelled'::text AND lower(TRIM(BOTH FROM f.cancellation_type)) = 'logistics'::text)::integer AS ""Cancelled (Select - Logistics)"",
    (lower(TRIM(BOTH FROM f.end_trans_type)) = 'confirm'::text AND lower(TRIM(BOTH FROM f.order_status)) = 'cancelled'::text AND lower(TRIM(BOTH FROM f.cancellation_type)) = 'seller'::text)::integer AS ""Cancelled (Select - Seller)"",
    (f.max_trans_type_sp >= 6 AND lower(TRIM(BOTH FROM f.end_trans_type)) = 'confirm'::text AND (f.max_error_trans_type_sp IS NULL OR f.max_error_trans_type_sp <> 6))::integer AS ""Confirm"",
    (lower(TRIM(BOTH FROM f.end_trans_type)) = 'confirm'::text AND lower(TRIM(BOTH FROM f.order_status)) = 'delivered'::text)::integer AS ""Confirm to Delivered"",
    (lower(TRIM(BOTH FROM f.end_trans_type)) = 'confirm'::text AND lower(TRIM(BOTH FROM f.order_status)) = 'in process'::text)::integer AS ""Confirm to inprocess"",
    (f.max_trans_type_sp >= 5)::integer AS ""Confirm_"",
    (f.dropped_due_to_error = 1 AND TRIM(BOTH FROM COALESCE(f.error_type_flag, ''::text)) = 'Location Serviceability'::text AND TRIM(BOTH FROM COALESCE(f.error_store_timing_flag, ''::text)) <> 'error_outside_store_timing'::text AND TRIM(BOTH FROM COALESCE(f.serviceability_type_label, ''::text)) = 'distance'::text)::integer AS ""distance Shared Location"",
    (f.dropped_due_to_error = 1 AND TRIM(BOTH FROM COALESCE(TRIM(BOTH FROM ecc.message), ''::text)) = 'Business Error'::text)::integer AS ""Drop due to Error – Business Error (absolute)"",
    (f.dropped_due_to_error = 1 AND TRIM(BOTH FROM COALESCE(TRIM(BOTH FROM ecc.message), ''::text)) = 'Internal Error'::text)::integer AS ""Drop due to Error – Internal Error (absolute)"",
    (f.dropped_due_to_error = 1 AND TRIM(BOTH FROM COALESCE(TRIM(BOTH FROM ecc.message), ''::text)) = 'Invalid request'::text)::integer AS ""Drop due to Error – Invalid request (absolute)"",
    (f.dropped_due_to_error = 1 AND TRIM(BOTH FROM COALESCE(TRIM(BOTH FROM ecc.message), ''::text)) = 'Item not found'::text)::integer AS ""Drop due to Error – Item not found (absolute)"",
    (f.dropped_due_to_error = 1 AND TRIM(BOTH FROM COALESCE(TRIM(BOTH FROM ecc.message), ''::text)) = 'Item quantity unavailable'::text)::integer AS ""Drop due to Error – Item quantity unavailable (absolute)"",
    (TRIM(BOTH FROM ecc.message) = 'Location Serviceability error'::text AND TRIM(BOTH FROM f.error_code) = '30010'::text AND f.dropped_due_to_error = 1)::integer AS ""Drop due to Error – Location Serviceability error (absolute)"",
    (TRIM(BOTH FROM ecc.message) = 'Location Serviceability error'::text AND TRIM(BOTH FROM f.error_code) = '30009'::text AND f.dropped_due_to_error = 1)::integer AS ""Drop due to Error – Location Serviceability error 30009 (abso"",
    (f.dropped_due_to_error = 1 AND TRIM(BOTH FROM COALESCE(TRIM(BOTH FROM ecc.message), ''::text)) = 'Maximum order qty exceeded'::text)::integer AS ""Drop due to Error – Maximum order qty exceeded (absolute)"",
    (f.dropped_due_to_error = 1 AND TRIM(BOTH FROM COALESCE(TRIM(BOTH FROM ecc.message), ''::text)) = 'Merchant Inactive'::text)::integer AS ""Drop due to Error – Merchant Inactive (absolute)"",
    (f.dropped_due_to_error = 1 AND TRIM(BOTH FROM COALESCE(TRIM(BOTH FROM ecc.message), ''::text)) = 'Merchant unavailable'::text)::integer AS ""Drop due to Error – Merchant unavailable (absolute)"",
    (f.dropped_due_to_error = 1 AND TRIM(BOTH FROM COALESCE(TRIM(BOTH FROM ecc.message), ''::text)) = 'Minimum order value error'::text)::integer AS ""Drop due to Error – Minimum order value error (absolute)"",
    (f.dropped_due_to_error = 1 AND TRIM(BOTH FROM COALESCE(TRIM(BOTH FROM ecc.message), ''::text)) = 'Order Confirm Error'::text)::integer AS ""Drop due to Error – Order Confirm Error (absolute)"",
    (f.dropped_due_to_error = 1 AND TRIM(BOTH FROM COALESCE(TRIM(BOTH FROM ecc.message), ''::text)) = 'Order Serviceability error'::text)::integer AS ""Drop due to Error – Order Serviceability error (absolute)"",
    (f.dropped_due_to_error = 1 AND TRIM(BOTH FROM COALESCE(TRIM(BOTH FROM ecc.message), ''::text)) = 'Others'::text)::integer AS ""Drop due to Error – Others (absolute)"",
    (f.dropped_due_to_error = 1 AND TRIM(BOTH FROM COALESCE(TRIM(BOTH FROM ecc.message), ''::text)) = 'Stale Request'::text)::integer AS ""Drop due to Error – Stale Request (absolute)"",
    (f.max_trans_type_sp >= 3 AND f.max_trans_type_sp <= 4 AND TRIM(BOTH FROM ecc.category) = 'Inventory'::text AND f.dropped_due_to_error = 1)::integer AS ""Drop due to Error (Init-Confirm) (inventory) absolute"",
    (f.max_trans_type_sp >= 3 AND f.max_trans_type_sp <= 4 AND lower(TRIM(BOTH FROM f.is_error)) = 'yes'::text AND TRIM(BOTH FROM ecc.category) = 'Logistics'::text AND f.max_error_trans_type_sp = f.max_trans_type_sp)::integer AS ""Drop due to Error (Init-Confirm) (logistics) absolute"",
    (f.max_trans_type_sp >= 1 AND f.max_trans_type_sp <= 6 AND lower(TRIM(BOTH FROM f.is_error)) = 'yes'::text AND f.max_error_trans_type_sp = f.max_trans_type_sp)::integer AS ""Drop due to Error (Select-Confirm) (absolute)"",
    (f.max_trans_type_sp >= 1 AND f.max_trans_type_sp <= 6 AND lower(TRIM(BOTH FROM f.is_error)) = 'yes'::text AND TRIM(BOTH FROM ecc.category) = 'Inventory'::text AND f.max_trans_type_sp = f.max_error_trans_type_sp)::integer AS ""Drop due to Error (Select-Confirm) (inventory) absolute"",
    (f.max_trans_type_sp >= 1 AND f.max_trans_type_sp <= 6 AND lower(TRIM(BOTH FROM f.is_error)) = 'yes'::text AND TRIM(BOTH FROM ecc.category) = 'Logistics'::text AND f.max_trans_type_sp = f.max_error_trans_type_sp)::integer AS ""Drop due to Error (select-Confirm) (logistics) absolute"",
    (f.max_trans_type_sp >= 1 AND f.max_trans_type_sp <= 6 AND lower(TRIM(BOTH FROM f.is_error)) = 'yes'::text AND TRIM(BOTH FROM ecc.category) = 'Merchant Not Available'::text AND f.max_trans_type_sp = f.max_error_trans_type_sp)::integer AS ""Drop due to Error (select-Confirm) (merchant) absolute"",
    ((f.max_trans_type_sp = ANY (ARRAY[2, 4])) AND (f.max_error_trans_type_sp IS NULL OR f.max_trans_type_sp <> f.max_error_trans_type_sp))::integer AS ""Drop not due to Error (Select-Confirm) absolute"",
    (f.max_trans_type_sp = 2 AND lower(TRIM(BOTH FROM f.is_error)) = 'no'::text)::integer AS ""Drop not due to Error (Select-Init) absolute"",
    (f.dropped_due_to_error = 1 AND TRIM(BOTH FROM COALESCE(f.error_type_flag, ''::text)) = 'Inventory'::text AND TRIM(BOTH FROM COALESCE(f.error_store_timing_flag, ''::text)) = 'error_outside_store_timing'::text)::integer AS ""Error outside store timing Inventory"",
    (f.dropped_due_to_error = 1 AND TRIM(BOTH FROM COALESCE(f.error_type_flag, ''::text)) = 'Location Serviceability'::text AND TRIM(BOTH FROM COALESCE(f.error_store_timing_flag, ''::text)) = 'error_outside_store_timing'::text)::integer AS ""Error outside store timing Location"",
    (f.dropped_due_to_error = 1 AND TRIM(BOTH FROM COALESCE(f.error_type_flag, ''::text)) = 'Merchant'::text AND TRIM(BOTH FROM COALESCE(f.error_store_timing_flag, ''::text)) = 'error_outside_store_timing'::text)::integer AS ""Error outside store timing Merchant"",
    (f.dropped_due_to_error = 1)::integer AS ""Errors Count"",
    (f.dropped_due_to_error = 1 AND TRIM(BOTH FROM COALESCE(f.error_type_flag, ''::text)) = 'Location Serviceability'::text AND TRIM(BOTH FROM COALESCE(f.error_store_timing_flag, ''::text)) <> 'error_outside_store_timing'::text AND TRIM(BOTH FROM COALESCE(f.serviceability_type_label, ''::text)) = 'geojson'::text)::integer AS ""Geo Json Shared Location"",
    (f.dropped_due_to_error = 1 AND f.is_within_india = 0 AND TRIM(BOTH FROM COALESCE(f.error_type_flag, ''::text)) = 'Location Serviceability'::text)::integer AS ""GPS Outside India Location"",
    (f.max_trans_type_sp >= 3)::integer AS ""Init"",
    (f.is_valid_gps = 0 AND f.dropped_due_to_error = 1 AND TRIM(BOTH FROM COALESCE(f.error_type_flag, ''::text)) = 'Location Serviceability'::text)::integer AS ""Invalid GPS Location"",
    (TRIM(BOTH FROM COALESCE(f.error_type_flag, ''::text)) = 'Inventory'::text AND f.dropped_due_to_error = 1 AND TRIM(BOTH FROM COALESCE(f.error_store_timing_flag, ''::text)) <> 'error_outside_store_timing'::text AND (lower(TRIM(BOTH FROM f.provider_last_status)) <> ALL (ARRAY['close'::text, 'disable'::text])) AND TRIM(BOTH FROM COALESCE(f.item_id, ''::text)) <> 'not_received'::text AND TRIM(BOTH FROM COALESCE(f.item_last_on_search_type, ''::text)) <> 'no_on_search_before_error'::text AND TRIM(BOTH FROM COALESCE(f.error_menu_timing_flag, ''::text)) <> 'error_outside_menu_timing'::text AND TRIM(BOTH FROM COALESCE(f.error_item_timing_flag, ''::text)) <> 'error_outside_item_timing'::text AND TRIM(BOTH FROM COALESCE(f.item_last_status, ''::text)) = 'available'::text)::integer AS ""Item available Inventory"",
    (TRIM(BOTH FROM COALESCE(f.error_type_flag, ''::text)) = 'Inventory'::text AND f.dropped_due_to_error = 1 AND TRIM(BOTH FROM COALESCE(f.error_store_timing_flag, ''::text)) <> 'error_outside_store_timing'::text AND (lower(TRIM(BOTH FROM f.provider_last_status)) <> ALL (ARRAY['close'::text, 'disable'::text])) AND TRIM(BOTH FROM COALESCE(f.item_id, ''::text)) = 'not_received'::text)::integer AS ""Item Not Received Inventory"",
    (TRIM(BOTH FROM COALESCE(f.error_type_flag, ''::text)) = 'Inventory'::text AND f.dropped_due_to_error = 1 AND TRIM(BOTH FROM COALESCE(f.error_store_timing_flag, ''::text)) <> 'error_outside_store_timing'::text AND (lower(TRIM(BOTH FROM f.provider_last_status)) <> ALL (ARRAY['close'::text, 'disable'::text])) AND TRIM(BOTH FROM COALESCE(f.item_id, ''::text)) <> 'not_received'::text AND TRIM(BOTH FROM COALESCE(f.item_last_on_search_type, ''::text)) <> 'no_on_search_before_error'::text AND TRIM(BOTH FROM COALESCE(f.error_menu_timing_flag, ''::text)) <> 'error_outside_menu_timing'::text AND TRIM(BOTH FROM COALESCE(f.error_item_timing_flag, ''::text)) = 'error_outside_item_timing'::text)::integer AS ""Item Timing Inventory"",
    (TRIM(BOTH FROM COALESCE(f.error_type_flag, ''::text)) = 'Inventory'::text AND f.dropped_due_to_error = 1 AND TRIM(BOTH FROM COALESCE(f.error_store_timing_flag, ''::text)) <> 'error_outside_store_timing'::text AND (lower(TRIM(BOTH FROM f.provider_last_status)) <> ALL (ARRAY['close'::text, 'disable'::text])) AND TRIM(BOTH FROM COALESCE(f.item_id, ''::text)) <> 'not_received'::text AND TRIM(BOTH FROM COALESCE(f.item_last_on_search_type, ''::text)) <> 'no_on_search_before_error'::text AND TRIM(BOTH FROM COALESCE(f.error_menu_timing_flag, ''::text)) <> 'error_outside_menu_timing'::text AND TRIM(BOTH FROM COALESCE(f.error_item_timing_flag, ''::text)) <> 'error_outside_item_timing'::text AND TRIM(BOTH FROM COALESCE(f.item_last_status, ''::text)) = 'unavailable'::text)::integer AS ""Item Unavailable Inventory"",
    (f.lsp_attributed_logistics = 1 AND f.dropped_due_to_error = 1)::integer AS ""LSP Attributed Logistics"",
    (f.overall_lsp_attributed = 1 AND f.dropped_due_to_error = 1)::integer AS ""LSP Attribution"",
    (f.dropped_due_to_error = 1 AND TRIM(BOTH FROM COALESCE(f.error_type_flag, ''::text)) = 'Merchant'::text AND TRIM(BOTH FROM COALESCE(f.provider_last_on_search_type, ''::text)) = 'no_on_search_before_error'::text)::integer AS ""Merchant No_on_search_error"",
    (TRIM(BOTH FROM COALESCE(f.error_type_flag, ''::text)) = 'Inventory'::text AND f.dropped_due_to_error = 1 AND TRIM(BOTH FROM COALESCE(f.error_store_timing_flag, ''::text)) <> 'error_outside_store_timing'::text AND (lower(TRIM(BOTH FROM f.provider_last_status)) <> ALL (ARRAY['close'::text, 'disable'::text])) AND TRIM(BOTH FROM COALESCE(f.item_id, ''::text)) <> 'not_received'::text AND TRIM(BOTH FROM COALESCE(f.item_last_on_search_type, ''::text)) = 'no_on_search_before_error'::text)::integer AS ""No on_search before error Inventory"",
    (f.max_trans_type_sp = 6)::integer AS on_confirm,
    (f.max_trans_type_sp >= 4)::integer AS on_init,
    (f.max_trans_type_sp >= 2)::integer AS on_select,
    (TRIM(BOTH FROM COALESCE(f.error_type_flag, ''::text)) = 'Inventory'::text AND f.dropped_due_to_error = 1 AND TRIM(BOTH FROM COALESCE(f.error_store_timing_flag, ''::text)) <> 'error_outside_store_timing'::text AND (lower(TRIM(BOTH FROM f.provider_last_status)) <> ALL (ARRAY['close'::text, 'disable'::text])) AND TRIM(BOTH FROM COALESCE(f.item_id, ''::text)) <> 'not_received'::text AND TRIM(BOTH FROM COALESCE(f.item_last_on_search_type, ''::text)) <> 'no_on_search_before_error'::text AND TRIM(BOTH FROM COALESCE(f.error_menu_timing_flag, ''::text)) = 'error_outside_menu_timing'::text)::integer AS ""Outside Menu Timing Inventory"",
    (f.dropped_due_to_error = 1 AND TRIM(BOTH FROM COALESCE(f.error_type_flag, ''::text)) = 'Location Serviceability'::text AND TRIM(BOTH FROM COALESCE(f.error_store_timing_flag, ''::text)) <> 'error_outside_store_timing'::text AND TRIM(BOTH FROM COALESCE(f.serviceability_type_label, ''::text)) = 'pan_india'::text)::integer AS ""pan_india Shared Location"",
    (f.dropped_due_to_error = 1 AND TRIM(BOTH FROM COALESCE(f.error_type_flag, ''::text)) = 'Location Serviceability'::text AND TRIM(BOTH FROM COALESCE(f.error_store_timing_flag, ''::text)) <> 'error_outside_store_timing'::text AND TRIM(BOTH FROM COALESCE(f.serviceability_type_label, ''::text)) = 'pincode'::text)::integer AS ""pincode Shared Location"",
    (f.min_trans_type_sp = 1)::integer AS ""Select"",
    (lower(TRIM(BOTH FROM f.end_trans_type)) = 'confirm'::text AND lower(TRIM(BOTH FROM f.order_status)) = 'cancelled'::text)::integer AS ""Select to Cancelled"",
    (f.seller_attributed_logistics = 1 AND f.dropped_due_to_error = 1)::integer AS ""SNP Attributed Logistics"",
    (f.overall_seller_attributed = 1 AND f.dropped_due_to_error = 1)::integer AS ""SNP Attribution"",
    (f.seller_attributed_inventory_error = 1 AND f.dropped_due_to_error = 1)::integer AS ""SNP Attribution Inventory"",
    (f.seller_attributed_serviceability_error = 1 AND f.dropped_due_to_error = 1)::integer AS ""SNP Attribution Location"",
    (f.seller_attributed_merchant_error = 1 AND f.dropped_due_to_error = 1)::integer AS ""SNP Attribution Merchant"",
    (TRIM(BOTH FROM COALESCE(f.error_type_flag, ''::text)) = 'Merchant'::text AND f.dropped_due_to_error = 1 AND (TRIM(BOTH FROM COALESCE(f.error_store_timing_flag, ''::text)) = ANY (ARRAY['undefined'::text, 'error_within_store_timing'::text])) AND (lower(TRIM(BOTH FROM f.provider_last_status)) = ANY (ARRAY['close'::text, 'disable'::text])))::integer AS ""store marked closed before error"",
    (TRIM(BOTH FROM COALESCE(f.error_type_flag, ''::text)) = 'Inventory'::text AND f.dropped_due_to_error = 1 AND TRIM(BOTH FROM COALESCE(f.error_store_timing_flag, ''::text)) <> 'error_outside_store_timing'::text AND (lower(TRIM(BOTH FROM f.provider_last_status)) = ANY (ARRAY['close'::text, 'disable'::text])))::integer AS ""Store marked closed before error Inventory"",
    (TRIM(BOTH FROM COALESCE(f.error_type_flag, ''::text)) = 'Merchant'::text AND f.dropped_due_to_error = 1 AND (TRIM(BOTH FROM COALESCE(f.error_store_timing_flag, ''::text)) = ANY (ARRAY['undefined'::text, 'error_within_store_timing'::text])) AND (lower(TRIM(BOTH FROM f.provider_last_status)) <> ALL (ARRAY['close'::text, 'disable'::text])) AND TRIM(BOTH FROM COALESCE(f.provider_last_on_search_type, ''::text)) <> 'no_on_search_before_error'::text)::integer AS ""store marked open before error"",
    (f.min_trans_type_sp = 1)::integer - (f.max_trans_type_sp >= 2)::integer + (f.max_trans_type_sp >= 3)::integer - (f.max_trans_type_sp >= 4)::integer + (f.max_trans_type_sp >= 5)::integer - (f.max_trans_type_sp = 6)::integer AS ""Tech Errors (select-confirm) absolute"",
    (f.overall_unknown_attributed = 1 AND f.dropped_due_to_error = 1)::integer AS ""Unknown Attribution"",
    (f.unknown_attributed_serviceability_error = 1 AND f.dropped_due_to_error = 1)::integer AS ""Unknown Attribution Location"",
    (f.dropped_due_to_error = 1 AND TRIM(BOTH FROM COALESCE(f.error_type_flag, ''::text)) = 'Location Serviceability'::text AND TRIM(BOTH FROM COALESCE(f.error_store_timing_flag, ''::text)) <> 'error_outside_store_timing'::text AND TRIM(BOTH FROM COALESCE(f.serviceability_type_label, ''::text)) = 'unknown'::text)::integer AS ""unknown Shared Location""
   FROM analytics_insight.retail_funnel_v2 f
     LEFT JOIN dimension.dim_error_code_category ecc ON TRIM(BOTH FROM f.error_code) = TRIM(BOTH FROM ecc.error_code)
     LEFT JOIN dimension.dim_retail_seller_np snp ON f.bpp_id = snp.seller_np::text
     LEFT JOIN dimension.dim_retail_buyer_np bnp ON f.bap_id = bnp.buyer_np::text
     LEFT JOIN dimension.dim_pincode sp ON f.seller_pincode = sp.pincode::text
     LEFT JOIN dimension.dim_pincode dp ON f.delivery_pincode = dp.pincode::text;"
bpp_id,Unique identifier of the Seller-side (BPP) Network Participant on the ONDC network.,"analytics_insight.retail_funnel_v2_bv.""bpp_id""",analytics_insight.retail_funnel_v2_bv,
bap_id,Unique identifier of the Buyer-side (BAP) Network Participant on the ONDC network.,"analytics_insight.retail_funnel_v2_bv.""bap_id""",analytics_insight.retail_funnel_v2_bv,
domain,"ONDC domain category of the transaction (e.g., retail grocery, food and beverage).","analytics_insight.retail_funnel_v2_bv.""domain""",analytics_insight.retail_funnel_v2_bv,
transaction_id,Unique identifier for the end-to-end ONDC order transaction lifecycle.,"analytics_insight.retail_funnel_v2_bv.""transaction_id""",analytics_insight.retail_funnel_v2_bv,
provider_id,Unique identifier of the specific seller/merchant within the BPP platform.,"analytics_insight.retail_funnel_v2_bv.""provider_id""",analytics_insight.retail_funnel_v2_bv,
order_status,"Current lifecycle status of the order (e.g., delivered, cancelled, in-process).","analytics_insight.retail_funnel_v2_bv.""order_status""",analytics_insight.retail_funnel_v2_bv,
cancellation_type,"Party responsible for the cancellation — buyer, seller, or logistics.","analytics_insight.retail_funnel_v2_bv.""cancellation_type""",analytics_insight.retail_funnel_v2_bv,
seller_pincode,Indian postal code of the seller/merchant's location.,"analytics_insight.retail_funnel_v2_bv.""seller_pincode""",analytics_insight.retail_funnel_v2_bv,
provider_name,Display name of the seller/merchant.,"analytics_insight.retail_funnel_v2_bv.""provider_name""",analytics_insight.retail_funnel_v2_bv,
delivery_pincode,Indian postal code of the buyer's delivery address.,"analytics_insight.retail_funnel_v2_bv.""delivery_pincode""",analytics_insight.retail_funnel_v2_bv,
is_error,Flag indicating whether the transaction encountered an ONDC protocol error.,"analytics_insight.retail_funnel_v2_bv.""is_error""",analytics_insight.retail_funnel_v2_bv,
error_code,ONDC protocol error code returned during the transaction.,"analytics_insight.retail_funnel_v2_bv.""error_code""",analytics_insight.retail_funnel_v2_bv,
txn_timestamp,Timestamp of the transaction event.,"analytics_insight.retail_funnel_v2_bv.""txn_timestamp""",analytics_insight.retail_funnel_v2_bv,
first_seen_date,Calendar date on which the transaction was first recorded in the system.,"analytics_insight.retail_funnel_v2_bv.""first_seen_date""",analytics_insight.retail_funnel_v2_bv,
hour_of_day,Hour of the day (0–23) when the transaction event occurred.,"analytics_insight.retail_funnel_v2_bv.""hour_of_day""",analytics_insight.retail_funnel_v2_bv,
min_trans_type_sp,Numeric encoding of the earliest ONDC protocol step reached in the transaction flow.,"analytics_insight.retail_funnel_v2_bv.""min_trans_type_sp""",analytics_insight.retail_funnel_v2_bv,
max_trans_type_sp,Numeric encoding of the furthest ONDC protocol step reached in the transaction flow.,"analytics_insight.retail_funnel_v2_bv.""max_trans_type_sp""",analytics_insight.retail_funnel_v2_bv,
max_error_trans_type_sp,Numeric encoding of the protocol step at which the last error occurred in the transaction flow.,"analytics_insight.retail_funnel_v2_bv.""max_error_trans_type_sp""",analytics_insight.retail_funnel_v2_bv,
end_trans_type,"The final ONDC protocol call type at which the transaction concluded (e.g., select, init, confirm).","analytics_insight.retail_funnel_v2_bv.""end_trans_type""",analytics_insight.retail_funnel_v2_bv,
dropped_due_to_error,Flag (1/0) indicating whether the transaction was abandoned due to an error.,"analytics_insight.retail_funnel_v2_bv.""dropped_due_to_error""",analytics_insight.retail_funnel_v2_bv,
qsr,Flag or label indicating whether the transaction involves a Quick Service Restaurant merchant.,"analytics_insight.retail_funnel_v2_bv.""qsr""",analytics_insight.retail_funnel_v2_bv,
Seller NP,Display name of the Seller-side Network Participant (BPP).,"analytics_insight.retail_funnel_v2_bv.""Seller NP""",analytics_insight.retail_funnel_v2_bv,
Buyer NP,Display name of the Buyer-side Network Participant (BAP).,"analytics_insight.retail_funnel_v2_bv.""Buyer NP""",analytics_insight.retail_funnel_v2_bv,
Call Type,Indicates whether the transaction was between the same Network Participant (Intra NP) or different Network Participants (Inter NP).,"analytics_insight.retail_funnel_v2_bv.""Call Type""",analytics_insight.retail_funnel_v2_bv,
error_message,Human-readable message describing the category of error encountered.,"analytics_insight.retail_funnel_v2_bv.""error_message""",analytics_insight.retail_funnel_v2_bv,
error_category,Broader classification/category of the error type.,"analytics_insight.retail_funnel_v2_bv.""error_category""",analytics_insight.retail_funnel_v2_bv,
provider_key,Composite surrogate key concatenating bpp_id and provider_id to uniquely identify a seller on a specific BPP.,"analytics_insight.retail_funnel_v2_bv.""provider_key""",analytics_insight.retail_funnel_v2_bv,
Seller State,"Indian state where the seller is located, derived from seller pincode.","analytics_insight.retail_funnel_v2_bv.""Seller State""",analytics_insight.retail_funnel_v2_bv,
Delivery State,"Indian state of the delivery destination, derived from delivery pincode.","analytics_insight.retail_funnel_v2_bv.""Delivery State""",analytics_insight.retail_funnel_v2_bv,
Seller City,"District/city of the seller's location, derived from seller pincode.","analytics_insight.retail_funnel_v2_bv.""Seller City""",analytics_insight.retail_funnel_v2_bv,
Delivery City,"District/city of the delivery destination, derived from delivery pincode.","analytics_insight.retail_funnel_v2_bv.""Delivery City""",analytics_insight.retail_funnel_v2_bv,
Seller Tier,City-tier classification (Tier 1/2/3) of the seller's location.,"analytics_insight.retail_funnel_v2_bv.""Seller Tier""",analytics_insight.retail_funnel_v2_bv,
Delivery Tier,City-tier classification (Tier 1/2/3) of the delivery destination.,"analytics_insight.retail_funnel_v2_bv.""Delivery Tier""",analytics_insight.retail_funnel_v2_bv,
Seller Zone,Geographic zone of the seller's location.,"analytics_insight.retail_funnel_v2_bv.""Seller Zone""",analytics_insight.retail_funnel_v2_bv,
Delivery Zone,Geographic zone of the delivery destination.,"analytics_insight.retail_funnel_v2_bv.""Delivery Zone""",analytics_insight.retail_funnel_v2_bv,
BNP Attributed Logistics,Flag (1/0) for dropped transactions where the logistics error is attributed to the Buyer Network Participant.,"analytics_insight.retail_funnel_v2_bv.""BNP Attributed Logistics""",analytics_insight.retail_funnel_v2_bv,
BNP Attribution,Flag (1/0) for dropped transactions where overall error attribution is assigned to the Buyer Network Participant.,"analytics_insight.retail_funnel_v2_bv.""BNP Attribution""",analytics_insight.retail_funnel_v2_bv,
BNP Attribution Inventory,Flag (1/0) for dropped transactions where an inventory error is attributed to the Buyer Network Participant.,"analytics_insight.retail_funnel_v2_bv.""BNP Attribution Inventory""",analytics_insight.retail_funnel_v2_bv,
BNP Attribution Location,Flag (1/0) for dropped transactions where a location serviceability error is attributed to the Buyer Network Participant.,"analytics_insight.retail_funnel_v2_bv.""BNP Attribution Location""",analytics_insight.retail_funnel_v2_bv,
BNP Attribution Merchant,Flag (1/0) for dropped transactions where a merchant error is attributed to the Buyer Network Participant.,"analytics_insight.retail_funnel_v2_bv.""BNP Attribution Merchant""",analytics_insight.retail_funnel_v2_bv,
Cancelled (Select - Buyer),Flag (1/0) indicating the transaction reached confirm stage but was subsequently cancelled by the buyer.,"analytics_insight.retail_funnel_v2_bv.""Cancelled (Select - Buyer)""",analytics_insight.retail_funnel_v2_bv,
Cancelled (Select - Logistics),Flag (1/0) indicating the transaction reached confirm stage but was subsequently cancelled by logistics.,"analytics_insight.retail_funnel_v2_bv.""Cancelled (Select - Logistics)""",analytics_insight.retail_funnel_v2_bv,
Cancelled (Select - Seller),Flag (1/0) indicating the transaction reached confirm stage but was subsequently cancelled by the seller.,"analytics_insight.retail_funnel_v2_bv.""Cancelled (Select - Seller)""",analytics_insight.retail_funnel_v2_bv,
Confirm,Flag (1/0) indicating the transaction successfully completed the confirm protocol step without a confirm-stage error.,"analytics_insight.retail_funnel_v2_bv.""Confirm""",analytics_insight.retail_funnel_v2_bv,
Confirm to Delivered,Flag (1/0) indicating the order was confirmed and ultimately delivered to the buyer.,"analytics_insight.retail_funnel_v2_bv.""Confirm to Delivered""",analytics_insight.retail_funnel_v2_bv,
Confirm to inprocess,Flag (1/0) indicating the order was confirmed and is currently in processing/fulfilment.,"analytics_insight.retail_funnel_v2_bv.""Confirm to inprocess""",analytics_insight.retail_funnel_v2_bv,
Confirm_,"Flag (1/0) indicating the transaction progressed to at least the 5th ONDC protocol step (init stage or beyond), a broader funnel-reach indicator.","analytics_insight.retail_funnel_v2_bv.""Confirm_""",analytics_insight.retail_funnel_v2_bv,
distance Shared Location,Flag (1/0) for dropped transactions where a distance-based location serviceability error caused the drop (excluding store-timing errors).,"analytics_insight.retail_funnel_v2_bv.""distance Shared Location""",analytics_insight.retail_funnel_v2_bv,
Drop due to Error – Business Error (absolute),Flag (1/0) indicating the transaction was dropped due to a Business Error.,"analytics_insight.retail_funnel_v2_bv.""Drop due to Error – Business Error (absolute)""",analytics_insight.retail_funnel_v2_bv,
Drop due to Error – Internal Error (absolute),Flag (1/0) indicating the transaction was dropped due to an Internal Error.,"analytics_insight.retail_funnel_v2_bv.""Drop due to Error – Internal Error (absolute)""",analytics_insight.retail_funnel_v2_bv,
Drop due to Error – Invalid request (absolute),Flag (1/0) indicating the transaction was dropped due to an invalid request error.,"analytics_insight.retail_funnel_v2_bv.""Drop due to Error – Invalid request (absolute)""",analytics_insight.retail_funnel_v2_bv,
Drop due to Error – Item not found (absolute),Flag (1/0) indicating the transaction was dropped because the requested item was not found.,"analytics_insight.retail_funnel_v2_bv.""Drop due to Error – Item not found (absolute)""",analytics_insight.retail_funnel_v2_bv,
Drop due to Error – Item quantity unavailable (absolute),Flag (1/0) indicating the transaction was dropped because the requested item quantity was unavailable.,"analytics_insight.retail_funnel_v2_bv.""Drop due to Error – Item quantity unavailable (absolute)""",analytics_insight.retail_funnel_v2_bv,
Drop due to Error – Location Serviceability error (absolute),Flag (1/0) indicating the transaction was dropped due to a location serviceability error with code 30010.,"analytics_insight.retail_funnel_v2_bv.""Drop due to Error – Location Serviceability error (absolute)""",analytics_insight.retail_funnel_v2_bv,
Drop due to Error – Location Serviceability error 30009 (abso,Flag (1/0) indicating the transaction was dropped due to a location serviceability error with code 30009.,"analytics_insight.retail_funnel_v2_bv.""Drop due to Error – Location Serviceability error 30009 (abso""",analytics_insight.retail_funnel_v2_bv,
Drop due to Error – Maximum order qty exceeded (absolute),Flag (1/0) indicating the transaction was dropped because the order quantity exceeded the maximum allowed.,"analytics_insight.retail_funnel_v2_bv.""Drop due to Error – Maximum order qty exceeded (absolute)""",analytics_insight.retail_funnel_v2_bv,
Drop due to Error – Merchant Inactive (absolute),Flag (1/0) indicating the transaction was dropped because the merchant was inactive.,"analytics_insight.retail_funnel_v2_bv.""Drop due to Error – Merchant Inactive (absolute)""",analytics_insight.retail_funnel_v2_bv,
Drop due to Error – Merchant unavailable (absolute),Flag (1/0) indicating the transaction was dropped because the merchant was unavailable.,"analytics_insight.retail_funnel_v2_bv.""Drop due to Error – Merchant unavailable (absolute)""",analytics_insight.retail_funnel_v2_bv,
Drop due to Error – Minimum order value error (absolute),Flag (1/0) indicating the transaction was dropped because the order value was below the minimum threshold.,"analytics_insight.retail_funnel_v2_bv.""Drop due to Error – Minimum order value error (absolute)""",analytics_insight.retail_funnel_v2_bv,
Drop due to Error – Order Confirm Error (absolute),Flag (1/0) indicating the transaction was dropped due to an error at the order confirm stage.,"analytics_insight.retail_funnel_v2_bv.""Drop due to Error – Order Confirm Error (absolute)""",analytics_insight.retail_funnel_v2_bv,
Drop due to Error – Order Serviceability error (absolute),Flag (1/0) indicating the transaction was dropped due to an order serviceability error.,"analytics_insight.retail_funnel_v2_bv.""Drop due to Error – Order Serviceability error (absolute)""",analytics_insight.retail_funnel_v2_bv,
Drop due to Error – Others (absolute),Flag (1/0) indicating the transaction was dropped due to an unclassified or miscellaneous error.,"analytics_insight.retail_funnel_v2_bv.""Drop due to Error – Others (absolute)""",analytics_insight.retail_funnel_v2_bv,
Drop due to Error – Stale Request (absolute),Flag (1/0) indicating the transaction was dropped due to a stale or expired request.,"analytics_insight.retail_funnel_v2_bv.""Drop due to Error – Stale Request (absolute)""",analytics_insight.retail_funnel_v2_bv,
Drop due to Error (Init-Confirm) (inventory) absolute,Flag (1/0) indicating the transaction was dropped due to an inventory error occurring between the Init and Confirm protocol steps.,"analytics_insight.retail_funnel_v2_bv.""Drop due to Error (Init-Confirm) (inventory) absolute""",analytics_insight.retail_funnel_v2_bv,
Drop due to Error (Init-Confirm) (logistics) absolute,Flag (1/0) indicating the transaction was dropped due to a logistics error between the Init and Confirm protocol steps.,"analytics_insight.retail_funnel_v2_bv.""Drop due to Error (Init-Confirm) (logistics) absolute""",analytics_insight.retail_funnel_v2_bv,
Drop due to Error (Select-Confirm) (absolute),Flag (1/0) indicating the transaction was dropped due to any error between the Select and Confirm protocol steps.,"analytics_insight.retail_funnel_v2_bv.""Drop due to Error (Select-Confirm) (absolute)""",analytics_insight.retail_funnel_v2_bv,
Drop due to Error (Select-Confirm) (inventory) absolute,Flag (1/0) indicating the transaction was dropped due to an inventory error between Select and Confirm stages.,"analytics_insight.retail_funnel_v2_bv.""Drop due to Error (Select-Confirm) (inventory) absolute""",analytics_insight.retail_funnel_v2_bv,
Drop due to Error (select-Confirm) (logistics) absolute,Flag (1/0) indicating the transaction was dropped due to a logistics error between Select and Confirm stages.,"analytics_insight.retail_funnel_v2_bv.""Drop due to Error (select-Confirm) (logistics) absolute""",analytics_insight.retail_funnel_v2_bv,
Drop due to Error (select-Confirm) (merchant) absolute,Flag (1/0) indicating the transaction was dropped due to a merchant error between Select and Confirm stages.,"analytics_insight.retail_funnel_v2_bv.""Drop due to Error (select-Confirm) (merchant) absolute""",analytics_insight.retail_funnel_v2_bv,
Drop not due to Error (Select-Confirm) absolute,"Flag (1/0) indicating the transaction was abandoned between Select and Confirm stages without any protocol error (e.g., buyer exit).","analytics_insight.retail_funnel_v2_bv.""Drop not due to Error (Select-Confirm) absolute""",analytics_insight.retail_funnel_v2_bv,
Drop not due to Error (Select-Init) absolute,Flag (1/0) indicating the transaction was abandoned between Select and Init stages without any protocol error.,"analytics_insight.retail_funnel_v2_bv.""Drop not due to Error (Select-Init) absolute""",analytics_insight.retail_funnel_v2_bv,
Error outside store timing Inventory,Flag (1/0) indicating an inventory error occurred outside the store's configured operating hours.,"analytics_insight.retail_funnel_v2_bv.""Error outside store timing Inventory""",analytics_insight.retail_funnel_v2_bv,
Error outside store timing Location,Flag (1/0) indicating a location serviceability error occurred outside the store's operating hours.,"analytics_insight.retail_funnel_v2_bv.""Error outside store timing Location""",analytics_insight.retail_funnel_v2_bv,
Error outside store timing Merchant,Flag (1/0) indicating a merchant error occurred outside the store's operating hours.,"analytics_insight.retail_funnel_v2_bv.""Error outside store timing Merchant""",analytics_insight.retail_funnel_v2_bv,
Errors Count,Total number of errors encountered across all protocol steps in the transaction.,"analytics_insight.retail_funnel_v2_bv.""Errors Count""",analytics_insight.retail_funnel_v2_bv,
Geo Json Shared Location,Flag (1/0) indicating the seller's serviceability zone was defined as a GeoJSON polygon.,"analytics_insight.retail_funnel_v2_bv.""Geo Json Shared Location""",analytics_insight.retail_funnel_v2_bv,
GPS Outside India Location,Flag (1/0) indicating the GPS coordinates provided fall outside India's geographic boundaries.,"analytics_insight.retail_funnel_v2_bv.""GPS Outside India Location""",analytics_insight.retail_funnel_v2_bv,
Init,Flag (1/0) indicating the transaction reached the Init protocol step.,"analytics_insight.retail_funnel_v2_bv.""Init""",analytics_insight.retail_funnel_v2_bv,
Invalid GPS Location,Flag (1/0) indicating invalid or malformed GPS coordinates were provided in the transaction.,"analytics_insight.retail_funnel_v2_bv.""Invalid GPS Location""",analytics_insight.retail_funnel_v2_bv,
Item available Inventory,Flag (1/0) indicating the requested item was confirmed available in the seller's inventory.,"analytics_insight.retail_funnel_v2_bv.""Item available Inventory""",analytics_insight.retail_funnel_v2_bv,
Item Not Received Inventory,Flag (1/0) indicating the item response was not received from the seller's inventory system.,"analytics_insight.retail_funnel_v2_bv.""Item Not Received Inventory""",analytics_insight.retail_funnel_v2_bv,
Item Timing Inventory,Flag (1/0) indicating an inventory error related to the item's availability time window.,"analytics_insight.retail_funnel_v2_bv.""Item Timing Inventory""",analytics_insight.retail_funnel_v2_bv,
Item Unavailable Inventory,Flag (1/0) indicating the requested item was confirmed unavailable in the seller's inventory.,"analytics_insight.retail_funnel_v2_bv.""Item Unavailable Inventory""",analytics_insight.retail_funnel_v2_bv,
LSP Attributed Logistics,Flag (1/0) for dropped transactions where the logistics error is attributed to the Logistics Service Provider.,"analytics_insight.retail_funnel_v2_bv.""LSP Attributed Logistics""",analytics_insight.retail_funnel_v2_bv,
LSP Attribution,Flag (1/0) indicating overall drop attribution assigned to the Logistics Service Provider.,"analytics_insight.retail_funnel_v2_bv.""LSP Attribution""",analytics_insight.retail_funnel_v2_bv,
Merchant No_on_search_error,Flag (1/0) indicating the merchant had no on_search event recorded before the error occurred.,"analytics_insight.retail_funnel_v2_bv.""Merchant No_on_search_error""",analytics_insight.retail_funnel_v2_bv,
No on_search before error Inventory,Flag (1/0) indicating no on_search response was received before the inventory error occurred.,"analytics_insight.retail_funnel_v2_bv.""No on_search before error Inventory""",analytics_insight.retail_funnel_v2_bv,
on_confirm,Flag (1/0) indicating the transaction received an on_confirm callback from the BPP.,"analytics_insight.retail_funnel_v2_bv.""on_confirm""",analytics_insight.retail_funnel_v2_bv,
on_init,Flag (1/0) indicating the transaction received an on_init callback from the BPP.,"analytics_insight.retail_funnel_v2_bv.""on_init""",analytics_insight.retail_funnel_v2_bv,
on_select,Flag (1/0) indicating the transaction received an on_select callback from the BPP.,"analytics_insight.retail_funnel_v2_bv.""on_select""",analytics_insight.retail_funnel_v2_bv,
Outside Menu Timing Inventory,Flag (1/0) indicating an inventory error caused by the request falling outside the seller's menu availability window.,"analytics_insight.retail_funnel_v2_bv.""Outside Menu Timing Inventory""",analytics_insight.retail_funnel_v2_bv,
pan_india Shared Location,Flag (1/0) indicating the seller configured pan-India serviceability (serves all of India).,"analytics_insight.retail_funnel_v2_bv.""pan_india Shared Location""",analytics_insight.retail_funnel_v2_bv,
pincode Shared Location,Flag (1/0) indicating the seller's serviceability was defined using a pincode list.,"analytics_insight.retail_funnel_v2_bv.""pincode Shared Location""",analytics_insight.retail_funnel_v2_bv,
Select,Flag (1/0) indicating the transaction reached the Select protocol step.,"analytics_insight.retail_funnel_v2_bv.""Select""",analytics_insight.retail_funnel_v2_bv,
Select to Cancelled,Flag (1/0) indicating the transaction progressed from Select but was ultimately cancelled.,"analytics_insight.retail_funnel_v2_bv.""Select to Cancelled""",analytics_insight.retail_funnel_v2_bv,
SNP Attributed Logistics,Flag (1/0) for dropped transactions where the logistics error is attributed to the Seller Network Participant.,"analytics_insight.retail_funnel_v2_bv.""SNP Attributed Logistics""",analytics_insight.retail_funnel_v2_bv,
SNP Attribution,Flag (1/0) indicating overall drop attribution assigned to the Seller Network Participant.,"analytics_insight.retail_funnel_v2_bv.""SNP Attribution""",analytics_insight.retail_funnel_v2_bv,
SNP Attribution Inventory,Flag (1/0) indicating drop attributed to the Seller Network Participant due to an inventory error.,"analytics_insight.retail_funnel_v2_bv.""SNP Attribution Inventory""",analytics_insight.retail_funnel_v2_bv,
SNP Attribution Location,Flag (1/0) indicating drop attributed to the Seller Network Participant due to a location serviceability error.,"analytics_insight.retail_funnel_v2_bv.""SNP Attribution Location""",analytics_insight.retail_funnel_v2_bv,
SNP Attribution Merchant,Flag (1/0) indicating drop attributed to the Seller Network Participant due to a merchant error.,"analytics_insight.retail_funnel_v2_bv.""SNP Attribution Merchant""",analytics_insight.retail_funnel_v2_bv,
store marked closed before error,Flag (1/0) indicating the store had a closed status recorded before the error was triggered.,"analytics_insight.retail_funnel_v2_bv.""store marked closed before error""",analytics_insight.retail_funnel_v2_bv,
Store marked closed before error Inventory,Flag (1/0) indicating the store was marked closed before an inventory error occurred.,"analytics_insight.retail_funnel_v2_bv.""Store marked closed before error Inventory""",analytics_insight.retail_funnel_v2_bv,
store marked open before error,Flag (1/0) indicating the store had an open status recorded before the error was triggered.,"analytics_insight.retail_funnel_v2_bv.""store marked open before error""",analytics_insight.retail_funnel_v2_bv,
Tech Errors (select-confirm) absolute,Flag (1/0) indicating a technical (non-business) error occurred in the Select-to-Confirm stage.,"analytics_insight.retail_funnel_v2_bv.""Tech Errors (select-confirm) absolute""",analytics_insight.retail_funnel_v2_bv,
Unknown Attribution,Flag (1/0) indicating the attribution of the transaction drop could not be determined.,"analytics_insight.retail_funnel_v2_bv.""Unknown Attribution""",analytics_insight.retail_funnel_v2_bv,
Unknown Attribution Location,Flag (1/0) indicating the attribution of a location-related drop could not be determined.,"analytics_insight.retail_funnel_v2_bv.""Unknown Attribution Location""",analytics_insight.retail_funnel_v2_bv,
unknown Shared Location,Flag (1/0) indicating the seller's serviceability type could not be classified.,"analytics_insight.retail_funnel_v2_bv.""unknown Shared Location""",analytics_insight.retail_funnel_v2_bv,
"▼ retail_funnel_v2_stage   (base table, 77 cols)",,,analytics_insight.retail_funnel_v2_stage,
bpp_id,Unique identifier of the seller-side network participant (BPP) handling the transaction.,"analytics_insight.retail_funnel_v2_stage.""bpp_id""",analytics_insight.retail_funnel_v2_stage,
bap_id,Unique identifier of the buyer-side network participant (BAP) that initiated the transaction.,"analytics_insight.retail_funnel_v2_stage.""bap_id""",analytics_insight.retail_funnel_v2_stage,
domain,"ONDC domain category of the transaction (e.g., retail food, grocery, fashion).","analytics_insight.retail_funnel_v2_stage.""domain""",analytics_insight.retail_funnel_v2_stage,
transaction_id,Unique end-to-end identifier for the ONDC transaction across all network participants.,"analytics_insight.retail_funnel_v2_stage.""transaction_id""",analytics_insight.retail_funnel_v2_stage,
provider_id,Unique identifier of the seller/merchant (provider) on the network.,"analytics_insight.retail_funnel_v2_stage.""provider_id""",analytics_insight.retail_funnel_v2_stage,
order_status,"Final or current lifecycle status of the order (e.g., Created, Accepted, Cancelled, Completed).","analytics_insight.retail_funnel_v2_stage.""order_status""",analytics_insight.retail_funnel_v2_stage,
cancellation_type,"Classification of the cancellation indicating who initiated it and under what reason (e.g., buyer, seller, RTO).","analytics_insight.retail_funnel_v2_stage.""cancellation_type""",analytics_insight.retail_funnel_v2_stage,
seller_pincode,Indian postal code of the seller/merchant's operating location.,"analytics_insight.retail_funnel_v2_stage.""seller_pincode""",analytics_insight.retail_funnel_v2_stage,
provider_name,Display name of the seller/merchant as registered on the network.,"analytics_insight.retail_funnel_v2_stage.""provider_name""",analytics_insight.retail_funnel_v2_stage,
delivery_pincode,Indian postal code of the buyer's delivery address.,"analytics_insight.retail_funnel_v2_stage.""delivery_pincode""",analytics_insight.retail_funnel_v2_stage,
is_error,Flag indicating whether the transaction encountered an error at any funnel stage.,"analytics_insight.retail_funnel_v2_stage.""is_error""",analytics_insight.retail_funnel_v2_stage,
error_code,ONDC-standard error code returned at the point of transaction failure.,"analytics_insight.retail_funnel_v2_stage.""error_code""",analytics_insight.retail_funnel_v2_stage,
txn_timestamp,Timestamp of the transaction event being recorded in the funnel.,"analytics_insight.retail_funnel_v2_stage.""txn_timestamp""",analytics_insight.retail_funnel_v2_stage,
first_seen_date,Date when this transaction was first observed entering the funnel.,"analytics_insight.retail_funnel_v2_stage.""first_seen_date""",analytics_insight.retail_funnel_v2_stage,
hour_of_day,"Hour of the day (0–23) when the transaction occurred, used for time-of-day pattern analysis.","analytics_insight.retail_funnel_v2_stage.""hour_of_day""",analytics_insight.retail_funnel_v2_stage,
min_trans_type_sp,Integer encoding of the earliest/minimum funnel stage reached in this transaction.,"analytics_insight.retail_funnel_v2_stage.""min_trans_type_sp""",analytics_insight.retail_funnel_v2_stage,
max_trans_type_sp,Integer encoding of the furthest funnel stage successfully reached in this transaction.,"analytics_insight.retail_funnel_v2_stage.""max_trans_type_sp""",analytics_insight.retail_funnel_v2_stage,
max_error_trans_type_sp,Integer encoding of the funnel stage at which the furthest error occurred.,"analytics_insight.retail_funnel_v2_stage.""max_error_trans_type_sp""",analytics_insight.retail_funnel_v2_stage,
end_trans_type,Final transaction stage/type at which the transaction terminated in the ONDC funnel.,"analytics_insight.retail_funnel_v2_stage.""end_trans_type""",analytics_insight.retail_funnel_v2_stage,
dropped_due_to_error,Flag (1/0) indicating whether the transaction was abandoned as a direct result of an error.,"analytics_insight.retail_funnel_v2_stage.""dropped_due_to_error""",analytics_insight.retail_funnel_v2_stage,
qsr,Flag indicating whether the provider is classified as a Quick Service Restaurant.,"analytics_insight.retail_funnel_v2_stage.""qsr""",analytics_insight.retail_funnel_v2_stage,
error_type_flag,"Categorical label for the primary type of error encountered (e.g., merchant, inventory, serviceability, logistics).","analytics_insight.retail_funnel_v2_stage.""error_type_flag""",analytics_insight.retail_funnel_v2_stage,
error_context_ts_ist,Timestamp in IST of the ONDC protocol context in which the error was generated.,"analytics_insight.retail_funnel_v2_stage.""error_context_ts_ist""",analytics_insight.retail_funnel_v2_stage,
provider_location_id,Unique identifier of the specific branch or outlet of the provider where the order was placed.,"analytics_insight.retail_funnel_v2_stage.""provider_location_id""",analytics_insight.retail_funnel_v2_stage,
provider_order_timings,Declared business/operational hours of the provider during which orders are accepted.,"analytics_insight.retail_funnel_v2_stage.""provider_order_timings""",analytics_insight.retail_funnel_v2_stage,
provider_last_on_search_type,Type of the most recent on_search catalogue event in which this provider appeared.,"analytics_insight.retail_funnel_v2_stage.""provider_last_on_search_type""",analytics_insight.retail_funnel_v2_stage,
provider_last_status_on_search_id,Identifier of the on_search call in which the provider's last operational status was recorded.,"analytics_insight.retail_funnel_v2_stage.""provider_last_status_on_search_id""",analytics_insight.retail_funnel_v2_stage,
provider_last_status_timestamp,Timestamp of the provider's most recent status update on the network.,"analytics_insight.retail_funnel_v2_stage.""provider_last_status_timestamp""",analytics_insight.retail_funnel_v2_stage,
provider_last_status,"Last known operational status of the provider (e.g., open, closed) at the time of the error.","analytics_insight.retail_funnel_v2_stage.""provider_last_status""",analytics_insight.retail_funnel_v2_stage,
error_store_timing_flag,Flag indicating whether the error is correlated with the store being outside its declared operating hours.,"analytics_insight.retail_funnel_v2_stage.""error_store_timing_flag""",analytics_insight.retail_funnel_v2_stage,
buyer_attributed_merchant_error,Flag (1/0) indicating a merchant-side error is attributed to buyer-driven factors.,"analytics_insight.retail_funnel_v2_stage.""buyer_attributed_merchant_error""",analytics_insight.retail_funnel_v2_stage,
seller_attributed_merchant_error,Flag (1/0) indicating a merchant-side error is attributed to the seller/provider.,"analytics_insight.retail_funnel_v2_stage.""seller_attributed_merchant_error""",analytics_insight.retail_funnel_v2_stage,
store_error_diff_mins,Difference in minutes between the error event and the store's nearest operating-hours boundary.,"analytics_insight.retail_funnel_v2_stage.""store_error_diff_mins""",analytics_insight.retail_funnel_v2_stage,
store_error_diff_hours,Difference in hours between the error event and the store's nearest operating-hours boundary.,"analytics_insight.retail_funnel_v2_stage.""store_error_diff_hours""",analytics_insight.retail_funnel_v2_stage,
store_error_recency_flag,Categorical flag describing how recently a store timing issue occurred relative to the error.,"analytics_insight.retail_funnel_v2_stage.""store_error_recency_flag""",analytics_insight.retail_funnel_v2_stage,
pc_item_name,Name of the ordered item as it appears in the provider's product catalogue.,"analytics_insight.retail_funnel_v2_stage.""pc_item_name""",analytics_insight.retail_funnel_v2_stage,
item_id,Unique identifier of the item/SKU in the provider's catalogue.,"analytics_insight.retail_funnel_v2_stage.""item_id""",analytics_insight.retail_funnel_v2_stage,
item_type,"Type or classification of the catalogue item (e.g., item, variant, customisation).","analytics_insight.retail_funnel_v2_stage.""item_type""",analytics_insight.retail_funnel_v2_stage,
custom_menu_name,Name of the custom menu or sub-category grouping to which the item belongs.,"analytics_insight.retail_funnel_v2_stage.""custom_menu_name""",analytics_insight.retail_funnel_v2_stage,
custom_menu_id,Unique identifier of the custom menu grouping the item.,"analytics_insight.retail_funnel_v2_stage.""custom_menu_id""",analytics_insight.retail_funnel_v2_stage,
pc_item_label,"Label or dietary tag assigned to the item in the catalogue (e.g., veg, non-veg, egg).","analytics_insight.retail_funnel_v2_stage.""pc_item_label""",analytics_insight.retail_funnel_v2_stage,
pc_item_available_quantity,Stock quantity of the item as declared in the provider's product catalogue at the time of the transaction.,"analytics_insight.retail_funnel_v2_stage.""pc_item_available_quantity""",analytics_insight.retail_funnel_v2_stage,
item_last_on_search_type,Type of the most recent on_search event in which this item appeared as available.,"analytics_insight.retail_funnel_v2_stage.""item_last_on_search_type""",analytics_insight.retail_funnel_v2_stage,
item_last_transaction,Identifier or type of the most recent transaction in which this item was involved prior to the current one.,"analytics_insight.retail_funnel_v2_stage.""item_last_transaction""",analytics_insight.retail_funnel_v2_stage,
item_last_status_timestamp,Timestamp of the item's most recent availability status update in the catalogue.,"analytics_insight.retail_funnel_v2_stage.""item_last_status_timestamp""",analytics_insight.retail_funnel_v2_stage,
item_last_status,"Last known availability status of the item (e.g., available, unavailable) at the time of the error.","analytics_insight.retail_funnel_v2_stage.""item_last_status""",analytics_insight.retail_funnel_v2_stage,
error_item_timing_flag,Flag indicating whether the error is correlated with item-level availability timing.,"analytics_insight.retail_funnel_v2_stage.""error_item_timing_flag""",analytics_insight.retail_funnel_v2_stage,
error_menu_timing_flag,Flag indicating whether the error is correlated with the custom menu's availability timing window.,"analytics_insight.retail_funnel_v2_stage.""error_menu_timing_flag""",analytics_insight.retail_funnel_v2_stage,
buyer_attributed_inventory_error,Flag (1/0) indicating an inventory/item error is attributed to buyer behavior.,"analytics_insight.retail_funnel_v2_stage.""buyer_attributed_inventory_error""",analytics_insight.retail_funnel_v2_stage,
seller_attributed_inventory_error,Flag (1/0) indicating an inventory/item error is attributed to the seller's catalogue management.,"analytics_insight.retail_funnel_v2_stage.""seller_attributed_inventory_error""",analytics_insight.retail_funnel_v2_stage,
item_error_diff_mins,Difference in minutes between the error and the item's last known status change.,"analytics_insight.retail_funnel_v2_stage.""item_error_diff_mins""",analytics_insight.retail_funnel_v2_stage,
item_error_diff_hours,Difference in hours between the error and the item's last known status change.,"analytics_insight.retail_funnel_v2_stage.""item_error_diff_hours""",analytics_insight.retail_funnel_v2_stage,
item_error_recency_flag,Categorical flag describing how recently the item's availability status changed relative to the error.,"analytics_insight.retail_funnel_v2_stage.""item_error_recency_flag""",analytics_insight.retail_funnel_v2_stage,
pc_delivery_gps,"GPS coordinates (latitude, longitude) of the buyer's delivery address as provided in the order.","analytics_insight.retail_funnel_v2_stage.""pc_delivery_gps""",analytics_insight.retail_funnel_v2_stage,
is_valid_gps,Flag (1/0) indicating whether the delivery GPS coordinates are valid and parseable.,"analytics_insight.retail_funnel_v2_stage.""is_valid_gps""",analytics_insight.retail_funnel_v2_stage,
is_valid_pincode,Flag (1/0) indicating whether the delivery pincode is a valid Indian postal code.,"analytics_insight.retail_funnel_v2_stage.""is_valid_pincode""",analytics_insight.retail_funnel_v2_stage,
is_within_india,Flag (1/0) indicating whether the delivery GPS coordinates fall within India's geographic boundary.,"analytics_insight.retail_funnel_v2_stage.""is_within_india""",analytics_insight.retail_funnel_v2_stage,
serviceability_type_label,"Label describing the method used for serviceability validation (e.g., pincode-based, geofence-based).","analytics_insight.retail_funnel_v2_stage.""serviceability_type_label""",analytics_insight.retail_funnel_v2_stage,
serviceability_verifiability,Indicates whether the provider's serviceability claim can be independently verified against available data.,"analytics_insight.retail_funnel_v2_stage.""serviceability_verifiability""",analytics_insight.retail_funnel_v2_stage,
provider_location_serviceability_unit,"Granularity unit used by the provider to define their delivery serviceability area (e.g., pincode, polygon).","analytics_insight.retail_funnel_v2_stage.""provider_location_serviceability_unit""",analytics_insight.retail_funnel_v2_stage,
geojson_type,"Type of GeoJSON geometry used to define the provider's serviceability boundary (e.g., Polygon, MultiPolygon).","analytics_insight.retail_funnel_v2_stage.""geojson_type""",analytics_insight.retail_funnel_v2_stage,
geojson_status,Status indicating whether a valid GeoJSON serviceability definition exists and is usable for this provider.,"analytics_insight.retail_funnel_v2_stage.""geojson_status""",analytics_insight.retail_funnel_v2_stage,
geo_json_shared,Flag (1/0) indicating whether the provider has shared a GeoJSON polygon defining their serviceability area.,"analytics_insight.retail_funnel_v2_stage.""geo_json_shared""",analytics_insight.retail_funnel_v2_stage,
delivery_within_geofence,Flag (1/0) indicating whether the delivery address GPS falls within the provider's GeoJSON geofence.,"analytics_insight.retail_funnel_v2_stage.""delivery_within_geofence""",analytics_insight.retail_funnel_v2_stage,
within_pincode_fence,Flag (1/0) indicating whether the delivery pincode is within the provider's declared serviceable pincode list.,"analytics_insight.retail_funnel_v2_stage.""within_pincode_fence""",analytics_insight.retail_funnel_v2_stage,
buyer_attributed_serviceability_error,Flag (1/0) indicating a serviceability error is attributed to the buyer ordering outside the provider's coverage area.,"analytics_insight.retail_funnel_v2_stage.""buyer_attributed_serviceability_error""",analytics_insight.retail_funnel_v2_stage,
seller_attributed_serviceability_error,Flag (1/0) indicating a serviceability error is attributed to an incorrect or missing serviceability definition by the seller.,"analytics_insight.retail_funnel_v2_stage.""seller_attributed_serviceability_error""",analytics_insight.retail_funnel_v2_stage,
unknown_attributed_serviceability_error,Flag (1/0) indicating a serviceability error whose attribution cannot be determined.,"analytics_insight.retail_funnel_v2_stage.""unknown_attributed_serviceability_error""",analytics_insight.retail_funnel_v2_stage,
buyer_attributed_logistics,"Flag (1/0) indicating a logistics failure is attributed to buyer-driven factors (e.g., wrong address, unavailability).","analytics_insight.retail_funnel_v2_stage.""buyer_attributed_logistics""",analytics_insight.retail_funnel_v2_stage,
lsp_attributed_logistics,Flag (1/0) indicating a logistics failure is attributed to the Logistics Service Provider.,"analytics_insight.retail_funnel_v2_stage.""lsp_attributed_logistics""",analytics_insight.retail_funnel_v2_stage,
seller_attributed_logistics,"Flag (1/0) indicating a logistics failure is attributed to seller actions (e.g., delayed handover).","analytics_insight.retail_funnel_v2_stage.""seller_attributed_logistics""",analytics_insight.retail_funnel_v2_stage,
buyer_others_attributed,Flag (1/0) indicating miscellaneous errors outside standard categories are attributed to the buyer.,"analytics_insight.retail_funnel_v2_stage.""buyer_others_attributed""",analytics_insight.retail_funnel_v2_stage,
seller_others_attributed,Flag (1/0) indicating miscellaneous errors outside standard categories are attributed to the seller.,"analytics_insight.retail_funnel_v2_stage.""seller_others_attributed""",analytics_insight.retail_funnel_v2_stage,
overall_buyer_attributed,Aggregate flag (1/0) indicating the overall transaction failure is attributed to the buyer across all error dimensions.,"analytics_insight.retail_funnel_v2_stage.""overall_buyer_attributed""",analytics_insight.retail_funnel_v2_stage,
overall_seller_attributed,Aggregate flag (1/0) indicating the overall transaction failure is attributed to the seller across all error dimensions.,"analytics_insight.retail_funnel_v2_stage.""overall_seller_attributed""",analytics_insight.retail_funnel_v2_stage,
overall_lsp_attributed,Aggregate flag (1/0) indicating the overall transaction failure is attributed to the Logistics Service Provider across all dimensions.,"analytics_insight.retail_funnel_v2_stage.""overall_lsp_attributed""",analytics_insight.retail_funnel_v2_stage,
overall_unknown_attributed,Aggregate flag (1/0) indicating the overall transaction failure attribution is indeterminate across all error dimensions.,"analytics_insight.retail_funnel_v2_stage.""overall_unknown_attributed""",analytics_insight.retail_funnel_v2_stage,
"▼ retail_item_error   (base table, 12 cols)",,,analytics_insight.retail_item_error,
created_at,Date the error record was logged in the warehouse.,"analytics_insight.retail_item_error.""created_at""",analytics_insight.retail_item_error,
bap_id,Unique identifier of the Buyer App (BAP) network participant that initiated the transaction.,"analytics_insight.retail_item_error.""bap_id""",analytics_insight.retail_item_error,
bpp_id,Unique identifier of the Seller App (BPP) network participant that received and processed the transaction.,"analytics_insight.retail_item_error.""bpp_id""",analytics_insight.retail_item_error,
transaction_id,ONDC session-level transaction ID linking all API calls between buyer and seller for a single purchase flow.,"analytics_insight.retail_item_error.""transaction_id""",analytics_insight.retail_item_error,
action,"ONDC API action (e.g., search, select, init, confirm, status) during which the error was raised.","analytics_insight.retail_item_error.""action""",analytics_insight.retail_item_error,
domain,"ONDC vertical or category domain (e.g., retail, grocery, F&B) under which the transaction was conducted.","analytics_insight.retail_item_error.""domain""",analytics_insight.retail_item_error,
Provider ID,Unique identifier of the seller or provider entity listed on the BPP platform.,"analytics_insight.retail_item_error.""Provider ID""",analytics_insight.retail_item_error,
error_code,ONDC-standardized error code indicating the category or cause of the failure returned in the API response.,"analytics_insight.retail_item_error.""error_code""",analytics_insight.retail_item_error,
key,Specific field or JSON path within the catalog or order payload that triggered the validation or processing error.,"analytics_insight.retail_item_error.""key""",analytics_insight.retail_item_error,
msg_id_count,"Count of distinct message IDs associated with this error, reflecting how many API calls encountered it.","analytics_insight.retail_item_error.""msg_id_count""",analytics_insight.retail_item_error,
item_id,Unique identifier of the catalog item whose data or processing caused the error.,"analytics_insight.retail_item_error.""item_id""",analytics_insight.retail_item_error,
txn_id x action timestamp,"Composite deduplication key combining transaction ID, API action, and timestamp to uniquely fingerprint a single error event.","analytics_insight.retail_item_error.""txn_id x action timestamp""",analytics_insight.retail_item_error,
"▼ retail_item_error_stage   (base table, 12 cols)",,,analytics_insight.retail_item_error_stage,
created_at,Date the error record was captured in the staging table,"analytics_insight.retail_item_error_stage.""created_at""",analytics_insight.retail_item_error_stage,
bap_id,Unique identifier of the Buyer App Network Participant (BAP) that initiated the transaction,"analytics_insight.retail_item_error_stage.""bap_id""",analytics_insight.retail_item_error_stage,
bpp_id,Unique identifier of the Seller App Network Participant (BPP) that fulfilled or responded to the transaction,"analytics_insight.retail_item_error_stage.""bpp_id""",analytics_insight.retail_item_error_stage,
transaction_id,ONDC session-level identifier linking all API calls (search through confirm) for a single buyer journey,"analytics_insight.retail_item_error_stage.""transaction_id""",analytics_insight.retail_item_error_stage,
action,"ONDC API lifecycle call (e.g., search, select, init, confirm, on_confirm) during which the error was raised","analytics_insight.retail_item_error_stage.""action""",analytics_insight.retail_item_error_stage,
domain,"ONDC sector vertical under which the transaction was conducted (e.g., ONDC:RET10 for grocery, ONDC:RET12 for fashion)","analytics_insight.retail_item_error_stage.""domain""",analytics_insight.retail_item_error_stage,
Provider ID,Unique identifier of the seller or provider on the BPP whose catalog entry is associated with the error,"analytics_insight.retail_item_error_stage.""Provider ID""",analytics_insight.retail_item_error_stage,
error_code,ONDC-defined numeric error code returned by the network participant describing the failure type,"analytics_insight.retail_item_error_stage.""error_code""",analytics_insight.retail_item_error_stage,
key,Specific JSON payload field or parameter path that failed validation or triggered the error,"analytics_insight.retail_item_error_stage.""key""",analytics_insight.retail_item_error_stage,
msg_id_count,"Count of distinct message IDs sharing this error, indicating how many individual API messages were affected","analytics_insight.retail_item_error_stage.""msg_id_count""",analytics_insight.retail_item_error_stage,
item_id,Unique identifier of the catalog item or SKU on the provider's inventory that is linked to the error,"analytics_insight.retail_item_error_stage.""item_id""",analytics_insight.retail_item_error_stage,
txn_id x action timestamp,"Composite surrogate key concatenating transaction ID, action name, and timestamp to uniquely fingerprint a single API call instance","analytics_insight.retail_item_error_stage.""txn_id x action timestamp""",analytics_insight.retail_item_error_stage,
"▼ retail_order_funnel   (base table, 19 cols)",,,analytics_insight.retail_order_funnel,
bpp_id,Unique identifier of the Beckn Provider Platform (seller-side network participant) that fulfilled or attempted to fulfill the order.,"analytics_insight.retail_order_funnel.""bpp_id""",analytics_insight.retail_order_funnel,
bap_id,Unique identifier of the Beckn Application Platform (buyer-side network participant) through which the buyer placed the order.,"analytics_insight.retail_order_funnel.""bap_id""",analytics_insight.retail_order_funnel,
domain,"ONDC category domain under which the transaction occurred (e.g., retail grocery, F&B, fashion).","analytics_insight.retail_order_funnel.""domain""",analytics_insight.retail_order_funnel,
transaction_id,Globally unique identifier for the ONDC order transaction across the network.,"analytics_insight.retail_order_funnel.""transaction_id""",analytics_insight.retail_order_funnel,
provider_id,Unique identifier of the seller or merchant as registered on the BPP.,"analytics_insight.retail_order_funnel.""provider_id""",analytics_insight.retail_order_funnel,
order_status,"Final or current lifecycle status of the order (e.g., Created, Accepted, Completed, Cancelled).","analytics_insight.retail_order_funnel.""order_status""",analytics_insight.retail_order_funnel,
cancellation_type,"Reason or initiating party for order cancellation (e.g., buyer-initiated, seller-initiated, RTO).","analytics_insight.retail_order_funnel.""cancellation_type""",analytics_insight.retail_order_funnel,
seller_pincode,Indian postal code of the seller's warehouse or dispatch location.,"analytics_insight.retail_order_funnel.""seller_pincode""",analytics_insight.retail_order_funnel,
provider_name,Display name of the seller or merchant as registered on the BPP.,"analytics_insight.retail_order_funnel.""provider_name""",analytics_insight.retail_order_funnel,
delivery_pincode,Indian postal code of the buyer's delivery destination.,"analytics_insight.retail_order_funnel.""delivery_pincode""",analytics_insight.retail_order_funnel,
is_error,Flag indicating whether the transaction encountered one or more errors during its lifecycle.,"analytics_insight.retail_order_funnel.""is_error""",analytics_insight.retail_order_funnel,
error_code,ONDC-standard error code identifying the specific failure or exception in the transaction flow.,"analytics_insight.retail_order_funnel.""error_code""",analytics_insight.retail_order_funnel,
first_seen_date,Calendar date on which the transaction was first recorded in the data warehouse.,"analytics_insight.retail_order_funnel.""first_seen_date""",analytics_insight.retail_order_funnel,
hour_of_day,"Hour of the day (0–23) when the transaction was initiated, used for intra-day demand pattern analysis.","analytics_insight.retail_order_funnel.""hour_of_day""",analytics_insight.retail_order_funnel,
min_trans_type_sp,"Numeric encoding of the earliest ONDC API stage (e.g., search, select) reached in this transaction's funnel.","analytics_insight.retail_order_funnel.""min_trans_type_sp""",analytics_insight.retail_order_funnel,
max_trans_type_sp,"Numeric encoding of the furthest ONDC API stage reached in this transaction, indicating how deep into the order funnel it progressed.","analytics_insight.retail_order_funnel.""max_trans_type_sp""",analytics_insight.retail_order_funnel,
max_error_trans_type_sp,Numeric encoding of the most advanced ONDC API stage at which an error was encountered during the transaction.,"analytics_insight.retail_order_funnel.""max_error_trans_type_sp""",analytics_insight.retail_order_funnel,
end_trans_type,"The last ONDC API call type (e.g., confirm, cancel, on_status) that concluded the transaction lifecycle.","analytics_insight.retail_order_funnel.""end_trans_type""",analytics_insight.retail_order_funnel,
qsr,Indicates whether the transaction belongs to the Quick Service Restaurant (QSR) sub-segment within the F&B domain.,"analytics_insight.retail_order_funnel.""qsr""",analytics_insight.retail_order_funnel,
"▼ retail_order_funnel_stage   (base table, 19 cols)",,,analytics_insight.retail_order_funnel_stage,
bpp_id,Unique identifier of the seller-side network participant (BPP) that hosts the provider on the ONDC network.,"analytics_insight.retail_order_funnel_stage.""bpp_id""",analytics_insight.retail_order_funnel_stage,
bap_id,Unique identifier of the buyer-side network participant (BAP) through which the buyer placed the order.,"analytics_insight.retail_order_funnel_stage.""bap_id""",analytics_insight.retail_order_funnel_stage,
domain,"ONDC domain/sub-domain category of the transaction (e.g., retail:grocery, retail:fashion).","analytics_insight.retail_order_funnel_stage.""domain""",analytics_insight.retail_order_funnel_stage,
transaction_id,Unique ONDC protocol transaction ID that ties all API calls (search → confirm → status) for a single order journey.,"analytics_insight.retail_order_funnel_stage.""transaction_id""",analytics_insight.retail_order_funnel_stage,
provider_id,Unique identifier of the individual seller/merchant on the BPP platform.,"analytics_insight.retail_order_funnel_stage.""provider_id""",analytics_insight.retail_order_funnel_stage,
order_status,"Lifecycle status of the order as reported by the BPP (e.g., Created, Accepted, In-Transit, Cancelled, Completed).","analytics_insight.retail_order_funnel_stage.""order_status""",analytics_insight.retail_order_funnel_stage,
cancellation_type,"Classification of who triggered the cancellation and the reason category (e.g., buyer-initiated, seller-initiated, RTO).","analytics_insight.retail_order_funnel_stage.""cancellation_type""",analytics_insight.retail_order_funnel_stage,
seller_pincode,Indian postal code (pincode) of the seller's fulfillment location or warehouse.,"analytics_insight.retail_order_funnel_stage.""seller_pincode""",analytics_insight.retail_order_funnel_stage,
provider_name,Display name of the seller/merchant as registered on the BPP.,"analytics_insight.retail_order_funnel_stage.""provider_name""",analytics_insight.retail_order_funnel_stage,
delivery_pincode,Indian postal code of the buyer's delivery destination address.,"analytics_insight.retail_order_funnel_stage.""delivery_pincode""",analytics_insight.retail_order_funnel_stage,
is_error,Flag indicating whether any ONDC protocol call in this transaction returned an error response from a network participant.,"analytics_insight.retail_order_funnel_stage.""is_error""",analytics_insight.retail_order_funnel_stage,
error_code,"ONDC protocol error code received during the transaction, identifying the nature of the failure.","analytics_insight.retail_order_funnel_stage.""error_code""",analytics_insight.retail_order_funnel_stage,
first_seen_date,Calendar date on which this transaction was first ingested or observed in the data warehouse.,"analytics_insight.retail_order_funnel_stage.""first_seen_date""",analytics_insight.retail_order_funnel_stage,
hour_of_day,"Hour of the day (0–23) at which the transaction was initiated, used for intra-day traffic analysis.","analytics_insight.retail_order_funnel_stage.""hour_of_day""",analytics_insight.retail_order_funnel_stage,
min_trans_type_sp,Numeric sequence position of the earliest ONDC funnel stage (transaction type) observed for this transaction.,"analytics_insight.retail_order_funnel_stage.""min_trans_type_sp""",analytics_insight.retail_order_funnel_stage,
max_trans_type_sp,"Numeric sequence position of the furthest ONDC funnel stage reached, indicating how deep into the order flow the transaction progressed.","analytics_insight.retail_order_funnel_stage.""max_trans_type_sp""",analytics_insight.retail_order_funnel_stage,
max_error_trans_type_sp,Numeric sequence position of the furthest ONDC funnel stage at which an error was encountered.,"analytics_insight.retail_order_funnel_stage.""max_error_trans_type_sp""",analytics_insight.retail_order_funnel_stage,
end_trans_type,"The final ONDC API action type (e.g., search, select, init, confirm, cancel) at which the transaction terminated.","analytics_insight.retail_order_funnel_stage.""end_trans_type""",analytics_insight.retail_order_funnel_stage,
qsr,Flag or category indicating whether the order belongs to a Quick Service Restaurant (QSR) merchant segment within the food domain.,"analytics_insight.retail_order_funnel_stage.""qsr""",analytics_insight.retail_order_funnel_stage,
"▼ retail_order_igm   (base table, 29 cols)",,,analytics_insight.retail_order_igm,
bap_id,Unique identifier of the Buyer App Provider (buyer-side network participant) associated with the grievance ticket.,"analytics_insight.retail_order_igm.""bap_id""",analytics_insight.retail_order_igm,
bpp_id,Unique identifier of the Seller App Provider (seller-side network participant) against whom the issue is raised.,"analytics_insight.retail_order_igm.""bpp_id""",analytics_insight.retail_order_igm,
ticket_created_date,Timestamp when the IGM grievance ticket was created in the system.,"analytics_insight.retail_order_igm.""ticket_created_date""",analytics_insight.retail_order_igm,
Date,"Calendar date (without time) corresponding to the ticket creation, used for daily aggregation.","analytics_insight.retail_order_igm.""Date""",analytics_insight.retail_order_igm,
domain,"ONDC network domain of the order (e.g., retail, food and beverages) under which the grievance falls.","analytics_insight.retail_order_igm.""domain""",analytics_insight.retail_order_igm,
network_issue_id,Unique identifier assigned to the issue across the ONDC network's IGM system.,"analytics_insight.retail_order_igm.""network_issue_id""",analytics_insight.retail_order_igm,
ticket_category,"High-level classification of the grievance nature (e.g., item, fulfillment, payment).","analytics_insight.retail_order_igm.""ticket_category""",analytics_insight.retail_order_igm,
ticket_sub_category,Second-level classification providing a more specific issue type within the ticket category.,"analytics_insight.retail_order_igm.""ticket_sub_category""",analytics_insight.retail_order_igm,
ticket_sub_cat,"Cleaned or mapped alternate representation of ticket sub-category, used for standardized reporting.","analytics_insight.retail_order_igm.""ticket_sub_cat""",analytics_insight.retail_order_igm,
Resolved,Indicator flag or label denoting whether the grievance ticket has been resolved.,"analytics_insight.retail_order_igm.""Resolved""",analytics_insight.retail_order_igm,
network_order_id,Unique identifier of the ONDC network order linked to the grievance.,"analytics_insight.retail_order_igm.""network_order_id""",analytics_insight.retail_order_igm,
ticket_key,System-level unique key identifying the IGM ticket record.,"analytics_insight.retail_order_igm.""ticket_key""",analytics_insight.retail_order_igm,
ticket_source,"Entity or channel that originated the ticket (e.g., buyer, seller, logistics partner).","analytics_insight.retail_order_igm.""ticket_source""",analytics_insight.retail_order_igm,
ticket count,"Count of grievance tickets represented by the record, used for aggregation.","analytics_insight.retail_order_igm.""ticket count""",analytics_insight.retail_order_igm,
ticket_raiser,"Network participant role (BAP, BPP, or LSP) that raised the grievance.","analytics_insight.retail_order_igm.""ticket_raiser""",analytics_insight.retail_order_igm,
ticket_expected_resolution_time,SLA deadline timestamp by which the ticket must be resolved per ONDC IGM TAT norms.,"analytics_insight.retail_order_igm.""ticket_expected_resolution_time""",analytics_insight.retail_order_igm,
ticket_status,"Current lifecycle status of the IGM ticket (e.g., Open, Resolved, Closed).","analytics_insight.retail_order_igm.""ticket_status""",analytics_insight.retail_order_igm,
Closed date,Timestamp when the ticket was officially closed by the resolving party.,"analytics_insight.retail_order_igm.""Closed date""",analytics_insight.retail_order_igm,
r_action_ticket_resolved_date,Timestamp when the respondent network participant marked their action on the ticket as resolved.,"analytics_insight.retail_order_igm.""r_action_ticket_resolved_date""",analytics_insight.retail_order_igm,
category,"Product or order category (e.g., grocery, electronics) associated with the disputed order.","analytics_insight.retail_order_igm.""category""",analytics_insight.retail_order_igm,
Order Date,Timestamp when the original order linked to this grievance was placed on the network.,"analytics_insight.retail_order_igm.""Order Date""",analytics_insight.retail_order_igm,
seller_name,Display name of the seller or merchant on the BPP platform associated with the order.,"analytics_insight.retail_order_igm.""seller_name""",analytics_insight.retail_order_igm,
provider_id,Unique identifier of the seller/provider entity on the BPP platform.,"analytics_insight.retail_order_igm.""provider_id""",analytics_insight.retail_order_igm,
on_issue_error_code,Error code returned by the BPP in the on_issue API callback during the IGM protocol flow.,"analytics_insight.retail_order_igm.""on_issue_error_code""",analytics_insight.retail_order_igm,
issue_sync_response,Response payload or status received during issue synchronization API exchange between network participants.,"analytics_insight.retail_order_igm.""issue_sync_response""",analytics_insight.retail_order_igm,
tat_diff(open),"Difference in days between ticket creation and expected resolution time, indicating TAT headroom or breach while ticket is open.","analytics_insight.retail_order_igm.""tat_diff(open)""",analytics_insight.retail_order_igm,
sec_diff(open),"Difference in seconds between ticket creation and expected resolution timestamp, for fine-grained open-ticket TAT analysis.","analytics_insight.retail_order_igm.""sec_diff(open)""",analytics_insight.retail_order_igm,
min_diff(resolved),"Difference in minutes between ticket creation and actual resolution timestamp, measuring end-to-end resolution speed.","analytics_insight.retail_order_igm.""min_diff(resolved)""",analytics_insight.retail_order_igm,
tat_diff(res),"Difference in days between expected resolution time and actual resolution date, where positive values indicate a TAT breach.","analytics_insight.retail_order_igm.""tat_diff(res)""",analytics_insight.retail_order_igm,
"▼ retail_order_igm_bv   (view, 55 cols)",,,analytics_insight.retail_order_igm_bv,"SELECT igm.bap_id,
    igm.bpp_id,
    igm.ticket_created_date,
    igm.""Date"",
    igm.domain,
    igm.network_issue_id,
    igm.ticket_category,
    igm.ticket_sub_category,
    igm.ticket_sub_cat,
    igm.""Resolved"",
    igm.network_order_id,
    igm.ticket_key,
    igm.ticket_source,
    igm.""ticket count"",
    igm.ticket_raiser,
    igm.ticket_expected_resolution_time,
    igm.ticket_status,
    igm.""Closed date"",
    igm.r_action_ticket_resolved_date,
    igm.category,
    igm.""Order Date"",
    igm.seller_name,
    igm.provider_id,
    igm.on_issue_error_code,
    igm.issue_sync_response,
    igm.""tat_diff(open)"",
    igm.""sec_diff(open)"",
    igm.""min_diff(resolved)"",
    igm.""tat_diff(res)"",
    snp.seller_np_name AS ""Seller NP"",
    bnp.buyer_np_name AS ""Buyer NP"",
        CASE
            WHEN NOT igm.issue_sync_response IS DISTINCT FROM 'NACK'::text OR COALESCE(TRIM(BOTH FROM igm.on_issue_error_code), ''::text) <> ''::text THEN 1
            ELSE 0
        END AS rejected,
        CASE
            WHEN NOT igm.issue_sync_response IS DISTINCT FROM 'NACK'::text OR COALESCE(TRIM(BOTH FROM igm.on_issue_error_code), ''::text) <> ''::text THEN igm.""ticket count""
            ELSE 0
        END AS ""Rejected Retail"",
        CASE
            WHEN NOT (NOT igm.issue_sync_response IS DISTINCT FROM 'NACK'::text OR COALESCE(TRIM(BOTH FROM igm.on_issue_error_code), ''::text) <> ''::text) THEN igm.""ticket count""
            ELSE 0
        END AS ""Ticket_new_count"",
        CASE
            WHEN igm.issue_sync_response = 'NACK'::text THEN igm.""ticket count""
            ELSE 0
        END AS ""NACK Retail"",
        CASE
            WHEN igm.issue_sync_response = 'ACK'::text THEN igm.""ticket count""
            ELSE 0
        END AS ""ACK Retail"",
        CASE
            WHEN igm.on_issue_error_code IS NOT NULL OR igm.on_issue_error_code <> ''::text THEN igm.""ticket count""
            ELSE 0
        END AS ""On_Issue Error Retail"",
        CASE
            WHEN igm.""Resolved"" = 'Yes'::text THEN igm.""ticket count""
            ELSE 0
        END AS resolved_ticket,
        CASE
            WHEN igm.""Resolved"" = 'No'::text THEN igm.""ticket count""
            ELSE 0
        END AS unresolved_ticket,
        CASE
            WHEN igm.""Resolved"" = 'Forced Resolved'::text THEN igm.""ticket count""
            ELSE 0
        END AS forced_resolved_ticket,
        CASE
            WHEN igm.""Resolved"" = 'No'::text AND igm.ticket_status <> 'CLOSED'::text THEN igm.""ticket count""
            ELSE 0
        END AS ""Unresolved and not closed"",
        CASE
            WHEN igm.""Resolved"" = 'Yes'::text AND igm.""tat_diff(res)"" <= 0 THEN igm.""ticket count""
            ELSE 0
        END AS ""Resolution within TAT"",
        CASE
            WHEN igm.""Resolved"" = 'No'::text AND igm.""tat_diff(open)"" <= 0 THEN igm.""ticket count""
            ELSE 0
        END AS ""No Resolution & within TAT"",
        CASE
            WHEN igm.""Resolved"" = 'No'::text AND igm.""tat_diff(open)"" > 0 THEN igm.""ticket count""
            ELSE 0
        END AS ""No Resolution & outside TAT"",
        CASE
            WHEN igm.""Resolved"" = 'Yes'::text AND igm.""min_diff(resolved)"" >= 0 AND igm.""min_diff(resolved)"" <= 86400 THEN igm.""ticket count""
            ELSE 0
        END AS ""Resolved Ticket (0–1 day) (Retail)"",
        CASE
            WHEN igm.""Resolved"" = 'Yes'::text AND igm.""min_diff(resolved)"" > 86400 AND igm.""min_diff(resolved)"" <= 259200 THEN igm.""ticket count""
            ELSE 0
        END AS ""Resolved Ticket (1–3 day) (Retail)"",
        CASE
            WHEN igm.""Resolved"" = 'Yes'::text AND igm.""min_diff(resolved)"" > 259200 AND igm.""min_diff(resolved)"" <= 432000 THEN igm.""ticket count""
            ELSE 0
        END AS ""Resolved Ticket (3–5 day) (Retail)"",
        CASE
            WHEN igm.""Resolved"" = 'Yes'::text AND igm.""min_diff(resolved)"" > 432000 AND igm.""min_diff(resolved)"" <= 864000 THEN igm.""ticket count""
            ELSE 0
        END AS ""Resolved Ticket(5-10 day) (Retail)"",
        CASE
            WHEN igm.""Resolved"" = 'Yes'::text AND igm.""min_diff(resolved)"" > 864000 THEN igm.""ticket count""
            ELSE 0
        END AS ""Resolved Ticket (Above 10 days) (Retail)"",
        CASE
            WHEN igm.""Resolved"" = 'No'::text AND igm.""sec_diff(open)"" > 0 AND igm.""sec_diff(open)"" <= 86400 THEN igm.""ticket count""
            ELSE 0
        END AS ""Unresolved Ticket (0–1 day) (Retail)"",
        CASE
            WHEN igm.""Resolved"" = 'No'::text AND igm.""sec_diff(open)"" > 86400 AND igm.""sec_diff(open)"" <= 259200 THEN igm.""ticket count""
            ELSE 0
        END AS ""Unresolved Ticket (1–3 day) (Retail)"",
        CASE
            WHEN igm.""Resolved"" = 'No'::text AND igm.""sec_diff(open)"" > 259200 AND igm.""sec_diff(open)"" <= 432000 THEN igm.""ticket count""
            ELSE 0
        END AS ""Unresolved Ticket (3–5 day) (Retail)"",
        CASE
            WHEN igm.""Resolved"" = 'No'::text AND igm.""sec_diff(open)"" > 432000 AND igm.""sec_diff(open)"" <= 864000 THEN igm.""ticket count""
            ELSE 0
        END AS ""Unresolved Ticket (5–10 day) (Retail)"",
        CASE
            WHEN igm.""Resolved"" = 'No'::text AND igm.""sec_diff(open)"" > 864000 THEN igm.""ticket count""
            ELSE 0
        END AS ""Unresolved Ticket (Above 10 days) (Retail)"",
        CASE
            WHEN igm.""Resolved"" = 'Yes'::text THEN igm.""min_diff(resolved)""::numeric / 86400.0
            ELSE NULL::numeric
        END AS ""Average Resolved Time""
   FROM analytics_insight.retail_order_igm igm
     LEFT JOIN dimension.dim_retail_seller_np snp ON igm.bpp_id = snp.seller_np::text
     LEFT JOIN dimension.dim_retail_buyer_np bnp ON igm.bap_id = bnp.buyer_np::text;"
bap_id,Unique identifier of the Buyer App Network Participant (BAP) that raised the grievance ticket.,"analytics_insight.retail_order_igm_bv.""bap_id""",analytics_insight.retail_order_igm_bv,
bpp_id,Unique identifier of the Seller App Network Participant (BPP) against whom the grievance was raised.,"analytics_insight.retail_order_igm_bv.""bpp_id""",analytics_insight.retail_order_igm_bv,
ticket_created_date,Timestamp when the IGM grievance ticket was created on the ONDC network.,"analytics_insight.retail_order_igm_bv.""ticket_created_date""",analytics_insight.retail_order_igm_bv,
Date,Calendar date (without time component) on which the ticket was created.,"analytics_insight.retail_order_igm_bv.""Date""",analytics_insight.retail_order_igm_bv,
domain,"ONDC network domain under which the order and issue are categorised (e.g., retail, logistics).","analytics_insight.retail_order_igm_bv.""domain""",analytics_insight.retail_order_igm_bv,
network_issue_id,Unique issue identifier assigned by the ONDC network for end-to-end grievance tracking.,"analytics_insight.retail_order_igm_bv.""network_issue_id""",analytics_insight.retail_order_igm_bv,
ticket_category,"High-level issue category as defined in the ONDC IGM specification (e.g., fulfillment, item, payment).","analytics_insight.retail_order_igm_bv.""ticket_category""",analytics_insight.retail_order_igm_bv,
ticket_sub_category,Second-level classification of the issue under its primary ticket category.,"analytics_insight.retail_order_igm_bv.""ticket_sub_category""",analytics_insight.retail_order_igm_bv,
ticket_sub_cat,Normalised or alternate sub-category label for the issue used for reporting consistency.,"analytics_insight.retail_order_igm_bv.""ticket_sub_cat""",analytics_insight.retail_order_igm_bv,
Resolved,"Resolution status of the ticket: 'Yes' (resolved), 'No' (unresolved), or 'Forced Resolved' (administratively closed).","analytics_insight.retail_order_igm_bv.""Resolved""",analytics_insight.retail_order_igm_bv,
network_order_id,ONDC network-level order identifier linking the grievance ticket to the originating retail order.,"analytics_insight.retail_order_igm_bv.""network_order_id""",analytics_insight.retail_order_igm_bv,
ticket_key,Unique key assigned to the ticket within the grievance management system.,"analytics_insight.retail_order_igm_bv.""ticket_key""",analytics_insight.retail_order_igm_bv,
ticket_source,Channel or system through which the ticket was originally submitted.,"analytics_insight.retail_order_igm_bv.""ticket_source""",analytics_insight.retail_order_igm_bv,
ticket count,Row-level ticket count (typically 1) used as a summable metric in aggregations.,"analytics_insight.retail_order_igm_bv.""ticket count""",analytics_insight.retail_order_igm_bv,
ticket_raiser,"Party that raised the ticket — buyer, seller, or logistics network participant.","analytics_insight.retail_order_igm_bv.""ticket_raiser""",analytics_insight.retail_order_igm_bv,
ticket_expected_resolution_time,SLA/TAT deadline timestamp by which the ticket is contractually expected to be resolved.,"analytics_insight.retail_order_igm_bv.""ticket_expected_resolution_time""",analytics_insight.retail_order_igm_bv,
ticket_status,"Current workflow status of the ticket on the network (e.g., OPEN, CLOSED, RESOLVED).","analytics_insight.retail_order_igm_bv.""ticket_status""",analytics_insight.retail_order_igm_bv,
Closed date,Timestamp when the ticket was officially closed on the network.,"analytics_insight.retail_order_igm_bv.""Closed date""",analytics_insight.retail_order_igm_bv,
r_action_ticket_resolved_date,Timestamp when the responding party (seller NP) marked the ticket as resolved in their system.,"analytics_insight.retail_order_igm_bv.""r_action_ticket_resolved_date""",analytics_insight.retail_order_igm_bv,
category,"Standardised issue category used for analytics grouping, may differ from the raw ticket_category field.","analytics_insight.retail_order_igm_bv.""category""",analytics_insight.retail_order_igm_bv,
Order Date,Timestamp of the original retail order associated with this grievance.,"analytics_insight.retail_order_igm_bv.""Order Date""",analytics_insight.retail_order_igm_bv,
seller_name,Display name of the seller whose order is the subject of the grievance.,"analytics_insight.retail_order_igm_bv.""seller_name""",analytics_insight.retail_order_igm_bv,
provider_id,Unique identifier of the seller or provider on the ONDC network.,"analytics_insight.retail_order_igm_bv.""provider_id""",analytics_insight.retail_order_igm_bv,
on_issue_error_code,"Error code returned by the seller NP in the on_issue callback, indicating a processing error or rejection.","analytics_insight.retail_order_igm_bv.""on_issue_error_code""",analytics_insight.retail_order_igm_bv,
issue_sync_response,Synchronous response (ACK or NACK) from the seller NP when the issue was first transmitted to them.,"analytics_insight.retail_order_igm_bv.""issue_sync_response""",analytics_insight.retail_order_igm_bv,
tat_diff(open),Seconds by which an unresolved ticket has exceeded (positive) or remains within (negative or zero) its TAT deadline.,"analytics_insight.retail_order_igm_bv.""tat_diff(open)""",analytics_insight.retail_order_igm_bv,
sec_diff(open),"Age in seconds of an unresolved ticket, measured from creation time to the current snapshot.","analytics_insight.retail_order_igm_bv.""sec_diff(open)""",analytics_insight.retail_order_igm_bv,
min_diff(resolved),Duration in seconds between ticket creation and resolution for resolved tickets (used to bucket resolution speed into day ranges).,"analytics_insight.retail_order_igm_bv.""min_diff(resolved)""",analytics_insight.retail_order_igm_bv,
tat_diff(res),Difference in seconds between the actual resolution timestamp and the TAT deadline; negative or zero means resolved within SLA.,"analytics_insight.retail_order_igm_bv.""tat_diff(res)""",analytics_insight.retail_order_igm_bv,
Seller NP,"Display name of the Seller Network Participant, looked up from the seller NP dimension table via bpp_id.","analytics_insight.retail_order_igm_bv.""Seller NP""",analytics_insight.retail_order_igm_bv,
Buyer NP,"Display name of the Buyer Network Participant, looked up from the buyer NP dimension table via bap_id.","analytics_insight.retail_order_igm_bv.""Buyer NP""",analytics_insight.retail_order_igm_bv,
rejected,"Binary flag (1 = rejected, 0 = accepted) indicating whether the seller NP rejected the issue via NACK or a non-empty error code.","analytics_insight.retail_order_igm_bv.""rejected""",analytics_insight.retail_order_igm_bv,
Rejected Retail,Ticket count for rows where the seller NP rejected the issue (NACK response or non-empty on_issue error code).,"analytics_insight.retail_order_igm_bv.""Rejected Retail""",analytics_insight.retail_order_igm_bv,
Ticket_new_count,"Ticket count for valid, non-rejected tickets successfully accepted by the seller NP on the network.","analytics_insight.retail_order_igm_bv.""Ticket_new_count""",analytics_insight.retail_order_igm_bv,
NACK Retail,Ticket count for tickets where the seller NP returned a synchronous NACK response upon issue receipt.,"analytics_insight.retail_order_igm_bv.""NACK Retail""",analytics_insight.retail_order_igm_bv,
ACK Retail,Ticket count for tickets where the seller NP returned a synchronous ACK response upon issue receipt.,"analytics_insight.retail_order_igm_bv.""ACK Retail""",analytics_insight.retail_order_igm_bv,
On_Issue Error Retail,Ticket count for tickets where the seller NP's on_issue callback contained a non-null error code.,"analytics_insight.retail_order_igm_bv.""On_Issue Error Retail""",analytics_insight.retail_order_igm_bv,
resolved_ticket,Ticket count for tickets with resolution status 'Yes' (genuinely resolved by the seller NP).,"analytics_insight.retail_order_igm_bv.""resolved_ticket""",analytics_insight.retail_order_igm_bv,
unresolved_ticket,Ticket count for tickets with resolution status 'No' (not yet resolved).,"analytics_insight.retail_order_igm_bv.""unresolved_ticket""",analytics_insight.retail_order_igm_bv,
forced_resolved_ticket,Ticket count for tickets administratively closed by the network as 'Forced Resolved' without genuine seller resolution.,"analytics_insight.retail_order_igm_bv.""forced_resolved_ticket""",analytics_insight.retail_order_igm_bv,
Unresolved and not closed,"Ticket count for tickets that are both unresolved and still in a non-CLOSED status, i.e., actively pending action.","analytics_insight.retail_order_igm_bv.""Unresolved and not closed""",analytics_insight.retail_order_igm_bv,
Resolution within TAT,Ticket count for resolved tickets where resolution occurred at or before the TAT deadline.,"analytics_insight.retail_order_igm_bv.""Resolution within TAT""",analytics_insight.retail_order_igm_bv,
No Resolution & within TAT,Ticket count for unresolved tickets that have not yet breached their TAT deadline.,"analytics_insight.retail_order_igm_bv.""No Resolution & within TAT""",analytics_insight.retail_order_igm_bv,
No Resolution & outside TAT,Ticket count for unresolved tickets that have exceeded their TAT deadline and are overdue.,"analytics_insight.retail_order_igm_bv.""No Resolution & outside TAT""",analytics_insight.retail_order_igm_bv,
Resolved Ticket (0–1 day) (Retail),Count of resolved retail tickets where resolution time was within 0 to 1 day of creation.,"analytics_insight.retail_order_igm_bv.""Resolved Ticket (0–1 day) (Retail)""",analytics_insight.retail_order_igm_bv,
Resolved Ticket (1–3 day) (Retail),Count of resolved retail tickets where resolution time was between 1 and 3 days.,"analytics_insight.retail_order_igm_bv.""Resolved Ticket (1–3 day) (Retail)""",analytics_insight.retail_order_igm_bv,
Resolved Ticket (3–5 day) (Retail),Count of resolved retail tickets where resolution time was between 3 and 5 days.,"analytics_insight.retail_order_igm_bv.""Resolved Ticket (3–5 day) (Retail)""",analytics_insight.retail_order_igm_bv,
Resolved Ticket(5-10 day) (Retail),Count of resolved retail tickets where resolution time was between 5 and 10 days.,"analytics_insight.retail_order_igm_bv.""Resolved Ticket(5-10 day) (Retail)""",analytics_insight.retail_order_igm_bv,
Resolved Ticket (Above 10 days) (Retail),Count of resolved retail tickets where resolution time exceeded 10 days.,"analytics_insight.retail_order_igm_bv.""Resolved Ticket (Above 10 days) (Retail)""",analytics_insight.retail_order_igm_bv,
Unresolved Ticket (0–1 day) (Retail),Count of currently unresolved retail tickets that have been open for less than 1 day.,"analytics_insight.retail_order_igm_bv.""Unresolved Ticket (0–1 day) (Retail)""",analytics_insight.retail_order_igm_bv,
Unresolved Ticket (1–3 day) (Retail),Count of currently unresolved retail tickets that have been open between 1 and 3 days.,"analytics_insight.retail_order_igm_bv.""Unresolved Ticket (1–3 day) (Retail)""",analytics_insight.retail_order_igm_bv,
Unresolved Ticket (3–5 day) (Retail),Count of currently unresolved retail tickets that have been open between 3 and 5 days.,"analytics_insight.retail_order_igm_bv.""Unresolved Ticket (3–5 day) (Retail)""",analytics_insight.retail_order_igm_bv,
Unresolved Ticket (5–10 day) (Retail),Count of currently unresolved retail tickets that have been open between 5 and 10 days.,"analytics_insight.retail_order_igm_bv.""Unresolved Ticket (5–10 day) (Retail)""",analytics_insight.retail_order_igm_bv,
Unresolved Ticket (Above 10 days) (Retail),Count of currently unresolved retail tickets that have been open for more than 10 days.,"analytics_insight.retail_order_igm_bv.""Unresolved Ticket (Above 10 days) (Retail)""",analytics_insight.retail_order_igm_bv,
Average Resolved Time,Time taken to resolve the ticket expressed in fractional days (null for unresolved tickets).,"analytics_insight.retail_order_igm_bv.""Average Resolved Time""",analytics_insight.retail_order_igm_bv,
"▼ retail_order_igm_stage   (base table, 29 cols)",,,analytics_insight.retail_order_igm_stage,
bap_id,Unique identifier for the Buyer App (BAP).,"analytics_insight.retail_order_igm_stage.""bap_id""",analytics_insight.retail_order_igm_stage,
bpp_id,Unique identifier for the Seller App (BPP).,"analytics_insight.retail_order_igm_stage.""bpp_id""",analytics_insight.retail_order_igm_stage,
ticket_created_date,Timestamp or date indicating when ticket created date occurred.,"analytics_insight.retail_order_igm_stage.""ticket_created_date""",analytics_insight.retail_order_igm_stage,
Date,Timestamp or date indicating when date occurred.,"analytics_insight.retail_order_igm_stage.""Date""",analytics_insight.retail_order_igm_stage,
domain,"The ONDC network domain (e.g., retail, logistics).","analytics_insight.retail_order_igm_stage.""domain""",analytics_insight.retail_order_igm_stage,
network_issue_id,Data representing the network issue id.,"analytics_insight.retail_order_igm_stage.""network_issue_id""",analytics_insight.retail_order_igm_stage,
ticket_category,Timestamp or date indicating when ticket category occurred.,"analytics_insight.retail_order_igm_stage.""ticket_category""",analytics_insight.retail_order_igm_stage,
ticket_sub_category,Timestamp or date indicating when ticket sub category occurred.,"analytics_insight.retail_order_igm_stage.""ticket_sub_category""",analytics_insight.retail_order_igm_stage,
ticket_sub_cat,Timestamp or date indicating when ticket sub cat occurred.,"analytics_insight.retail_order_igm_stage.""ticket_sub_cat""",analytics_insight.retail_order_igm_stage,
Resolved,Data representing the resolved.,"analytics_insight.retail_order_igm_stage.""Resolved""",analytics_insight.retail_order_igm_stage,
network_order_id,Data representing the network order id.,"analytics_insight.retail_order_igm_stage.""network_order_id""",analytics_insight.retail_order_igm_stage,
ticket_key,Data representing the ticket key.,"analytics_insight.retail_order_igm_stage.""ticket_key""",analytics_insight.retail_order_igm_stage,
ticket_source,Data representing the ticket source.,"analytics_insight.retail_order_igm_stage.""ticket_source""",analytics_insight.retail_order_igm_stage,
ticket count,Data representing the ticket count.,"analytics_insight.retail_order_igm_stage.""ticket count""",analytics_insight.retail_order_igm_stage,
ticket_raiser,Data representing the ticket raiser.,"analytics_insight.retail_order_igm_stage.""ticket_raiser""",analytics_insight.retail_order_igm_stage,
ticket_expected_resolution_time,Timestamp or date indicating when ticket expected resolution time occurred.,"analytics_insight.retail_order_igm_stage.""ticket_expected_resolution_time""",analytics_insight.retail_order_igm_stage,
ticket_status,Turn-Around-Time (TAT) measurement.,"analytics_insight.retail_order_igm_stage.""ticket_status""",analytics_insight.retail_order_igm_stage,
Closed date,Timestamp or date indicating when closed date occurred.,"analytics_insight.retail_order_igm_stage.""Closed date""",analytics_insight.retail_order_igm_stage,
r_action_ticket_resolved_date,Timestamp or date indicating when r action ticket resolved date occurred.,"analytics_insight.retail_order_igm_stage.""r_action_ticket_resolved_date""",analytics_insight.retail_order_igm_stage,
category,Timestamp or date indicating when category occurred.,"analytics_insight.retail_order_igm_stage.""category""",analytics_insight.retail_order_igm_stage,
Order Date,Timestamp or date indicating when order date occurred.,"analytics_insight.retail_order_igm_stage.""Order Date""",analytics_insight.retail_order_igm_stage,
seller_name,Name of the seller.,"analytics_insight.retail_order_igm_stage.""seller_name""",analytics_insight.retail_order_igm_stage,
provider_id,Unique identifier for the provider.,"analytics_insight.retail_order_igm_stage.""provider_id""",analytics_insight.retail_order_igm_stage,
on_issue_error_code,Error code associated with a failure or issue.,"analytics_insight.retail_order_igm_stage.""on_issue_error_code""",analytics_insight.retail_order_igm_stage,
issue_sync_response,Data representing the issue sync response.,"analytics_insight.retail_order_igm_stage.""issue_sync_response""",analytics_insight.retail_order_igm_stage,
tat_diff(open),Turn-Around-Time (TAT) measurement.,"analytics_insight.retail_order_igm_stage.""tat_diff(open)""",analytics_insight.retail_order_igm_stage,
sec_diff(open),Data representing the sec diff(open).,"analytics_insight.retail_order_igm_stage.""sec_diff(open)""",analytics_insight.retail_order_igm_stage,
min_diff(resolved),Data representing the min diff(resolved).,"analytics_insight.retail_order_igm_stage.""min_diff(resolved)""",analytics_insight.retail_order_igm_stage,
tat_diff(res),Turn-Around-Time (TAT) measurement.,"analytics_insight.retail_order_igm_stage.""tat_diff(res)""",analytics_insight.retail_order_igm_stage,
"▼ retail_processed_error   (base table, 13 cols)",,,analytics_insight.retail_processed_error,
Created At,Timestamp when the record was created.,"analytics_insight.retail_processed_error.""Created At""",analytics_insight.retail_processed_error,
Error Code,Error code associated with a failure or issue.,"analytics_insight.retail_processed_error.""Error Code""",analytics_insight.retail_processed_error,
Action,Data representing the action.,"analytics_insight.retail_processed_error.""Action""",analytics_insight.retail_processed_error,
Domain,"The ONDC network domain (e.g., retail, logistics).","analytics_insight.retail_processed_error.""Domain""",analytics_insight.retail_processed_error,
Bap ID,Unique identifier for the Buyer App (BAP).,"analytics_insight.retail_processed_error.""Bap ID""",analytics_insight.retail_processed_error,
Bpp ID,Unique identifier for the Seller App (BPP).,"analytics_insight.retail_processed_error.""Bpp ID""",analytics_insight.retail_processed_error,
Provider ID,Unique identifier for the provider.,"analytics_insight.retail_processed_error.""Provider ID""",analytics_insight.retail_processed_error,
Order Level,Data representing the order level.,"analytics_insight.retail_processed_error.""Order Level""",analytics_insight.retail_processed_error,
join_column_nhm,Data representing the join column nhm.,"analytics_insight.retail_processed_error.""join_column_nhm""",analytics_insight.retail_processed_error,
joinn,Data representing the joinn.,"analytics_insight.retail_processed_error.""joinn""",analytics_insight.retail_processed_error,
Count,Data representing the count.,"analytics_insight.retail_processed_error.""Count""",analytics_insight.retail_processed_error,
Base_action,Data representing the base action.,"analytics_insight.retail_processed_error.""Base_action""",analytics_insight.retail_processed_error,
Mcount,Data representing the mcount.,"analytics_insight.retail_processed_error.""Mcount""",analytics_insight.retail_processed_error,
"▼ retail_processed_error_stage   (base table, 13 cols)",,,analytics_insight.retail_processed_error_stage,
Created At,Timestamp when the record was created.,"analytics_insight.retail_processed_error_stage.""Created At""",analytics_insight.retail_processed_error_stage,
Error Code,Error code associated with a failure or issue.,"analytics_insight.retail_processed_error_stage.""Error Code""",analytics_insight.retail_processed_error_stage,
Action,Data representing the action.,"analytics_insight.retail_processed_error_stage.""Action""",analytics_insight.retail_processed_error_stage,
Domain,"The ONDC network domain (e.g., retail, logistics).","analytics_insight.retail_processed_error_stage.""Domain""",analytics_insight.retail_processed_error_stage,
Bap ID,Unique identifier for the Buyer App (BAP).,"analytics_insight.retail_processed_error_stage.""Bap ID""",analytics_insight.retail_processed_error_stage,
Bpp ID,Unique identifier for the Seller App (BPP).,"analytics_insight.retail_processed_error_stage.""Bpp ID""",analytics_insight.retail_processed_error_stage,
Provider ID,Unique identifier for the provider.,"analytics_insight.retail_processed_error_stage.""Provider ID""",analytics_insight.retail_processed_error_stage,
Order Level,Data representing the order level.,"analytics_insight.retail_processed_error_stage.""Order Level""",analytics_insight.retail_processed_error_stage,
join_column_nhm,Data representing the join column nhm.,"analytics_insight.retail_processed_error_stage.""join_column_nhm""",analytics_insight.retail_processed_error_stage,
joinn,Data representing the joinn.,"analytics_insight.retail_processed_error_stage.""joinn""",analytics_insight.retail_processed_error_stage,
Count,Data representing the count.,"analytics_insight.retail_processed_error_stage.""Count""",analytics_insight.retail_processed_error_stage,
Base_action,Data representing the base action.,"analytics_insight.retail_processed_error_stage.""Base_action""",analytics_insight.retail_processed_error_stage,
Mcount,Data representing the mcount.,"analytics_insight.retail_processed_error_stage.""Mcount""",analytics_insight.retail_processed_error_stage,
"▼ retail_rejected_data   (base table, 12 cols)",,,analytics_insight.retail_rejected_data,
Date,Timestamp or date indicating when date occurred.,"analytics_insight.retail_rejected_data.""Date""",analytics_insight.retail_rejected_data,
Bap ID,Unique identifier for the Buyer App (BAP).,"analytics_insight.retail_rejected_data.""Bap ID""",analytics_insight.retail_rejected_data,
Bpp ID,Unique identifier for the Seller App (BPP).,"analytics_insight.retail_rejected_data.""Bpp ID""",analytics_insight.retail_rejected_data,
Domain,"The ONDC network domain (e.g., retail, logistics).","analytics_insight.retail_rejected_data.""Domain""",analytics_insight.retail_rejected_data,
Network order id,Data representing the network order id.,"analytics_insight.retail_rejected_data.""Network order id""",analytics_insight.retail_rejected_data,
Distinct message id,Unique ONDC network message identifier.,"analytics_insight.retail_rejected_data.""Distinct message id""",analytics_insight.retail_rejected_data,
Distinct count,Data representing the distinct count.,"analytics_insight.retail_rejected_data.""Distinct count""",analytics_insight.retail_rejected_data,
ACK count,Data representing the ack count.,"analytics_insight.retail_rejected_data.""ACK count""",analytics_insight.retail_rejected_data,
NACK count,Data representing the nack count.,"analytics_insight.retail_rejected_data.""NACK count""",analytics_insight.retail_rejected_data,
NULL count,Data representing the null count.,"analytics_insight.retail_rejected_data.""NULL count""",analytics_insight.retail_rejected_data,
Cancel count,Data representing the cancel count.,"analytics_insight.retail_rejected_data.""Cancel count""",analytics_insight.retail_rejected_data,
On cancel count,Data representing the on cancel count.,"analytics_insight.retail_rejected_data.""On cancel count""",analytics_insight.retail_rejected_data,
"▼ retail_rejected_data_bv   (view, 23 cols)",,,analytics_insight.retail_rejected_data_bv,"SELECT rd.""Date"",
    rd.""Bap ID"",
    rd.""Bpp ID"",
    rd.""Domain"",
    rd.""Network order id"",
    rd.""Distinct message id"",
    COALESCE(rd.""Distinct count"", 0::bigint) AS ""Distinct count"",
    COALESCE(rd.""ACK count"", 0::bigint) AS ""ACK count"",
    COALESCE(rd.""NACK count"", 0::bigint) AS ""NACK count"",
    COALESCE(rd.""NULL count"", 0::bigint) AS ""NULL count"",
    COALESCE(rd.""Cancel count"", 0::bigint) AS ""Cancel count"",
    COALESCE(rd.""On cancel count"", 0::bigint) AS ""On cancel count"",
    COALESCE(rd.""Distinct count"", 0::bigint) AS dictinct_count,
    rd.""Bap ID"" AS bap_id,
    rd.""Bpp ID"" AS bpp_id,
    rd.""Domain"" AS domain,
    bnp.buyer_np_name AS ""Buyer NP"",
    snp.seller_np_name AS ""Seller NP"",
        CASE
            WHEN rd.""Bpp ID"" IS NOT NULL AND TRIM(BOTH FROM rd.""Bpp ID""::text) <> ''::text THEN 'DETAILED ANALYSIS OF SELLER NP - '::text || rd.""Bpp ID""::text
            ELSE 'DETAILED ANALYSIS OF SELLER NP - OVERALL'::text
        END AS ""BPP Title"",
        CASE
            WHEN rd.""Bap ID"" IS NOT NULL AND TRIM(BOTH FROM rd.""Bap ID""::text) <> ''::text THEN 'DETAILED ANALYSIS OF BUYER NP - '::text || rd.""Bap ID""::text
            ELSE 'DETAILED ANALYSIS OF BUYER NP - OVERALL'::text
        END AS ""BAP Title"",
        CASE
            WHEN rd.""Bpp ID"" IS NOT NULL AND TRIM(BOTH FROM rd.""Bpp ID""::text) <> ''::text THEN rd.""Bpp ID""::text || '(Seller NP)'::text
            ELSE 'Overall(Seller NP)'::text
        END AS ""BPP Subtitle"",
        CASE
            WHEN rd.""Bap ID"" IS NOT NULL AND TRIM(BOTH FROM rd.""Bap ID""::text) <> ''::text THEN rd.""Bap ID""::text || '(Buyer NP)'::text
            ELSE 'Overall(Buyer NP)'::text
        END AS ""BAP Subtitle"",
        CASE
            WHEN rd.""Date"" IS NOT NULL THEN 'Attempt to Confirm on '::text || to_char(rd.""Date""::timestamp with time zone, 'DD Mon''YY'::text)
            ELSE NULL::text
        END AS ""Title for KPI""
   FROM analytics_insight.retail_rejected_data rd
     LEFT JOIN dimension.dim_retail_buyer_np bnp ON bnp.buyer_np::text = rd.""Bap ID""::text
     LEFT JOIN dimension.dim_retail_seller_np snp ON snp.seller_np::text = rd.""Bpp ID""::text;"
Date,Timestamp or date indicating when date occurred.,"analytics_insight.retail_rejected_data_bv.""Date""",analytics_insight.retail_rejected_data_bv,
Bap ID,Unique identifier for the Buyer App (BAP).,"analytics_insight.retail_rejected_data_bv.""Bap ID""",analytics_insight.retail_rejected_data_bv,
Bpp ID,Unique identifier for the Seller App (BPP).,"analytics_insight.retail_rejected_data_bv.""Bpp ID""",analytics_insight.retail_rejected_data_bv,
Domain,"The ONDC network domain (e.g., retail, logistics).","analytics_insight.retail_rejected_data_bv.""Domain""",analytics_insight.retail_rejected_data_bv,
Network order id,Data representing the network order id.,"analytics_insight.retail_rejected_data_bv.""Network order id""",analytics_insight.retail_rejected_data_bv,
Distinct message id,Unique ONDC network message identifier.,"analytics_insight.retail_rejected_data_bv.""Distinct message id""",analytics_insight.retail_rejected_data_bv,
Distinct count,Data representing the distinct count.,"analytics_insight.retail_rejected_data_bv.""Distinct count""",analytics_insight.retail_rejected_data_bv,
ACK count,Data representing the ack count.,"analytics_insight.retail_rejected_data_bv.""ACK count""",analytics_insight.retail_rejected_data_bv,
NACK count,Data representing the nack count.,"analytics_insight.retail_rejected_data_bv.""NACK count""",analytics_insight.retail_rejected_data_bv,
NULL count,Data representing the null count.,"analytics_insight.retail_rejected_data_bv.""NULL count""",analytics_insight.retail_rejected_data_bv,
Cancel count,Data representing the cancel count.,"analytics_insight.retail_rejected_data_bv.""Cancel count""",analytics_insight.retail_rejected_data_bv,
On cancel count,Data representing the on cancel count.,"analytics_insight.retail_rejected_data_bv.""On cancel count""",analytics_insight.retail_rejected_data_bv,
dictinct_count,Data representing the dictinct count.,"analytics_insight.retail_rejected_data_bv.""dictinct_count""",analytics_insight.retail_rejected_data_bv,
bap_id,Unique identifier for the Buyer App (BAP).,"analytics_insight.retail_rejected_data_bv.""bap_id""",analytics_insight.retail_rejected_data_bv,
bpp_id,Unique identifier for the Seller App (BPP).,"analytics_insight.retail_rejected_data_bv.""bpp_id""",analytics_insight.retail_rejected_data_bv,
domain,"The ONDC network domain (e.g., retail, logistics).","analytics_insight.retail_rejected_data_bv.""domain""",analytics_insight.retail_rejected_data_bv,
Buyer NP,Data representing the buyer np.,"analytics_insight.retail_rejected_data_bv.""Buyer NP""",analytics_insight.retail_rejected_data_bv,
Seller NP,Data representing the seller np.,"analytics_insight.retail_rejected_data_bv.""Seller NP""",analytics_insight.retail_rejected_data_bv,
BPP Title,Data representing the bpp title.,"analytics_insight.retail_rejected_data_bv.""BPP Title""",analytics_insight.retail_rejected_data_bv,
BAP Title,Data representing the bap title.,"analytics_insight.retail_rejected_data_bv.""BAP Title""",analytics_insight.retail_rejected_data_bv,
BPP Subtitle,Data representing the bpp subtitle.,"analytics_insight.retail_rejected_data_bv.""BPP Subtitle""",analytics_insight.retail_rejected_data_bv,
BAP Subtitle,Data representing the bap subtitle.,"analytics_insight.retail_rejected_data_bv.""BAP Subtitle""",analytics_insight.retail_rejected_data_bv,
Title for KPI,Data representing the title for kpi.,"analytics_insight.retail_rejected_data_bv.""Title for KPI""",analytics_insight.retail_rejected_data_bv,
"▼ retail_rejected_data_stage   (base table, 12 cols)",,,analytics_insight.retail_rejected_data_stage,
Date,Timestamp or date indicating when date occurred.,"analytics_insight.retail_rejected_data_stage.""Date""",analytics_insight.retail_rejected_data_stage,
Bap ID,Unique identifier for the Buyer App (BAP).,"analytics_insight.retail_rejected_data_stage.""Bap ID""",analytics_insight.retail_rejected_data_stage,
Bpp ID,Unique identifier for the Seller App (BPP).,"analytics_insight.retail_rejected_data_stage.""Bpp ID""",analytics_insight.retail_rejected_data_stage,
Domain,"The ONDC network domain (e.g., retail, logistics).","analytics_insight.retail_rejected_data_stage.""Domain""",analytics_insight.retail_rejected_data_stage,
Network order id,Data representing the network order id.,"analytics_insight.retail_rejected_data_stage.""Network order id""",analytics_insight.retail_rejected_data_stage,
Distinct message id,Unique ONDC network message identifier.,"analytics_insight.retail_rejected_data_stage.""Distinct message id""",analytics_insight.retail_rejected_data_stage,
Distinct count,Data representing the distinct count.,"analytics_insight.retail_rejected_data_stage.""Distinct count""",analytics_insight.retail_rejected_data_stage,
ACK count,Data representing the ack count.,"analytics_insight.retail_rejected_data_stage.""ACK count""",analytics_insight.retail_rejected_data_stage,
NACK count,Data representing the nack count.,"analytics_insight.retail_rejected_data_stage.""NACK count""",analytics_insight.retail_rejected_data_stage,
NULL count,Data representing the null count.,"analytics_insight.retail_rejected_data_stage.""NULL count""",analytics_insight.retail_rejected_data_stage,
Cancel count,Data representing the cancel count.,"analytics_insight.retail_rejected_data_stage.""Cancel count""",analytics_insight.retail_rejected_data_stage,
On cancel count,Data representing the on cancel count.,"analytics_insight.retail_rejected_data_stage.""On cancel count""",analytics_insight.retail_rejected_data_stage,
"▼ retail_seller_density   (view, 58 cols)",,,analytics_insight.retail_seller_density,"WITH max_sku_master AS (
         SELECT sku_master.""Date"",
                CASE
                    WHEN sku_master.uid::text = '<NA>'::text THEN NULL::character varying
                    ELSE sku_master.uid
                END AS uid,
                CASE
                    WHEN sku_master.seller_name::text = '<NA>'::text THEN NULL::character varying
                    ELSE sku_master.seller_name
                END AS seller_name,
                CASE
                    WHEN sku_master.provider_name::text = '<NA>'::text THEN NULL::character varying
                    ELSE sku_master.provider_name
                END AS provider_name,
                CASE
                    WHEN sku_master.pin_code::text = '<NA>'::text THEN NULL::text
                    ELSE TRIM(BOTH FROM sku_master.pin_code)
                END AS pin_code,
                CASE
                    WHEN sku_master.category::text = '<NA>'::text THEN NULL::character varying
                    ELSE sku_master.category
                END AS category,
            sku_master.cnt,
                CASE
                    WHEN sku_master.statename::text = '<NA>'::text THEN NULL::character varying
                    ELSE sku_master.statename
                END AS statename,
                CASE
                    WHEN sku_master.""Delivery City""::text = '<NA>'::text THEN NULL::character varying
                    ELSE sku_master.""Delivery City""
                END AS ""Delivery City"",
                CASE
                    WHEN sku_master.""Sub - Category""::text = '<NA>'::text THEN NULL::character varying
                    ELSE sku_master.""Sub - Category""
                END AS ""Sub - Category"",
                CASE
                    WHEN sku_master.provider_id::text = '<NA>'::text THEN NULL::character varying
                    ELSE sku_master.provider_id
                END AS provider_id,
                CASE
                    WHEN sku_master.""Store Availability""::text = '<NA>'::text THEN NULL::character varying
                    ELSE sku_master.""Store Availability""
                END AS ""Store Availability"",
                CASE
                    WHEN sku_master.""Seller App""::text = '<NA>'::text THEN NULL::character varying
                    ELSE sku_master.""Seller App""
                END AS ""Seller App""
           FROM analytics_insight.sku_master sku_master
          WHERE sku_master.""Date"" = (( SELECT max(sku_master_1.""Date"") AS max
                   FROM analytics_insight.sku_master sku_master_1))
        ), category_pin_all_1 AS (
         SELECT max_sku_master.""Date"",
            max_sku_master.category,
            max_sku_master.pin_code,
            count(DISTINCT max_sku_master.uid) AS ""Count"",
                CASE
                    WHEN count(DISTINCT max_sku_master.uid) > 0 AND max_sku_master.category::text = 'Grocery'::text THEN 1
                    ELSE 0
                END AS ""grocery>=1"",
                CASE
                    WHEN count(DISTINCT max_sku_master.uid) > 1 AND max_sku_master.category::text = 'Grocery'::text THEN 1
                    ELSE 0
                END AS ""grocery>=2"",
                CASE
                    WHEN count(DISTINCT max_sku_master.uid) > 2 AND max_sku_master.category::text = 'Grocery'::text THEN 1
                    ELSE 0
                END AS ""grocery>=3"",
                CASE
                    WHEN count(DISTINCT max_sku_master.uid) > 3 AND max_sku_master.category::text = 'Grocery'::text THEN 1
                    ELSE 0
                END AS ""grocery>=4"",
                CASE
                    WHEN count(DISTINCT max_sku_master.uid) > 4 AND max_sku_master.category::text = 'Fashion'::text THEN 1
                    ELSE 0
                END AS ""grocery> 5"",
                CASE
                    WHEN count(DISTINCT max_sku_master.uid) > 0 AND max_sku_master.category::text = 'Fashion'::text THEN 1
                    ELSE 0
                END AS ""fashion> =1"",
                CASE
                    WHEN count(DISTINCT max_sku_master.uid) > 1 AND max_sku_master.category::text = 'Fashion'::text THEN 1
                    ELSE 0
                END AS ""fashion> =2"",
                CASE
                    WHEN count(DISTINCT max_sku_master.uid) > 2 AND max_sku_master.category::text = 'Fashion'::text THEN 1
                    ELSE 0
                END AS ""fashion> =3"",
                CASE
                    WHEN count(DISTINCT max_sku_master.uid) > 3 AND max_sku_master.category::text = 'Fashion'::text THEN 1
                    ELSE 0
                END AS ""fashion> =4"",
                CASE
                    WHEN count(DISTINCT max_sku_master.uid) > 4 AND max_sku_master.category::text = 'Fashion'::text THEN 1
                    ELSE 0
                END AS ""fashion> 5"",
                CASE
                    WHEN count(DISTINCT max_sku_master.uid) > 0 AND max_sku_master.category::text = 'F&B'::text THEN 1
                    ELSE 0
                END AS ""f&b>=1"",
                CASE
                    WHEN count(DISTINCT max_sku_master.uid) > 1 AND max_sku_master.category::text = 'F&B'::text THEN 1
                    ELSE 0
                END AS ""f&b>=2"",
                CASE
                    WHEN count(DISTINCT max_sku_master.uid) > 2 AND max_sku_master.category::text = 'F&B'::text THEN 1
                    ELSE 0
                END AS ""f&b>=3"",
                CASE
                    WHEN count(DISTINCT max_sku_master.uid) > 3 AND max_sku_master.category::text = 'F&B'::text THEN 1
                    ELSE 0
                END AS ""f&b>=4"",
                CASE
                    WHEN count(DISTINCT max_sku_master.uid) > 4 AND max_sku_master.category::text = 'F&B'::text THEN 1
                    ELSE 0
                END AS ""f&b> 5"",
                CASE
                    WHEN count(DISTINCT max_sku_master.uid) > 0 AND max_sku_master.category::text = 'Home & Kitchen'::text THEN 1
                    ELSE 0
                END AS ""H&K >=1"",
                CASE
                    WHEN count(DISTINCT max_sku_master.uid) > 1 AND max_sku_master.category::text = 'Home & Kitchen'::text THEN 1
                    ELSE 0
                END AS ""H&K >=2"",
                CASE
                    WHEN count(DISTINCT max_sku_master.uid) > 2 AND max_sku_master.category::text = 'Home & Kitchen'::text THEN 1
                    ELSE 0
                END AS ""H&K >=3"",
                CASE
                    WHEN count(DISTINCT max_sku_master.uid) > 3 AND max_sku_master.category::text = 'Home & Kitchen'::text THEN 1
                    ELSE 0
                END AS ""H&K >=4"",
                CASE
                    WHEN count(DISTINCT max_sku_master.uid) > 4 AND max_sku_master.category::text = 'Home & Kitchen'::text THEN 1
                    ELSE 0
                END AS ""H&K > 5"",
                CASE
                    WHEN count(DISTINCT max_sku_master.uid) > 0 AND max_sku_master.category::text = 'Health & Wellness'::text THEN 1
                    ELSE 0
                END AS ""H&W >=1"",
                CASE
                    WHEN count(DISTINCT max_sku_master.uid) > 1 AND max_sku_master.category::text = 'Health & Wellness'::text THEN 1
                    ELSE 0
                END AS ""H&W >=2"",
                CASE
                    WHEN count(DISTINCT max_sku_master.uid) > 2 AND max_sku_master.category::text = 'Health & Wellness'::text THEN 1
                    ELSE 0
                END AS ""H&W >=3"",
                CASE
                    WHEN count(DISTINCT max_sku_master.uid) > 3 AND max_sku_master.category::text = 'Health & Wellness'::text THEN 1
                    ELSE 0
                END AS ""H&W >=4"",
                CASE
                    WHEN count(DISTINCT max_sku_master.uid) > 4 AND max_sku_master.category::text = 'Health & Wellness'::text THEN 1
                    ELSE 0
                END AS ""H&W > 5"",
                CASE
                    WHEN count(DISTINCT max_sku_master.uid) > 0 AND max_sku_master.category::text = 'Electronics'::text THEN 1
                    ELSE 0
                END AS ""Elec >=1"",
                CASE
                    WHEN count(DISTINCT max_sku_master.uid) > 1 AND max_sku_master.category::text = 'Electronics'::text THEN 1
                    ELSE 0
                END AS ""Elec >=2"",
                CASE
                    WHEN count(DISTINCT max_sku_master.uid) > 2 AND max_sku_master.category::text = 'Electronics'::text THEN 1
                    ELSE 0
                END AS ""Elec >=3"",
                CASE
                    WHEN count(DISTINCT max_sku_master.uid) > 3 AND max_sku_master.category::text = 'Electronics'::text THEN 1
                    ELSE 0
                END AS ""Elec >=4"",
                CASE
                    WHEN count(DISTINCT max_sku_master.uid) > 4 AND max_sku_master.category::text = 'Electronics'::text THEN 1
                    ELSE 0
                END AS ""Elec > 5"",
                CASE
                    WHEN count(DISTINCT max_sku_master.uid) > 0 AND max_sku_master.category::text = 'BPC'::text THEN 1
                    ELSE 0
                END AS ""BPC >=1"",
                CASE
                    WHEN count(DISTINCT max_sku_master.uid) > 1 AND max_sku_master.category::text = 'BPC'::text THEN 1
                    ELSE 0
                END AS ""BPC >=2"",
                CASE
                    WHEN count(DISTINCT max_sku_master.uid) > 2 AND max_sku_master.category::text = 'BPC'::text THEN 1
                    ELSE 0
                END AS ""BPC >=3"",
                CASE
                    WHEN count(DISTINCT max_sku_master.uid) > 3 AND max_sku_master.category::text = 'BPC'::text THEN 1
                    ELSE 0
                END AS ""BPC >=4"",
                CASE
                    WHEN count(DISTINCT max_sku_master.uid) > 4 AND max_sku_master.category::text = 'BPC'::text THEN 1
                    ELSE 0
                END AS ""BPC > 5"",
                CASE
                    WHEN count(DISTINCT max_sku_master.uid) > 0 AND max_sku_master.category::text = 'Appliances'::text THEN 1
                    ELSE 0
                END AS ""Appliances >=1"",
                CASE
                    WHEN count(DISTINCT max_sku_master.uid) > 1 AND max_sku_master.category::text = 'Appliances'::text THEN 1
                    ELSE 0
                END AS ""Appliances >=2"",
                CASE
                    WHEN count(DISTINCT max_sku_master.uid) > 2 AND max_sku_master.category::text = 'Appliances'::text THEN 1
                    ELSE 0
                END AS ""Appliances >=3"",
                CASE
                    WHEN count(DISTINCT max_sku_master.uid) > 3 AND max_sku_master.category::text = 'Appliances'::text THEN 1
                    ELSE 0
                END AS ""Appliances >=4"",
                CASE
                    WHEN count(DISTINCT max_sku_master.uid) > 4 AND max_sku_master.category::text = 'Appliances'::text THEN 1
                    ELSE 0
                END AS ""Appliances > 5""
           FROM max_sku_master
          GROUP BY max_sku_master.""Date"", max_sku_master.category, max_sku_master.pin_code
        ), category_pin_all AS (
         SELECT category_pin_all_1.""Date"",
            category_pin_all_1.pin_code,
            sum(category_pin_all_1.""grocery>=1"") AS ""grocery>=1"",
            sum(category_pin_all_1.""grocery>=2"") AS ""grocery>=2"",
            sum(category_pin_all_1.""grocery>=3"") AS ""grocery>=3"",
            sum(category_pin_all_1.""grocery>=4"") AS ""grocery>=4"",
            sum(category_pin_all_1.""grocery> 5"") AS ""grocery> 5"",
            sum(category_pin_all_1.""fashion> =1"") AS ""fashion> =1"",
            sum(category_pin_all_1.""fashion> =2"") AS ""fashion> =2"",
            sum(category_pin_all_1.""fashion> =3"") AS ""fashion> =3"",
            sum(category_pin_all_1.""fashion> =4"") AS ""fashion> =4"",
            sum(category_pin_all_1.""fashion> 5"") AS ""fashion> 5"",
            sum(category_pin_all_1.""f&b>=1"") AS ""f&b>=1"",
            sum(category_pin_all_1.""f&b>=2"") AS ""f&b>=2"",
            sum(category_pin_all_1.""f&b>=3"") AS ""f&b>=3"",
            sum(category_pin_all_1.""f&b>=4"") AS ""f&b>=4"",
            sum(category_pin_all_1.""f&b> 5"") AS ""f&b> 5"",
            sum(category_pin_all_1.""H&K >=1"") AS ""H&K >=1"",
            sum(category_pin_all_1.""H&K >=2"") AS ""H&K >=2"",
            sum(category_pin_all_1.""H&K >=3"") AS ""H&K >=3"",
            sum(category_pin_all_1.""H&K >=4"") AS ""H&K >=4"",
            sum(category_pin_all_1.""H&K > 5"") AS ""H&K > 5"",
            sum(category_pin_all_1.""H&W >=1"") AS ""H&W >=1"",
            sum(category_pin_all_1.""H&W >=2"") AS ""H&W >=2"",
            sum(category_pin_all_1.""H&W >=3"") AS ""H&W >=3"",
            sum(category_pin_all_1.""H&W >=4"") AS ""H&W >=4"",
            sum(category_pin_all_1.""H&W > 5"") AS ""H&W > 5"",
            sum(category_pin_all_1.""Elec >=1"") AS ""Elec >=1"",
            sum(category_pin_all_1.""Elec >=2"") AS ""Elec >=2"",
            sum(category_pin_all_1.""Elec >=3"") AS ""Elec >=3"",
            sum(category_pin_all_1.""Elec >=4"") AS ""Elec >=4"",
            sum(category_pin_all_1.""Elec > 5"") AS ""Elec > 5"",
            sum(category_pin_all_1.""BPC >=1"") AS ""BPC >=1"",
            sum(category_pin_all_1.""BPC >=2"") AS ""BPC >=2"",
            sum(category_pin_all_1.""BPC >=3"") AS ""BPC >=3"",
            sum(category_pin_all_1.""BPC >=4"") AS ""BPC >=4"",
            sum(category_pin_all_1.""BPC > 5"") AS ""BPC > 5"",
            sum(category_pin_all_1.""Appliances >=1"") AS ""Appliances >=1"",
            sum(category_pin_all_1.""Appliances >=2"") AS ""Appliances >=2"",
            sum(category_pin_all_1.""Appliances >=3"") AS ""Appliances >=3"",
            sum(category_pin_all_1.""Appliances >=4"") AS ""Appliances >=4"",
            sum(category_pin_all_1.""Appliances > 5"") AS ""Appliances > 5""
           FROM category_pin_all_1
          GROUP BY category_pin_all_1.""Date"", category_pin_all_1.pin_code
        ), category_city_fnb AS (
         SELECT max_sku_master.""Date"",
            max_sku_master.""Delivery City"",
            max_sku_master.category,
            count(DISTINCT max_sku_master.uid) AS ""Seller - F&B""
           FROM max_sku_master
          WHERE max_sku_master.""Delivery City"" IS NOT NULL AND max_sku_master.category::text = 'F&B'::text
          GROUP BY max_sku_master.""Date"", max_sku_master.""Delivery City"", max_sku_master.category
        ), category_city_grocery AS (
         SELECT max_sku_master.""Date"",
            max_sku_master.""Delivery City"",
            max_sku_master.category,
            count(DISTINCT max_sku_master.uid) AS ""Seller - Grocery""
           FROM max_sku_master
          WHERE max_sku_master.""Delivery City"" IS NOT NULL AND max_sku_master.category::text = 'Grocery'::text
          GROUP BY max_sku_master.""Date"", max_sku_master.""Delivery City"", max_sku_master.category
        ), category_city_fashion AS (
         SELECT max_sku_master.""Date"",
            max_sku_master.""Delivery City"",
            max_sku_master.category,
            count(DISTINCT max_sku_master.uid) AS ""Seller - Fashion""
           FROM max_sku_master
          WHERE max_sku_master.""Delivery City"" IS NOT NULL AND max_sku_master.category::text = 'Fashion'::text
          GROUP BY max_sku_master.""Date"", max_sku_master.""Delivery City"", max_sku_master.category
        ), category_city_hnw AS (
         SELECT max_sku_master.""Date"",
            max_sku_master.""Delivery City"",
            max_sku_master.category,
            count(DISTINCT max_sku_master.uid) AS ""Seller - Health & Wellness""
           FROM max_sku_master
          WHERE max_sku_master.""Delivery City"" IS NOT NULL AND max_sku_master.category::text = 'Health & Wellness'::text
          GROUP BY max_sku_master.""Date"", max_sku_master.""Delivery City"", max_sku_master.category
        ), category_city_hnk AS (
         SELECT max_sku_master.""Date"",
            max_sku_master.""Delivery City"",
            max_sku_master.category,
            count(DISTINCT max_sku_master.uid) AS ""Seller - Home & Kitchen""
           FROM max_sku_master
          WHERE max_sku_master.""Delivery City"" IS NOT NULL AND max_sku_master.category::text = 'Home & Kitchen'::text
          GROUP BY max_sku_master.""Date"", max_sku_master.""Delivery City"", max_sku_master.category
        ), category_city_electronics AS (
         SELECT max_sku_master.""Date"",
            max_sku_master.""Delivery City"",
            max_sku_master.category,
            count(DISTINCT max_sku_master.uid) AS ""Seller - Electronics""
           FROM max_sku_master
          WHERE max_sku_master.""Delivery City"" IS NOT NULL AND max_sku_master.category::text = 'Electronics'::text
          GROUP BY max_sku_master.""Date"", max_sku_master.""Delivery City"", max_sku_master.category
        ), category_city_appliances AS (
         SELECT max_sku_master.""Date"",
            max_sku_master.""Delivery City"",
            max_sku_master.category,
            count(DISTINCT max_sku_master.uid) AS ""Seller - Appliances""
           FROM max_sku_master
          WHERE max_sku_master.""Delivery City"" IS NOT NULL AND max_sku_master.category::text = 'Appliances'::text
          GROUP BY max_sku_master.""Date"", max_sku_master.""Delivery City"", max_sku_master.category
        ), category_city_bpc AS (
         SELECT max_sku_master.""Date"",
            max_sku_master.""Delivery City"",
            max_sku_master.category,
            count(DISTINCT max_sku_master.uid) AS ""Seller - Beauty & Personal Care""
           FROM max_sku_master
          WHERE max_sku_master.""Delivery City"" IS NOT NULL AND max_sku_master.category::text = 'BPC'::text
          GROUP BY max_sku_master.""Date"", max_sku_master.""Delivery City"", max_sku_master.category
        ), pin_all AS (
         SELECT max_sku_master.""Date"",
            max_sku_master.pin_code,
            pincode_list.districtname AS ""Seller City"",
            count(DISTINCT max_sku_master.uid) AS ""Seller Count"",
                CASE
                    WHEN count(DISTINCT max_sku_master.uid) > 0 THEN 1
                    ELSE 0
                END AS ""All_pin_greater_than_1"",
                CASE
                    WHEN count(DISTINCT max_sku_master.uid) > 1 THEN 1
                    ELSE 0
                END AS ""All_pin_greater_than_2"",
                CASE
                    WHEN count(DISTINCT max_sku_master.uid) > 2 THEN 1
                    ELSE 0
                END AS ""All_pin_greater_than_3"",
                CASE
                    WHEN count(DISTINCT max_sku_master.uid) > 3 THEN 1
                    ELSE 0
                END AS ""All_pin_greater_than_4"",
                CASE
                    WHEN count(DISTINCT max_sku_master.uid) > 4 THEN 1
                    ELSE 0
                END AS ""All_pin_greater_than_5""
           FROM max_sku_master
             LEFT JOIN dimension.dim_pincode pincode_list ON max_sku_master.pin_code = pincode_list.pincode::text
          GROUP BY max_sku_master.""Date"", max_sku_master.pin_code, pincode_list.districtname
        ), city_all AS (
         SELECT pincode_list.districtname,
            count(DISTINCT pincode_list.pincode) AS ""Pincode Count""
           FROM dimension.dim_pincode pincode_list
          GROUP BY pincode_list.districtname
        ), density_all AS (
         SELECT pin_all.""Date"",
            pin_all.pin_code,
            pin_all.""Seller City"",
            pin_all.""Seller Count"",
            pin_all.""All_pin_greater_than_1"",
            pin_all.""All_pin_greater_than_2"",
            pin_all.""All_pin_greater_than_3"",
            pin_all.""All_pin_greater_than_4"",
            pin_all.""All_pin_greater_than_5"",
            city_all.""Pincode Count"" AS ""Total Pincode""
           FROM pin_all
             LEFT JOIN city_all ON pin_all.""Seller City""::text = city_all.districtname::text
        ), seller_density_1 AS (
         SELECT density_all.""Date"",
            density_all.pin_code,
            density_all.""Seller City"",
            density_all.""Seller Count"",
            density_all.""All_pin_greater_than_1"",
            density_all.""All_pin_greater_than_2"",
            density_all.""All_pin_greater_than_3"",
            density_all.""All_pin_greater_than_4"",
            density_all.""All_pin_greater_than_5"",
            density_all.""Total Pincode"",
            category_pin_all.""grocery>=1"",
            category_pin_all.""grocery>=2"",
            category_pin_all.""grocery>=3"",
            category_pin_all.""grocery>=4"",
            category_pin_all.""grocery> 5"",
            category_pin_all.""fashion> =1"",
            category_pin_all.""fashion> =2"",
            category_pin_all.""fashion> =3"",
            category_pin_all.""fashion> =4"",
            category_pin_all.""fashion> 5"",
            category_pin_all.""f&b>=1"",
            category_pin_all.""f&b>=2"",
            category_pin_all.""f&b>=3"",
            category_pin_all.""f&b>=4"",
            category_pin_all.""f&b> 5"",
            category_pin_all.""H&K >=1"",
            category_pin_all.""H&K >=2"",
            category_pin_all.""H&K >=3"",
            category_pin_all.""H&K >=4"",
            category_pin_all.""H&K > 5"",
            category_pin_all.""H&W >=1"",
            category_pin_all.""H&W >=2"",
            category_pin_all.""H&W >=3"",
            category_pin_all.""H&W >=4"",
            category_pin_all.""H&W > 5"",
            category_pin_all.""Elec >=1"",
            category_pin_all.""Elec >=2"",
            category_pin_all.""Elec >=3"",
            category_pin_all.""Elec >=4"",
            category_pin_all.""Elec > 5"",
            category_pin_all.""BPC >=1"",
            category_pin_all.""BPC >=2"",
            category_pin_all.""BPC >=3"",
            category_pin_all.""BPC >=4"",
            category_pin_all.""BPC > 5"",
            category_pin_all.""Appliances >=1"",
            category_pin_all.""Appliances >=2"",
            category_pin_all.""Appliances >=3"",
            category_pin_all.""Appliances >=4"",
            category_pin_all.""Appliances > 5""
           FROM density_all
             LEFT JOIN category_pin_all ON density_all.pin_code = category_pin_all.pin_code
        ), seller_density_2 AS (
         SELECT seller_density_1.""Date"",
            seller_density_1.pin_code,
            seller_density_1.""Seller City"",
            seller_density_1.""Seller Count"",
            seller_density_1.""All_pin_greater_than_1"",
            seller_density_1.""All_pin_greater_than_2"",
            seller_density_1.""All_pin_greater_than_3"",
            seller_density_1.""All_pin_greater_than_4"",
            seller_density_1.""All_pin_greater_than_5"",
            seller_density_1.""Total Pincode"",
            seller_density_1.""grocery>=1"",
            seller_density_1.""grocery>=2"",
            seller_density_1.""grocery>=3"",
            seller_density_1.""grocery>=4"",
            seller_density_1.""grocery> 5"",
            seller_density_1.""fashion> =1"",
            seller_density_1.""fashion> =2"",
            seller_density_1.""fashion> =3"",
            seller_density_1.""fashion> =4"",
            seller_density_1.""fashion> 5"",
            seller_density_1.""f&b>=1"",
            seller_density_1.""f&b>=2"",
            seller_density_1.""f&b>=3"",
            seller_density_1.""f&b>=4"",
            seller_density_1.""f&b> 5"",
            seller_density_1.""H&K >=1"",
            seller_density_1.""H&K >=2"",
            seller_density_1.""H&K >=3"",
            seller_density_1.""H&K >=4"",
            seller_density_1.""H&K > 5"",
            seller_density_1.""H&W >=1"",
            seller_density_1.""H&W >=2"",
            seller_density_1.""H&W >=3"",
            seller_density_1.""H&W >=4"",
            seller_density_1.""H&W > 5"",
            seller_density_1.""Elec >=1"",
            seller_density_1.""Elec >=2"",
            seller_density_1.""Elec >=3"",
            seller_density_1.""Elec >=4"",
            seller_density_1.""Elec > 5"",
            seller_density_1.""BPC >=1"",
            seller_density_1.""BPC >=2"",
            seller_density_1.""BPC >=3"",
            seller_density_1.""BPC >=4"",
            seller_density_1.""BPC > 5"",
            seller_density_1.""Appliances >=1"",
            seller_density_1.""Appliances >=2"",
            seller_density_1.""Appliances >=3"",
            seller_density_1.""Appliances >=4"",
            seller_density_1.""Appliances > 5"",
            category_city_fnb.""Seller - F&B""
           FROM seller_density_1
             LEFT JOIN category_city_fnb ON seller_density_1.""Seller City""::text = category_city_fnb.""Delivery City""::text
        ), seller_density_3 AS (
         SELECT seller_density_2.""Date"",
            seller_density_2.pin_code,
            seller_density_2.""Seller City"",
            seller_density_2.""Seller Count"",
            seller_density_2.""All_pin_greater_than_1"",
            seller_density_2.""All_pin_greater_than_2"",
            seller_density_2.""All_pin_greater_than_3"",
            seller_density_2.""All_pin_greater_than_4"",
            seller_density_2.""All_pin_greater_than_5"",
            seller_density_2.""Total Pincode"",
            seller_density_2.""grocery>=1"",
            seller_density_2.""grocery>=2"",
            seller_density_2.""grocery>=3"",
            seller_density_2.""grocery>=4"",
            seller_density_2.""grocery> 5"",
            seller_density_2.""fashion> =1"",
            seller_density_2.""fashion> =2"",
            seller_density_2.""fashion> =3"",
            seller_density_2.""fashion> =4"",
            seller_density_2.""fashion> 5"",
            seller_density_2.""f&b>=1"",
            seller_density_2.""f&b>=2"",
            seller_density_2.""f&b>=3"",
            seller_density_2.""f&b>=4"",
            seller_density_2.""f&b> 5"",
            seller_density_2.""H&K >=1"",
            seller_density_2.""H&K >=2"",
            seller_density_2.""H&K >=3"",
            seller_density_2.""H&K >=4"",
            seller_density_2.""H&K > 5"",
            seller_density_2.""H&W >=1"",
            seller_density_2.""H&W >=2"",
            seller_density_2.""H&W >=3"",
            seller_density_2.""H&W >=4"",
            seller_density_2.""H&W > 5"",
            seller_density_2.""Elec >=1"",
            seller_density_2.""Elec >=2"",
            seller_density_2.""Elec >=3"",
            seller_density_2.""Elec >=4"",
            seller_density_2.""Elec > 5"",
            seller_density_2.""BPC >=1"",
            seller_density_2.""BPC >=2"",
            seller_density_2.""BPC >=3"",
            seller_density_2.""BPC >=4"",
            seller_density_2.""BPC > 5"",
            seller_density_2.""Appliances >=1"",
            seller_density_2.""Appliances >=2"",
            seller_density_2.""Appliances >=3"",
            seller_density_2.""Appliances >=4"",
            seller_density_2.""Appliances > 5"",
            seller_density_2.""Seller - F&B"",
            category_city_grocery.""Seller - Grocery""
           FROM seller_density_2
             LEFT JOIN category_city_grocery ON seller_density_2.""Seller City""::text = category_city_grocery.""Delivery City""::text
        ), seller_density_4 AS (
         SELECT seller_density_3.""Date"",
            seller_density_3.pin_code,
            seller_density_3.""Seller City"",
            seller_density_3.""Seller Count"",
            seller_density_3.""All_pin_greater_than_1"",
            seller_density_3.""All_pin_greater_than_2"",
            seller_density_3.""All_pin_greater_than_3"",
            seller_density_3.""All_pin_greater_than_4"",
            seller_density_3.""All_pin_greater_than_5"",
            seller_density_3.""Total Pincode"",
            seller_density_3.""grocery>=1"",
            seller_density_3.""grocery>=2"",
            seller_density_3.""grocery>=3"",
            seller_density_3.""grocery>=4"",
            seller_density_3.""grocery> 5"",
            seller_density_3.""fashion> =1"",
            seller_density_3.""fashion> =2"",
            seller_density_3.""fashion> =3"",
            seller_density_3.""fashion> =4"",
            seller_density_3.""fashion> 5"",
            seller_density_3.""f&b>=1"",
            seller_density_3.""f&b>=2"",
            seller_density_3.""f&b>=3"",
            seller_density_3.""f&b>=4"",
            seller_density_3.""f&b> 5"",
            seller_density_3.""H&K >=1"",
            seller_density_3.""H&K >=2"",
            seller_density_3.""H&K >=3"",
            seller_density_3.""H&K >=4"",
            seller_density_3.""H&K > 5"",
            seller_density_3.""H&W >=1"",
            seller_density_3.""H&W >=2"",
            seller_density_3.""H&W >=3"",
            seller_density_3.""H&W >=4"",
            seller_density_3.""H&W > 5"",
            seller_density_3.""Elec >=1"",
            seller_density_3.""Elec >=2"",
            seller_density_3.""Elec >=3"",
            seller_density_3.""Elec >=4"",
            seller_density_3.""Elec > 5"",
            seller_density_3.""BPC >=1"",
            seller_density_3.""BPC >=2"",
            seller_density_3.""BPC >=3"",
            seller_density_3.""BPC >=4"",
            seller_density_3.""BPC > 5"",
            seller_density_3.""Appliances >=1"",
            seller_density_3.""Appliances >=2"",
            seller_density_3.""Appliances >=3"",
            seller_density_3.""Appliances >=4"",
            seller_density_3.""Appliances > 5"",
            seller_density_3.""Seller - F&B"",
            seller_density_3.""Seller - Grocery"",
            category_city_fashion.""Seller - Fashion""
           FROM seller_density_3
             LEFT JOIN category_city_fashion ON seller_density_3.""Seller City""::text = category_city_fashion.""Delivery City""::text
        ), seller_density_5 AS (
         SELECT seller_density_4.""Date"",
            seller_density_4.pin_code,
            seller_density_4.""Seller City"",
            seller_density_4.""Seller Count"",
            seller_density_4.""All_pin_greater_than_1"",
            seller_density_4.""All_pin_greater_than_2"",
            seller_density_4.""All_pin_greater_than_3"",
            seller_density_4.""All_pin_greater_than_4"",
            seller_density_4.""All_pin_greater_than_5"",
            seller_density_4.""Total Pincode"",
            seller_density_4.""grocery>=1"",
            seller_density_4.""grocery>=2"",
            seller_density_4.""grocery>=3"",
            seller_density_4.""grocery>=4"",
            seller_density_4.""grocery> 5"",
            seller_density_4.""fashion> =1"",
            seller_density_4.""fashion> =2"",
            seller_density_4.""fashion> =3"",
            seller_density_4.""fashion> =4"",
            seller_density_4.""fashion> 5"",
            seller_density_4.""f&b>=1"",
            seller_density_4.""f&b>=2"",
            seller_density_4.""f&b>=3"",
            seller_density_4.""f&b>=4"",
            seller_density_4.""f&b> 5"",
            seller_density_4.""H&K >=1"",
            seller_density_4.""H&K >=2"",
            seller_density_4.""H&K >=3"",
            seller_density_4.""H&K >=4"",
            seller_density_4.""H&K > 5"",
            seller_density_4.""H&W >=1"",
            seller_density_4.""H&W >=2"",
            seller_density_4.""H&W >=3"",
            seller_density_4.""H&W >=4"",
            seller_density_4.""H&W > 5"",
            seller_density_4.""Elec >=1"",
            seller_density_4.""Elec >=2"",
            seller_density_4.""Elec >=3"",
            seller_density_4.""Elec >=4"",
            seller_density_4.""Elec > 5"",
            seller_density_4.""BPC >=1"",
            seller_density_4.""BPC >=2"",
            seller_density_4.""BPC >=3"",
            seller_density_4.""BPC >=4"",
            seller_density_4.""BPC > 5"",
            seller_density_4.""Appliances >=1"",
            seller_density_4.""Appliances >=2"",
            seller_density_4.""Appliances >=3"",
            seller_density_4.""Appliances >=4"",
            seller_density_4.""Appliances > 5"",
            seller_density_4.""Seller - F&B"",
            seller_density_4.""Seller - Grocery"",
            seller_density_4.""Seller - Fashion"",
            category_city_hnw.""Seller - Health & Wellness""
           FROM seller_density_4
             LEFT JOIN category_city_hnw ON seller_density_4.""Seller City""::text = category_city_hnw.""Delivery City""::text
        ), seller_density_6 AS (
         SELECT seller_density_5.""Date"",
            seller_density_5.pin_code,
            seller_density_5.""Seller City"",
            seller_density_5.""Seller Count"",
            seller_density_5.""All_pin_greater_than_1"",
            seller_density_5.""All_pin_greater_than_2"",
            seller_density_5.""All_pin_greater_than_3"",
            seller_density_5.""All_pin_greater_than_4"",
            seller_density_5.""All_pin_greater_than_5"",
            seller_density_5.""Total Pincode"",
            seller_density_5.""grocery>=1"",
            seller_density_5.""grocery>=2"",
            seller_density_5.""grocery>=3"",
            seller_density_5.""grocery>=4"",
            seller_density_5.""grocery> 5"",
            sel"
Date,Timestamp or date indicating when date occurred.,"analytics_insight.retail_seller_density.""Date""",analytics_insight.retail_seller_density,
pin_code,Data representing the pin code.,"analytics_insight.retail_seller_density.""pin_code""",analytics_insight.retail_seller_density,
Seller City,City name for the given context.,"analytics_insight.retail_seller_density.""Seller City""",analytics_insight.retail_seller_density,
Seller Count,Data representing the seller count.,"analytics_insight.retail_seller_density.""Seller Count""",analytics_insight.retail_seller_density,
All_pin_greater_than_1,Timestamp or date indicating when all pin greater than 1 occurred.,"analytics_insight.retail_seller_density.""All_pin_greater_than_1""",analytics_insight.retail_seller_density,
All_pin_greater_than_2,Timestamp or date indicating when all pin greater than 2 occurred.,"analytics_insight.retail_seller_density.""All_pin_greater_than_2""",analytics_insight.retail_seller_density,
All_pin_greater_than_3,Timestamp or date indicating when all pin greater than 3 occurred.,"analytics_insight.retail_seller_density.""All_pin_greater_than_3""",analytics_insight.retail_seller_density,
All_pin_greater_than_4,Timestamp or date indicating when all pin greater than 4 occurred.,"analytics_insight.retail_seller_density.""All_pin_greater_than_4""",analytics_insight.retail_seller_density,
All_pin_greater_than_5,Timestamp or date indicating when all pin greater than 5 occurred.,"analytics_insight.retail_seller_density.""All_pin_greater_than_5""",analytics_insight.retail_seller_density,
Total Pincode,Indian postal code (pincode).,"analytics_insight.retail_seller_density.""Total Pincode""",analytics_insight.retail_seller_density,
grocery>=1,Data representing the grocery>=1.,"analytics_insight.retail_seller_density.""grocery>=1""",analytics_insight.retail_seller_density,
grocery>=2,Data representing the grocery>=2.,"analytics_insight.retail_seller_density.""grocery>=2""",analytics_insight.retail_seller_density,
grocery>=3,Data representing the grocery>=3.,"analytics_insight.retail_seller_density.""grocery>=3""",analytics_insight.retail_seller_density,
grocery>=4,Data representing the grocery>=4.,"analytics_insight.retail_seller_density.""grocery>=4""",analytics_insight.retail_seller_density,
grocery> 5,Data representing the grocery> 5.,"analytics_insight.retail_seller_density.""grocery> 5""",analytics_insight.retail_seller_density,
fashion> =1,Data representing the fashion> =1.,"analytics_insight.retail_seller_density.""fashion> =1""",analytics_insight.retail_seller_density,
fashion> =2,Data representing the fashion> =2.,"analytics_insight.retail_seller_density.""fashion> =2""",analytics_insight.retail_seller_density,
fashion> =3,Data representing the fashion> =3.,"analytics_insight.retail_seller_density.""fashion> =3""",analytics_insight.retail_seller_density,
fashion> =4,Data representing the fashion> =4.,"analytics_insight.retail_seller_density.""fashion> =4""",analytics_insight.retail_seller_density,
fashion> 5,Data representing the fashion> 5.,"analytics_insight.retail_seller_density.""fashion> 5""",analytics_insight.retail_seller_density,
f&b>=1,Data representing the f&b>=1.,"analytics_insight.retail_seller_density.""f&b>=1""",analytics_insight.retail_seller_density,
f&b>=2,Data representing the f&b>=2.,"analytics_insight.retail_seller_density.""f&b>=2""",analytics_insight.retail_seller_density,
f&b>=3,Data representing the f&b>=3.,"analytics_insight.retail_seller_density.""f&b>=3""",analytics_insight.retail_seller_density,
f&b>=4,Data representing the f&b>=4.,"analytics_insight.retail_seller_density.""f&b>=4""",analytics_insight.retail_seller_density,
f&b> 5,Data representing the f&b> 5.,"analytics_insight.retail_seller_density.""f&b> 5""",analytics_insight.retail_seller_density,
H&K >=1,Data representing the h&k >=1.,"analytics_insight.retail_seller_density.""H&K >=1""",analytics_insight.retail_seller_density,
H&K >=2,Data representing the h&k >=2.,"analytics_insight.retail_seller_density.""H&K >=2""",analytics_insight.retail_seller_density,
H&K >=3,Data representing the h&k >=3.,"analytics_insight.retail_seller_density.""H&K >=3""",analytics_insight.retail_seller_density,
H&K >=4,Data representing the h&k >=4.,"analytics_insight.retail_seller_density.""H&K >=4""",analytics_insight.retail_seller_density,
H&K > 5,Data representing the h&k > 5.,"analytics_insight.retail_seller_density.""H&K > 5""",analytics_insight.retail_seller_density,
H&W >=1,Data representing the h&w >=1.,"analytics_insight.retail_seller_density.""H&W >=1""",analytics_insight.retail_seller_density,
H&W >=2,Data representing the h&w >=2.,"analytics_insight.retail_seller_density.""H&W >=2""",analytics_insight.retail_seller_density,
H&W >=3,Data representing the h&w >=3.,"analytics_insight.retail_seller_density.""H&W >=3""",analytics_insight.retail_seller_density,
H&W >=4,Data representing the h&w >=4.,"analytics_insight.retail_seller_density.""H&W >=4""",analytics_insight.retail_seller_density,
H&W > 5,Data representing the h&w > 5.,"analytics_insight.retail_seller_density.""H&W > 5""",analytics_insight.retail_seller_density,
Elec >=1,Data representing the elec >=1.,"analytics_insight.retail_seller_density.""Elec >=1""",analytics_insight.retail_seller_density,
Elec >=2,Data representing the elec >=2.,"analytics_insight.retail_seller_density.""Elec >=2""",analytics_insight.retail_seller_density,
Elec >=3,Data representing the elec >=3.,"analytics_insight.retail_seller_density.""Elec >=3""",analytics_insight.retail_seller_density,
Elec >=4,Data representing the elec >=4.,"analytics_insight.retail_seller_density.""Elec >=4""",analytics_insight.retail_seller_density,
Elec > 5,Data representing the elec > 5.,"analytics_insight.retail_seller_density.""Elec > 5""",analytics_insight.retail_seller_density,
BPC >=1,Data representing the bpc >=1.,"analytics_insight.retail_seller_density.""BPC >=1""",analytics_insight.retail_seller_density,
BPC >=2,Data representing the bpc >=2.,"analytics_insight.retail_seller_density.""BPC >=2""",analytics_insight.retail_seller_density,
BPC >=3,Data representing the bpc >=3.,"analytics_insight.retail_seller_density.""BPC >=3""",analytics_insight.retail_seller_density,
BPC >=4,Data representing the bpc >=4.,"analytics_insight.retail_seller_density.""BPC >=4""",analytics_insight.retail_seller_density,
BPC > 5,Data representing the bpc > 5.,"analytics_insight.retail_seller_density.""BPC > 5""",analytics_insight.retail_seller_density,
Appliances >=1,Data representing the appliances >=1.,"analytics_insight.retail_seller_density.""Appliances >=1""",analytics_insight.retail_seller_density,
Appliances >=2,Data representing the appliances >=2.,"analytics_insight.retail_seller_density.""Appliances >=2""",analytics_insight.retail_seller_density,
Appliances >=3,Data representing the appliances >=3.,"analytics_insight.retail_seller_density.""Appliances >=3""",analytics_insight.retail_seller_density,
Appliances >=4,Data representing the appliances >=4.,"analytics_insight.retail_seller_density.""Appliances >=4""",analytics_insight.retail_seller_density,
Appliances > 5,Data representing the appliances > 5.,"analytics_insight.retail_seller_density.""Appliances > 5""",analytics_insight.retail_seller_density,
Seller - F&B,Data representing the seller - f&b.,"analytics_insight.retail_seller_density.""Seller - F&B""",analytics_insight.retail_seller_density,
Seller - Grocery,Data representing the seller - grocery.,"analytics_insight.retail_seller_density.""Seller - Grocery""",analytics_insight.retail_seller_density,
Seller - Fashion,Data representing the seller - fashion.,"analytics_insight.retail_seller_density.""Seller - Fashion""",analytics_insight.retail_seller_density,
Seller - Health & Wellness,Data representing the seller - health & wellness.,"analytics_insight.retail_seller_density.""Seller - Health & Wellness""",analytics_insight.retail_seller_density,
Seller - Home & Kitchen,Data representing the seller - home & kitchen.,"analytics_insight.retail_seller_density.""Seller - Home & Kitchen""",analytics_insight.retail_seller_density,
Seller - Electronics,Data representing the seller - electronics.,"analytics_insight.retail_seller_density.""Seller - Electronics""",analytics_insight.retail_seller_density,
Seller - Appliances,Data representing the seller - appliances.,"analytics_insight.retail_seller_density.""Seller - Appliances""",analytics_insight.retail_seller_density,
Seller - Beauty & Personal Care,Data representing the seller - beauty & personal care.,"analytics_insight.retail_seller_density.""Seller - Beauty & Personal Care""",analytics_insight.retail_seller_density,
"▼ retail_sku_seller_bv   (view, 19 cols)",,,analytics_insight.retail_sku_seller_bv,"SELECT ""Date"",
    uid,
    seller_name,
    provider_name,
    pin_code,
    category,
    cnt,
    statename,
    ""Delivery City"",
    ""Sub - Category"",
    provider_id,
    ""Store Availability"",
    ""Seller App"",
    build_id,
    modified_date,
    ""FSSAI License No"",
    ""Domain"",
    to_char(""Date""::timestamp with time zone, 'DD Mon ''YY'::text) AS ""Showcase Date"",
    'Social Seller Found in On_Search - '::text || ""Date""::text AS ""CT - Social Sellers""
   FROM analytics_insight.sku_master;"
Date,Timestamp or date indicating when date occurred.,"analytics_insight.retail_sku_seller_bv.""Date""",analytics_insight.retail_sku_seller_bv,
uid,Unique identifier for uid.,"analytics_insight.retail_sku_seller_bv.""uid""",analytics_insight.retail_sku_seller_bv,
seller_name,Name of the seller.,"analytics_insight.retail_sku_seller_bv.""seller_name""",analytics_insight.retail_sku_seller_bv,
provider_name,Unique identifier for provider name.,"analytics_insight.retail_sku_seller_bv.""provider_name""",analytics_insight.retail_sku_seller_bv,
pin_code,Data representing the pin code.,"analytics_insight.retail_sku_seller_bv.""pin_code""",analytics_insight.retail_sku_seller_bv,
category,Timestamp or date indicating when category occurred.,"analytics_insight.retail_sku_seller_bv.""category""",analytics_insight.retail_sku_seller_bv,
cnt,Data representing the cnt.,"analytics_insight.retail_sku_seller_bv.""cnt""",analytics_insight.retail_sku_seller_bv,
statename,Turn-Around-Time (TAT) measurement.,"analytics_insight.retail_sku_seller_bv.""statename""",analytics_insight.retail_sku_seller_bv,
Delivery City,City name for the given context.,"analytics_insight.retail_sku_seller_bv.""Delivery City""",analytics_insight.retail_sku_seller_bv,
Sub - Category,Timestamp or date indicating when sub - category occurred.,"analytics_insight.retail_sku_seller_bv.""Sub - Category""",analytics_insight.retail_sku_seller_bv,
provider_id,Unique identifier for the provider.,"analytics_insight.retail_sku_seller_bv.""provider_id""",analytics_insight.retail_sku_seller_bv,
Store Availability,Data representing the store availability.,"analytics_insight.retail_sku_seller_bv.""Store Availability""",analytics_insight.retail_sku_seller_bv,
Seller App,Data representing the seller app.,"analytics_insight.retail_sku_seller_bv.""Seller App""",analytics_insight.retail_sku_seller_bv,
build_id,Unique identifier for build.,"analytics_insight.retail_sku_seller_bv.""build_id""",analytics_insight.retail_sku_seller_bv,
modified_date,Timestamp or date indicating when modified date occurred.,"analytics_insight.retail_sku_seller_bv.""modified_date""",analytics_insight.retail_sku_seller_bv,
FSSAI License No,Data representing the fssai license no.,"analytics_insight.retail_sku_seller_bv.""FSSAI License No""",analytics_insight.retail_sku_seller_bv,
Domain,"The ONDC network domain (e.g., retail, logistics).","analytics_insight.retail_sku_seller_bv.""Domain""",analytics_insight.retail_sku_seller_bv,
Showcase Date,Timestamp or date indicating when showcase date occurred.,"analytics_insight.retail_sku_seller_bv.""Showcase Date""",analytics_insight.retail_sku_seller_bv,
CT - Social Sellers,Data representing the ct - social sellers.,"analytics_insight.retail_sku_seller_bv.""CT - Social Sellers""",analytics_insight.retail_sku_seller_bv,
"▼ retail_sku_seller_grouped   (view, 11 cols)",,,analytics_insight.retail_sku_seller_grouped,"SELECT ""Seller App"",
    provider_name,
    ""Date"",
    category,
    statename,
    ""Delivery City"",
    pin_code,
    provider_key,
    ""Store Availability"",
    sum(cnt) AS ""Aggeregate Count"",
        CASE
            WHEN sum(cnt) >= 0 AND sum(cnt) <= 20 THEN '    0-20'::text
            WHEN sum(cnt) >= 21 AND sum(cnt) <= 100 THEN '   21-100'::text
            WHEN sum(cnt) >= 101 AND sum(cnt) <= 500 THEN '  101-500'::text
            WHEN sum(cnt) >= 501 AND sum(cnt) <= 1000 THEN ' 501-1000'::text
            WHEN sum(cnt) > 1000 THEN '1000-Above'::text
            ELSE NULL::text
        END AS ""Bin""
   FROM analytics_insight.sheet_seller_sku
  WHERE (""Seller App"" IS NULL OR ""Seller App""::text !~~* '%preprod%'::text) AND (""Seller App"" IS NULL OR ""Seller App""::text !~~* '%stage%'::text) AND (""Seller App"" IS NULL OR ""Seller App""::text !~~* '%staging%'::text) AND (""Seller App"" IS NULL OR ""Seller App""::text !~~* '%test%'::text) AND (""Seller App"" IS NULL OR ""Seller App""::text !~~* '%pre-prod%'::text) AND (""Seller App"" IS NULL OR ""Seller App""::text !~~* '%mock%'::text)
  GROUP BY ""Seller App"", provider_name, ""Date"", category, statename, ""Delivery City"", pin_code, provider_key, ""Store Availability"";"
Seller App,Data representing the seller app.,"analytics_insight.retail_sku_seller_grouped.""Seller App""",analytics_insight.retail_sku_seller_grouped,
provider_name,Unique identifier for provider name.,"analytics_insight.retail_sku_seller_grouped.""provider_name""",analytics_insight.retail_sku_seller_grouped,
Date,Timestamp or date indicating when date occurred.,"analytics_insight.retail_sku_seller_grouped.""Date""",analytics_insight.retail_sku_seller_grouped,
category,Timestamp or date indicating when category occurred.,"analytics_insight.retail_sku_seller_grouped.""category""",analytics_insight.retail_sku_seller_grouped,
statename,Turn-Around-Time (TAT) measurement.,"analytics_insight.retail_sku_seller_grouped.""statename""",analytics_insight.retail_sku_seller_grouped,
Delivery City,City name for the given context.,"analytics_insight.retail_sku_seller_grouped.""Delivery City""",analytics_insight.retail_sku_seller_grouped,
pin_code,Data representing the pin code.,"analytics_insight.retail_sku_seller_grouped.""pin_code""",analytics_insight.retail_sku_seller_grouped,
provider_key,Unique identifier for provider key.,"analytics_insight.retail_sku_seller_grouped.""provider_key""",analytics_insight.retail_sku_seller_grouped,
Store Availability,Data representing the store availability.,"analytics_insight.retail_sku_seller_grouped.""Store Availability""",analytics_insight.retail_sku_seller_grouped,
Aggeregate Count,Timestamp or date indicating when aggeregate count occurred.,"analytics_insight.retail_sku_seller_grouped.""Aggeregate Count""",analytics_insight.retail_sku_seller_grouped,
Bin,Data representing the bin.,"analytics_insight.retail_sku_seller_grouped.""Bin""",analytics_insight.retail_sku_seller_grouped,
"▼ rls_buyer_np   (base table, 4 cols)",,,analytics_insight.rls_buyer_np,
bapid,Unique identifier for bapid.,"analytics_insight.rls_buyer_np.""bapid""",analytics_insight.rls_buyer_np,
email_address,Data representing the email address.,"analytics_insight.rls_buyer_np.""email_address""",analytics_insight.rls_buyer_np,
tsp,Data representing the tsp.,"analytics_insight.rls_buyer_np.""tsp""",analytics_insight.rls_buyer_np,
update_date,Timestamp or date indicating when update date occurred.,"analytics_insight.rls_buyer_np.""update_date""",analytics_insight.rls_buyer_np,
"▼ rls_seller_np   (base table, 5 cols)",,,analytics_insight.rls_seller_np,
bppid,Unique identifier for bppid.,"analytics_insight.rls_seller_np.""bppid""",analytics_insight.rls_seller_np,
email_address,Data representing the email address.,"analytics_insight.rls_seller_np.""email_address""",analytics_insight.rls_seller_np,
tsp,Data representing the tsp.,"analytics_insight.rls_seller_np.""tsp""",analytics_insight.rls_seller_np,
update_date,Timestamp or date indicating when update date occurred.,"analytics_insight.rls_seller_np.""update_date""",analytics_insight.rls_seller_np,
tsp_secondary,Data representing the tsp secondary.,"analytics_insight.rls_seller_np.""tsp_secondary""",analytics_insight.rls_seller_np,
"▼ seller_np   (base table, 6 cols)",,,analytics_insight.seller_np,
seller_np_name,Name of the seller np.,"analytics_insight.seller_np.""seller_np_name""",analytics_insight.seller_np,
seller_np,Data representing the seller np.,"analytics_insight.seller_np.""seller_np""",analytics_insight.seller_np,
updated_date,Timestamp or date indicating when updated date occurred.,"analytics_insight.seller_np.""updated_date""",analytics_insight.seller_np,
snp_mask,Data representing the snp mask.,"analytics_insight.seller_np.""snp_mask""",analytics_insight.seller_np,
tsp_powered,Data representing the tsp powered.,"analytics_insight.seller_np.""tsp_powered""",analytics_insight.seller_np,
spoc_email,Data representing the spoc email.,"analytics_insight.seller_np.""spoc_email""",analytics_insight.seller_np,
"▼ sheet_seller_sku   (view, 15 cols)",,,analytics_insight.sheet_seller_sku,"SELECT ""Date"",
    uid,
        CASE
            WHEN TRIM(BOTH FROM upper(seller_name::text)) = '6912'::text THEN 'GLOBALLINKER'::character varying
            WHEN TRIM(BOTH FROM upper(seller_name::text)) = 'EKSECOND'::text THEN 'EK SECOND'::character varying
            WHEN TRIM(BOTH FROM upper(seller_name::text)) = 'ENSTORE'::text THEN 'BITSILA'::character varying
            WHEN TRIM(BOTH FROM upper(seller_name::text)) = 'GROWTHFALCONS'::text THEN 'GROWTH FALCONS'::character varying
            WHEN TRIM(BOTH FROM upper(seller_name::text)) = 'MYFITNESS'::text THEN 'MY FITNESS'::character varying
            WHEN TRIM(BOTH FROM upper(seller_name::text)) = 'NLINCS'::text THEN 'NSTORE'::character varying
            WHEN TRIM(BOTH FROM upper(seller_name::text)) = 'PRIMARCPECAN'::text THEN 'PRIMARC PECAN'::character varying
            WHEN TRIM(BOTH FROM upper(seller_name::text)) = 'SLEEPYOWL'::text THEN 'SLEEPY OWL'::character varying
            WHEN TRIM(BOTH FROM upper(seller_name::text)) = 'THESELLERAPP'::text THEN 'THE USHOP'::character varying
            WHEN TRIM(BOTH FROM upper(seller_name::text)) = 'WOWSKINSCIENCE'::text THEN 'WOW SKIN SCIENCE'::character varying
            WHEN TRIM(BOTH FROM upper(seller_name::text)) = 'NATURESNECTAR'::text THEN 'NATURE''S NECTAR'::character varying
            ELSE seller_name
        END AS seller_name,
    provider_name,
    pin_code,
        CASE
            WHEN ""Sub - Category""::text = ''::text AND category IS NULL THEN 'No Category'::character varying
            WHEN ""Sub - Category"" IS NULL AND category IS NULL THEN 'No Category'::character varying
            WHEN ""Sub - Category""::text = ''::text AND category::text = ''::text THEN 'No Category'::character varying
            WHEN ""Sub - Category"" IS NULL AND category::text = ''::text THEN 'No Category'::character varying
            WHEN ""Sub - Category"" IS NOT NULL AND category IS NULL THEN 'Others'::character varying
            WHEN ""Sub - Category""::text <> ''::text AND category IS NULL THEN 'Others'::character varying
            WHEN ""Sub - Category"" IS NOT NULL AND category::text = ''::text THEN 'Others'::character varying
            WHEN ""Sub - Category""::text <> ''::text AND category::text = ''::text THEN 'Others'::character varying
            WHEN ""Sub - Category""::text = ''::text AND category IS NOT NULL THEN category
            WHEN ""Sub - Category"" IS NULL AND category::text <> ''::text THEN category
            ELSE category
        END AS category,
    cnt,
        CASE
            WHEN cnt >= 0 AND cnt <= 20 THEN '     0-20'::text
            WHEN cnt >= 21 AND cnt <= 100 THEN '    21-100'::text
            WHEN cnt >= 101 AND cnt <= 500 THEN '   101-500'::text
            WHEN cnt >= 501 AND cnt <= 1000 THEN '  501-1000'::text
            WHEN cnt > 1000 THEN '1001-above'::text
            ELSE NULL::text
        END AS bin,
    statename,
    ""Delivery City"",
    ""Sub - Category"",
    provider_id,
    ""Store Availability"",
    ""Seller App"",
    lower((""Seller App""::text || '_'::text) || provider_id::text) AS provider_key
   FROM analytics_insight.sku_master sku_master
  WHERE ""Date"" >= (CURRENT_DATE - '91 days'::interval)::date;"
Date,Timestamp or date indicating when date occurred.,"analytics_insight.sheet_seller_sku.""Date""",analytics_insight.sheet_seller_sku,
uid,Unique identifier for uid.,"analytics_insight.sheet_seller_sku.""uid""",analytics_insight.sheet_seller_sku,
seller_name,Name of the seller.,"analytics_insight.sheet_seller_sku.""seller_name""",analytics_insight.sheet_seller_sku,
provider_name,Unique identifier for provider name.,"analytics_insight.sheet_seller_sku.""provider_name""",analytics_insight.sheet_seller_sku,
pin_code,Data representing the pin code.,"analytics_insight.sheet_seller_sku.""pin_code""",analytics_insight.sheet_seller_sku,
category,Timestamp or date indicating when category occurred.,"analytics_insight.sheet_seller_sku.""category""",analytics_insight.sheet_seller_sku,
cnt,Data representing the cnt.,"analytics_insight.sheet_seller_sku.""cnt""",analytics_insight.sheet_seller_sku,
bin,Data representing the bin.,"analytics_insight.sheet_seller_sku.""bin""",analytics_insight.sheet_seller_sku,
statename,Turn-Around-Time (TAT) measurement.,"analytics_insight.sheet_seller_sku.""statename""",analytics_insight.sheet_seller_sku,
Delivery City,City name for the given context.,"analytics_insight.sheet_seller_sku.""Delivery City""",analytics_insight.sheet_seller_sku,
Sub - Category,Timestamp or date indicating when sub - category occurred.,"analytics_insight.sheet_seller_sku.""Sub - Category""",analytics_insight.sheet_seller_sku,
provider_id,Unique identifier for the provider.,"analytics_insight.sheet_seller_sku.""provider_id""",analytics_insight.sheet_seller_sku,
Store Availability,Data representing the store availability.,"analytics_insight.sheet_seller_sku.""Store Availability""",analytics_insight.sheet_seller_sku,
Seller App,Data representing the seller app.,"analytics_insight.sheet_seller_sku.""Seller App""",analytics_insight.sheet_seller_sku,
provider_key,Unique identifier for provider key.,"analytics_insight.sheet_seller_sku.""provider_key""",analytics_insight.sheet_seller_sku,
"▼ sku_master   (base table, 17 cols)",,,analytics_insight.sku_master,"CREATE INDEX idx_sku_masterdate ON analytics_insight.sku_master USING btree (""Date"")

CREATE INDEX idx_sku_masterpin_code ON analytics_insight.sku_master USING btree (pin_code)

CREATE INDEX idx_sku_mastersku_category ON analytics_insight.sku_master USING btree (category)

CREATE INDEX idx_sku_mastersku_sub_category ON analytics_insight.sku_master USING btree (""Sub - Category"")"
Date,Timestamp or date indicating when date occurred.,"analytics_insight.sku_master.""Date""",analytics_insight.sku_master,
uid,Unique identifier for uid.,"analytics_insight.sku_master.""uid""",analytics_insight.sku_master,
seller_name,Name of the seller.,"analytics_insight.sku_master.""seller_name""",analytics_insight.sku_master,
provider_name,Unique identifier for provider name.,"analytics_insight.sku_master.""provider_name""",analytics_insight.sku_master,
pin_code,Data representing the pin code.,"analytics_insight.sku_master.""pin_code""",analytics_insight.sku_master,
category,Timestamp or date indicating when category occurred.,"analytics_insight.sku_master.""category""",analytics_insight.sku_master,
cnt,Data representing the cnt.,"analytics_insight.sku_master.""cnt""",analytics_insight.sku_master,
statename,Turn-Around-Time (TAT) measurement.,"analytics_insight.sku_master.""statename""",analytics_insight.sku_master,
Delivery City,City name for the given context.,"analytics_insight.sku_master.""Delivery City""",analytics_insight.sku_master,
Sub - Category,Timestamp or date indicating when sub - category occurred.,"analytics_insight.sku_master.""Sub - Category""",analytics_insight.sku_master,
provider_id,Unique identifier for the provider.,"analytics_insight.sku_master.""provider_id""",analytics_insight.sku_master,
Store Availability,Data representing the store availability.,"analytics_insight.sku_master.""Store Availability""",analytics_insight.sku_master,
Seller App,Data representing the seller app.,"analytics_insight.sku_master.""Seller App""",analytics_insight.sku_master,
build_id,Unique identifier for build.,"analytics_insight.sku_master.""build_id""",analytics_insight.sku_master,
modified_date,Timestamp or date indicating when modified date occurred.,"analytics_insight.sku_master.""modified_date""",analytics_insight.sku_master,
FSSAI License No,Data representing the fssai license no.,"analytics_insight.sku_master.""FSSAI License No""",analytics_insight.sku_master,
Domain,"The ONDC network domain (e.g., retail, logistics).","analytics_insight.sku_master.""Domain""",analytics_insight.sku_master,
"▼ stage_order_level   (base table, 27 cols)",,,analytics_insight.stage_order_level,
Buyer NP,Data representing the buyer np.,"analytics_insight.stage_order_level.""Buyer NP""",analytics_insight.stage_order_level,
Seller NP,Data representing the seller np.,"analytics_insight.stage_order_level.""Seller NP""",analytics_insight.stage_order_level,
Network order id,Data representing the network order id.,"analytics_insight.stage_order_level.""Network order id""",analytics_insight.stage_order_level,
Provider Id,Unique identifier for the provider.,"analytics_insight.stage_order_level.""Provider Id""",analytics_insight.stage_order_level,
Seller Name,Name of the seller.,"analytics_insight.stage_order_level.""Seller Name""",analytics_insight.stage_order_level,
Seller Pincode,Indian postal code (pincode).,"analytics_insight.stage_order_level.""Seller Pincode""",analytics_insight.stage_order_level,
Delivery Pincode,Indian postal code (pincode).,"analytics_insight.stage_order_level.""Delivery Pincode""",analytics_insight.stage_order_level,
cancellation_code,Timestamp or date indicating when cancellation code occurred.,"analytics_insight.stage_order_level.""cancellation_code""",analytics_insight.stage_order_level,
Created at,Timestamp when the record was created.,"analytics_insight.stage_order_level.""Created at""",analytics_insight.stage_order_level,
Date,Timestamp or date indicating when date occurred.,"analytics_insight.stage_order_level.""Date""",analytics_insight.stage_order_level,
domain,"The ONDC network domain (e.g., retail, logistics).","analytics_insight.stage_order_level.""domain""",analytics_insight.stage_order_level,
on-time-del,Timestamp or date indicating when on-time-del occurred.,"analytics_insight.stage_order_level.""on-time-del""",analytics_insight.stage_order_level,
Shipped at,Timestamp or date indicating when shipped at occurred.,"analytics_insight.stage_order_level.""Shipped at""",analytics_insight.stage_order_level,
Ready to Ship,Data representing the ready to ship.,"analytics_insight.stage_order_level.""Ready to Ship""",analytics_insight.stage_order_level,
Promised time,Timestamp or date indicating when promised time occurred.,"analytics_insight.stage_order_level.""Promised time""",analytics_insight.stage_order_level,
tat_dif,Turn-Around-Time (TAT) measurement.,"analytics_insight.stage_order_level.""tat_dif""",analytics_insight.stage_order_level,
tat_diff_days,Turn-Around-Time (TAT) measurement.,"analytics_insight.stage_order_level.""tat_diff_days""",analytics_insight.stage_order_level,
day_diff,Data representing the day diff.,"analytics_insight.stage_order_level.""day_diff""",analytics_insight.stage_order_level,
min_diff,Data representing the min diff.,"analytics_insight.stage_order_level.""min_diff""",analytics_insight.stage_order_level,
tat_time,Turn-Around-Time (TAT) measurement.,"analytics_insight.stage_order_level.""tat_time""",analytics_insight.stage_order_level,
no_key,Data representing the no key.,"analytics_insight.stage_order_level.""no_key""",analytics_insight.stage_order_level,
ONDC order_status,Turn-Around-Time (TAT) measurement.,"analytics_insight.stage_order_level.""ONDC order_status""",analytics_insight.stage_order_level,
Updated at,Timestamp when the record was last updated.,"analytics_insight.stage_order_level.""Updated at""",analytics_insight.stage_order_level,
Category,Timestamp or date indicating when category occurred.,"analytics_insight.stage_order_level.""Category""",analytics_insight.stage_order_level,
Consolidated_category,Timestamp or date indicating when consolidated category occurred.,"analytics_insight.stage_order_level.""Consolidated_category""",analytics_insight.stage_order_level,
row_updated_at,Timestamp when the record was last updated.,"analytics_insight.stage_order_level.""row_updated_at""",analytics_insight.stage_order_level,
network_transaction_id,Unique ONDC transaction identifier.,"analytics_insight.stage_order_level.""network_transaction_id""",analytics_insight.stage_order_level,
