Column Name,Description in Plain English,Logic / Formula,Source Table(s),DDL & Indexes
"▼ dummy_data   (base table, 19 cols)",,,logistics.dummy_data,
delivery_partner,Data representing the delivery partner.,"logistics.dummy_data.""delivery_partner""",logistics.dummy_data,
delivery_id,Unique identifier for delivery.,"logistics.dummy_data.""delivery_id""",logistics.dummy_data,
transaction_id,Unique ONDC transaction identifier.,"logistics.dummy_data.""transaction_id""",logistics.dummy_data,
date,Timestamp or date indicating when date occurred.,"logistics.dummy_data.""date""",logistics.dummy_data,
order_created_as_on,Timestamp or date indicating when order created as on occurred.,"logistics.dummy_data.""order_created_as_on""",logistics.dummy_data,
cancel_reason,Data representing the cancel reason.,"logistics.dummy_data.""cancel_reason""",logistics.dummy_data,
status,Turn-Around-Time (TAT) measurement.,"logistics.dummy_data.""status""",logistics.dummy_data,
starting_pincode,Indian postal code (pincode).,"logistics.dummy_data.""starting_pincode""",logistics.dummy_data,
drop_pincode,Indian postal code (pincode).,"logistics.dummy_data.""drop_pincode""",logistics.dummy_data,
package_type,Data representing the package type.,"logistics.dummy_data.""package_type""",logistics.dummy_data,
delivery_mode,Data representing the delivery mode.,"logistics.dummy_data.""delivery_mode""",logistics.dummy_data,
distance_kms,Data representing the distance kms.,"logistics.dummy_data.""distance_kms""",logistics.dummy_data,
order_marked_ready,Data representing the order marked ready.,"logistics.dummy_data.""order_marked_ready""",logistics.dummy_data,
rider_assigned,Unique identifier for rider assigned.,"logistics.dummy_data.""rider_assigned""",logistics.dummy_data,
rider_at_location,Timestamp or date indicating when rider at location occurred.,"logistics.dummy_data.""rider_at_location""",logistics.dummy_data,
order_picked,Data representing the order picked.,"logistics.dummy_data.""order_picked""",logistics.dummy_data,
order_delivered_timestamp,Timestamp or date indicating when order delivered timestamp occurred.,"logistics.dummy_data.""order_delivered_timestamp""",logistics.dummy_data,
order_cancelled_timestamp,Timestamp or date indicating when order cancelled timestamp occurred.,"logistics.dummy_data.""order_cancelled_timestamp""",logistics.dummy_data,
tat_order,Turn-Around-Time (TAT) measurement.,"logistics.dummy_data.""tat_order""",logistics.dummy_data,
"▼ funnel_rca_data   (view, 25 cols)",,,logistics.funnel_rca_data,"WITH base AS (
         SELECT master_log.bap_id,
            master_log.bpp_id,
            master_log.order_id,
            master_log.transaction_id,
            master_log.date,
            master_log.order_created_at,
            master_log.cancellation_code,
            master_log.latest_order_status,
            master_log.retail_order_id,
            master_log.pick_up_pincode,
            master_log.delivery_pincode,
            master_log.retail_category,
            master_log.shipment_type,
            master_log.fulfillment_type,
            master_log.provider_name,
            master_log.f_agent_assigned_at_date,
            master_log.delivered_date,
            master_log.cancelled_date,
            master_log.picked_date
           FROM logistics.master_log
          WHERE master_log.date >= (CURRENT_DATE - '5 days'::interval) AND master_log.drop_row = 0
        ), txid AS (
         SELECT base.bap_id,
            base.transaction_id,
            max(base.retail_order_id::text) AS roi
           FROM base
          WHERE base.retail_order_id IS NOT NULL
          GROUP BY base.bap_id, base.transaction_id
        ), txid_base AS (
         SELECT b.bap_id,
            b.bpp_id,
            b.order_id,
            b.transaction_id,
            b.date,
            b.order_created_at,
            b.cancellation_code,
            b.latest_order_status,
            b.retail_order_id,
            b.pick_up_pincode,
            b.delivery_pincode,
            b.retail_category,
            b.shipment_type,
            b.fulfillment_type,
            b.provider_name,
            b.f_agent_assigned_at_date,
            b.delivered_date,
            b.cancelled_date,
            b.picked_date,
            tx.roi
           FROM base b
             LEFT JOIN txid tx ON tx.transaction_id::text = b.transaction_id::text AND tx.bap_id::text = b.bap_id::text AND tx.roi IS NOT NULL
        ), base_master AS (
         SELECT ml.bpp_id,
            ml.bap_id,
            ml.date,
            ml.transaction_id,
            COALESCE(ml.roi, ml.retail_order_id::text, ml.transaction_id::text) AS retail_order_id,
            ml.order_id,
            ml.pick_up_pincode,
            ml.delivery_pincode,
            ml.retail_category,
            ml.shipment_type,
            ml.cancellation_code,
            ml.fulfillment_type,
            ml.f_agent_assigned_at_date,
            ml.order_created_at,
            ml.picked_date,
            ml.provider_name,
            ml.delivered_date,
                CASE
                    WHEN ml.delivered_date IS NULL AND ml.cancelled_date IS NOT NULL THEN ml.cancelled_date
                    ELSE NULL::timestamp without time zone
                END AS cancelled_date,
                CASE
                    WHEN ml.delivered_date IS NULL AND ml.cancelled_date IS NOT NULL THEN 'Cancelled'::character varying
                    WHEN ml.delivered_date IS NOT NULL AND ml.cancelled_date IS NULL THEN 'Completed'::character varying
                    ELSE ml.latest_order_status
                END AS order_status
           FROM txid_base ml
        ), aggregated AS (
         SELECT base_master.bap_id,
            base_master.bpp_id,
            base_master.date,
            base_master.transaction_id,
            base_master.order_id,
            base_master.retail_order_id,
            max(base_master.pick_up_pincode::text) AS pick_up_pincode,
            max(base_master.delivery_pincode::text) AS delivery_pincode,
            max(base_master.retail_category::text) AS retail_category,
            max(base_master.shipment_type::text) AS shipment_type,
            max(base_master.fulfillment_type::text) AS fulfillment_type,
            max(base_master.cancellation_code::text) AS cancellation_code,
            max(base_master.provider_name::text) AS provider_name,
            min(base_master.order_created_at) AS order_created_at,
            max(base_master.delivered_date) AS delivered_date,
            max(base_master.cancelled_date) AS cancelled_date,
            max(base_master.f_agent_assigned_at_date) AS max_assigned,
            bool_or(base_master.order_status::text = 'Completed'::text) AS has_completed,
            bool_or(base_master.order_status::text = 'Cancelled'::text) AS has_cancelled,
            bool_or(base_master.picked_date IS NOT NULL) AS has_picked
           FROM base_master
          GROUP BY base_master.bap_id, base_master.bpp_id, base_master.date, base_master.transaction_id, base_master.order_id, base_master.retail_order_id
        ), txn_dimensions AS (
         SELECT aggregated.bap_id,
            aggregated.bpp_id,
            aggregated.date,
            aggregated.transaction_id,
            aggregated.order_id,
            aggregated.retail_order_id,
            aggregated.pick_up_pincode,
            aggregated.delivery_pincode,
            aggregated.retail_category,
            aggregated.shipment_type,
            aggregated.fulfillment_type,
            aggregated.cancellation_code,
            aggregated.provider_name,
            aggregated.order_created_at,
            aggregated.delivered_date,
            aggregated.cancelled_date,
            aggregated.max_assigned,
            aggregated.has_completed,
            aggregated.has_cancelled,
            aggregated.has_picked,
                CASE
                    WHEN (EXISTS ( SELECT 1
                       FROM analytics_insight.order_level_60days_mv lo
                      WHERE lo.""Network order id""::text = aggregated.retail_order_id)) THEN 'linked'::text
                    ELSE 'independent'::text
                END AS linked
           FROM aggregated
        )
 SELECT bap_id,
    bpp_id,
    date,
    transaction_id,
    order_id,
    retail_order_id,
    linked,
    pick_up_pincode,
    delivery_pincode,
    retail_category,
    shipment_type,
    fulfillment_type,
    cancellation_code,
    provider_name,
    order_created_at,
    delivered_date,
    cancelled_date,
    max_assigned AS agent_assigned_at,
        CASE
            WHEN has_completed THEN 'Completed'::text
            WHEN has_cancelled AND max_assigned IS NULL THEN 'Preassigned Cancel'::text
            WHEN has_cancelled AND max_assigned IS NOT NULL THEN 'Postassigned Cancel'::text
            WHEN NOT has_cancelled AND max_assigned IS NULL THEN 'Preassigned Open'::text
            WHEN NOT has_cancelled AND max_assigned IS NOT NULL THEN 'Postassigned Open'::text
            ELSE NULL::text
        END AS transaction_status,
        CASE
            WHEN cancellation_code = ANY (ARRAY['010'::text, '011'::text, '012'::text, '013'::text, '014'::text, '015'::text, '051'::text, '101'::text]) THEN 'Buyer Cancel'::text
            WHEN cancellation_code = ANY (ARRAY['001'::text, '002'::text, '003'::text, '004'::text, '005'::text, '008'::text, '009'::text, '018'::text, '019'::text, '021'::text, '022'::text, '050'::text, '100'::text, '102'::text, '103'::text, '104'::text, '105'::text, '125'::text, '126'::text, '127'::text, '128'::text, '132'::text, '133'::text, '150'::text, '151'::text, '152'::text, '155'::text, '200'::text, '202'::text, '203'::text, '225'::text, '226'::text, '227'::text, '231'::text, '250'::text, '251'::text, '994'::text, '996'::text]) THEN 'Seller Cancel'::text
            WHEN cancellation_code = ANY (ARRAY['006'::text, '007'::text, '016'::text, '017'::text, '020'::text, '052'::text, '129'::text, '130'::text, '131'::text, '153'::text, '154'::text, '156'::text, '175'::text, '201'::text, '228'::text, '229'::text, '230'::text, '252'::text, '275'::text, '995'::text, '997'::text]) THEN 'Logistics Cancel'::text
            ELSE NULL::text
        END AS cancel_attribution,
        CASE
            WHEN has_completed OR max_assigned IS NOT NULL THEN 'Assigned'::text
            ELSE 'Not assigned'::text
        END AS is_assigned,
        CASE
            WHEN has_picked THEN 'Postpickup'::text
            ELSE 'Prepickup'::text
        END AS pickup_status,
    round(EXTRACT(epoch FROM delivered_date - order_created_at) / 60::numeric, 2) AS deliver_time_mins,
    round(EXTRACT(epoch FROM cancelled_date - order_created_at) / 60::numeric, 2) AS cancel_time_mins,
    round(EXTRACT(epoch FROM max_assigned - order_created_at) / 60::numeric, 2) AS time_to_assign_mins
   FROM txn_dimensions;"
bap_id,Unique identifier for the Buyer App (BAP).,"logistics.funnel_rca_data.""bap_id""",logistics.funnel_rca_data,
bpp_id,Unique identifier for the Seller App (BPP).,"logistics.funnel_rca_data.""bpp_id""",logistics.funnel_rca_data,
date,Timestamp or date indicating when date occurred.,"logistics.funnel_rca_data.""date""",logistics.funnel_rca_data,
transaction_id,Unique ONDC transaction identifier.,"logistics.funnel_rca_data.""transaction_id""",logistics.funnel_rca_data,
order_id,Unique identifier for order.,"logistics.funnel_rca_data.""order_id""",logistics.funnel_rca_data,
retail_order_id,Unique identifier for retail order.,"logistics.funnel_rca_data.""retail_order_id""",logistics.funnel_rca_data,
linked,Data representing the linked.,"logistics.funnel_rca_data.""linked""",logistics.funnel_rca_data,
pick_up_pincode,Indian postal code (pincode).,"logistics.funnel_rca_data.""pick_up_pincode""",logistics.funnel_rca_data,
delivery_pincode,Indian postal code (pincode).,"logistics.funnel_rca_data.""delivery_pincode""",logistics.funnel_rca_data,
retail_category,Timestamp or date indicating when retail category occurred.,"logistics.funnel_rca_data.""retail_category""",logistics.funnel_rca_data,
shipment_type,Data representing the shipment type.,"logistics.funnel_rca_data.""shipment_type""",logistics.funnel_rca_data,
fulfillment_type,Data representing the fulfillment type.,"logistics.funnel_rca_data.""fulfillment_type""",logistics.funnel_rca_data,
cancellation_code,Timestamp or date indicating when cancellation code occurred.,"logistics.funnel_rca_data.""cancellation_code""",logistics.funnel_rca_data,
provider_name,Unique identifier for provider name.,"logistics.funnel_rca_data.""provider_name""",logistics.funnel_rca_data,
order_created_at,Timestamp when the record was created.,"logistics.funnel_rca_data.""order_created_at""",logistics.funnel_rca_data,
delivered_date,Timestamp or date indicating when delivered date occurred.,"logistics.funnel_rca_data.""delivered_date""",logistics.funnel_rca_data,
cancelled_date,Timestamp or date indicating when cancelled date occurred.,"logistics.funnel_rca_data.""cancelled_date""",logistics.funnel_rca_data,
agent_assigned_at,Timestamp or date indicating when agent assigned at occurred.,"logistics.funnel_rca_data.""agent_assigned_at""",logistics.funnel_rca_data,
transaction_status,Turn-Around-Time (TAT) measurement.,"logistics.funnel_rca_data.""transaction_status""",logistics.funnel_rca_data,
cancel_attribution,Timestamp or date indicating when cancel attribution occurred.,"logistics.funnel_rca_data.""cancel_attribution""",logistics.funnel_rca_data,
is_assigned,Boolean flag indicating is assigned.,"logistics.funnel_rca_data.""is_assigned""",logistics.funnel_rca_data,
pickup_status,Turn-Around-Time (TAT) measurement.,"logistics.funnel_rca_data.""pickup_status""",logistics.funnel_rca_data,
deliver_time_mins,Timestamp or date indicating when deliver time mins occurred.,"logistics.funnel_rca_data.""deliver_time_mins""",logistics.funnel_rca_data,
cancel_time_mins,Timestamp or date indicating when cancel time mins occurred.,"logistics.funnel_rca_data.""cancel_time_mins""",logistics.funnel_rca_data,
time_to_assign_mins,Timestamp or date indicating when time to assign mins occurred.,"logistics.funnel_rca_data.""time_to_assign_mins""",logistics.funnel_rca_data,
"▼ inc_log   (base table, 32 cols)",,,logistics.inc_log,"CREATE INDEX idx_bpp_id_inc_log ON logistics.inc_log USING btree (bpp_id)

CREATE INDEX idx_order_created_at_inc_log ON logistics.inc_log USING btree (order_created_at)

CREATE INDEX idx_order_id_inc_log ON logistics.inc_log USING btree (order_id)

CREATE INDEX idx_transaction_id_inc_log ON logistics.inc_log USING btree (transaction_id)"
bap_id,Unique identifier for the Buyer App (BAP).,"logistics.inc_log.""bap_id""",logistics.inc_log,
bpp_id,Unique identifier for the Seller App (BPP).,"logistics.inc_log.""bpp_id""",logistics.inc_log,
order_id,Unique identifier for order.,"logistics.inc_log.""order_id""",logistics.inc_log,
transaction_id,Unique ONDC transaction identifier.,"logistics.inc_log.""transaction_id""",logistics.inc_log,
fulfillment_status,Turn-Around-Time (TAT) measurement.,"logistics.inc_log.""fulfillment_status""",logistics.inc_log,
cod_order,Data representing the cod order.,"logistics.inc_log.""cod_order""",logistics.inc_log,
date,Timestamp or date indicating when date occurred.,"logistics.inc_log.""date""",logistics.inc_log,
order_created_at,Timestamp when the record was created.,"logistics.inc_log.""order_created_at""",logistics.inc_log,
cancellation_code,Timestamp or date indicating when cancellation code occurred.,"logistics.inc_log.""cancellation_code""",logistics.inc_log,
latest_order_status,Turn-Around-Time (TAT) measurement.,"logistics.inc_log.""latest_order_status""",logistics.inc_log,
retail_order_id,Unique identifier for retail order.,"logistics.inc_log.""retail_order_id""",logistics.inc_log,
pick_up_pincode,Indian postal code (pincode).,"logistics.inc_log.""pick_up_pincode""",logistics.inc_log,
delivery_pincode,Indian postal code (pincode).,"logistics.inc_log.""delivery_pincode""",logistics.inc_log,
retail_category,Timestamp or date indicating when retail category occurred.,"logistics.inc_log.""retail_category""",logistics.inc_log,
shipment_type,Data representing the shipment type.,"logistics.inc_log.""shipment_type""",logistics.inc_log,
motorable_distance,Data representing the motorable distance.,"logistics.inc_log.""motorable_distance""",logistics.inc_log,
provider_name,Unique identifier for provider name.,"logistics.inc_log.""provider_name""",logistics.inc_log,
pickup_tat,Turn-Around-Time (TAT) measurement.,"logistics.inc_log.""pickup_tat""",logistics.inc_log,
rts_tat,Turn-Around-Time (TAT) measurement.,"logistics.inc_log.""rts_tat""",logistics.inc_log,
f_ready_to_ship_at_date,Timestamp or date indicating when f ready to ship at date occurred.,"logistics.inc_log.""f_ready_to_ship_at_date""",logistics.inc_log,
f_at_pickup_from_date,Timestamp or date indicating when f at pickup from date occurred.,"logistics.inc_log.""f_at_pickup_from_date""",logistics.inc_log,
f_agent_assigned_at_date,Timestamp or date indicating when f agent assigned at date occurred.,"logistics.inc_log.""f_agent_assigned_at_date""",logistics.inc_log,
delivered_date,Timestamp or date indicating when delivered date occurred.,"logistics.inc_log.""delivered_date""",logistics.inc_log,
cancelled_date,Timestamp or date indicating when cancelled date occurred.,"logistics.inc_log.""cancelled_date""",logistics.inc_log,
picked_date,Timestamp or date indicating when picked date occurred.,"logistics.inc_log.""picked_date""",logistics.inc_log,
drop_row,Data representing the drop row.,"logistics.inc_log.""drop_row""",logistics.inc_log,
row_updated,Timestamp or date indicating when row updated occurred.,"logistics.inc_log.""row_updated""",logistics.inc_log,
promised_time_to_deliver,Timestamp or date indicating when promised time to deliver occurred.,"logistics.inc_log.""promised_time_to_deliver""",logistics.inc_log,
fulfillment_type,Data representing the fulfillment type.,"logistics.inc_log.""fulfillment_type""",logistics.inc_log,
awb_number,Data representing the awb number.,"logistics.inc_log.""awb_number""",logistics.inc_log,
pick_up_lat,Timestamp or date indicating when pick up lat occurred.,"logistics.inc_log.""pick_up_lat""",logistics.inc_log,
pick_up_long,Data representing the pick up long.,"logistics.inc_log.""pick_up_long""",logistics.inc_log,
"▼ lbnp_funnel_view   (view, 66 cols)",,,logistics.lbnp_funnel_view,"WITH base AS (
         SELECT master_log.bap_id,
            master_log.bpp_id,
            master_log.order_id,
            master_log.transaction_id,
            master_log.date,
            master_log.order_created_at,
            master_log.cancellation_code,
            master_log.latest_order_status,
            master_log.retail_order_id,
            master_log.pick_up_pincode,
            master_log.delivery_pincode,
            master_log.retail_category,
            master_log.shipment_type,
            master_log.fulfillment_type,
            master_log.f_agent_assigned_at_date,
            master_log.delivered_date,
            master_log.cancelled_date,
            master_log.picked_date
           FROM logistics.master_log
          WHERE master_log.date >= (CURRENT_DATE - '45 days'::interval) AND master_log.drop_row = 0
        ), txid AS (
         SELECT base.bap_id,
            base.transaction_id,
            max(base.retail_order_id::text) AS roi
           FROM base
          WHERE base.retail_order_id IS NOT NULL
          GROUP BY base.bap_id, base.transaction_id
        ), txid_base AS (
         SELECT b.bap_id,
            b.bpp_id,
            b.order_id,
            b.transaction_id,
            b.date,
            b.order_created_at,
            b.cancellation_code,
            b.latest_order_status,
            b.retail_order_id,
            b.pick_up_pincode,
            b.delivery_pincode,
            b.retail_category,
            b.shipment_type,
            b.fulfillment_type,
            b.f_agent_assigned_at_date,
            b.delivered_date,
            b.cancelled_date,
            b.picked_date,
            tx.roi
           FROM base b
             LEFT JOIN txid tx ON tx.transaction_id::text = b.transaction_id::text AND tx.bap_id::text = b.bap_id::text AND tx.roi IS NOT NULL
        ), base_master AS (
         SELECT ml.bpp_id,
            ml.bap_id,
            ml.date,
            ml.transaction_id,
            COALESCE(ml.roi, ml.retail_order_id::text, ml.transaction_id::text) AS retail_order_id,
            ml.pick_up_pincode,
            ml.delivery_pincode,
            ml.retail_category,
            ml.shipment_type,
            ml.cancellation_code,
            ml.fulfillment_type,
            ml.f_agent_assigned_at_date,
            ml.order_created_at,
            ml.picked_date,
                CASE
                    WHEN ml.delivered_date IS NULL AND ml.cancelled_date IS NOT NULL THEN ml.cancelled_date
                    ELSE NULL::timestamp without time zone
                END AS cancelled_date,
                CASE
                    WHEN ml.delivered_date IS NULL AND ml.cancelled_date IS NOT NULL THEN 'Cancelled'::character varying
                    WHEN ml.delivered_date IS NOT NULL AND ml.cancelled_date IS NULL THEN 'Completed'::character varying
                    ELSE ml.latest_order_status
                END AS order_status,
            row_number() OVER (PARTITION BY ml.order_id, ml.transaction_id, ml.bap_id, ml.bpp_id, ml.order_created_at ORDER BY ml.order_created_at DESC) AS rn,
                CASE
                    WHEN ml.shipment_type::text = 'P2P'::text AND ml.f_agent_assigned_at_date IS NULL AND (ml.delivered_date IS NULL AND ml.cancelled_date IS NOT NULL OR ml.latest_order_status::text = 'Cancelled'::text) THEN row_number() OVER (PARTITION BY ml.order_id, ml.transaction_id, ml.bap_id, ml.bpp_id, ml.order_created_at ORDER BY ml.order_created_at DESC)
                    ELSE 0::bigint
                END AS preassigned_p2p_cancel_rn
           FROM txid_base ml
        ), aggregated AS (
         SELECT base_master.bap_id,
            base_master.bpp_id,
            base_master.date,
            base_master.transaction_id,
            base_master.retail_order_id,
            max(base_master.pick_up_pincode::text) AS pick_up_pincode,
            max(base_master.delivery_pincode::text) AS delivery_pincode,
            max(base_master.retail_category::text) AS retail_category,
            max(base_master.shipment_type::text) AS shipment_type,
            max(base_master.fulfillment_type::text) AS fulfillment_type,
            max(base_master.cancellation_code::text) AS cancellation_code,
            min(base_master.order_created_at) AS order_created_at,
            max(base_master.cancelled_date) AS cancelled_date,
            max(base_master.f_agent_assigned_at_date) AS max_assigned,
            bool_or(base_master.order_status::text = 'Completed'::text) AS has_completed,
            bool_or(base_master.order_status::text = 'Cancelled'::text) AS has_cancelled,
            bool_or(base_master.picked_date IS NOT NULL) AS has_picked,
            sum(base_master.preassigned_p2p_cancel_rn) AS preassigned_p2p_cancel_rn,
            sum(base_master.rn) AS total_confirm
           FROM base_master
          GROUP BY base_master.bap_id, base_master.bpp_id, base_master.date, base_master.transaction_id, base_master.retail_order_id
        ), txn_dimensions AS (
         SELECT aggregated.bap_id,
            aggregated.date,
            aggregated.transaction_id,
            aggregated.retail_order_id,
            aggregated.pick_up_pincode,
            aggregated.delivery_pincode,
            aggregated.retail_category,
            aggregated.shipment_type,
            aggregated.fulfillment_type,
            aggregated.cancellation_code,
            aggregated.order_created_at,
            aggregated.cancelled_date,
            aggregated.max_assigned,
            aggregated.has_completed,
            aggregated.has_cancelled,
            aggregated.has_picked,
            aggregated.total_confirm,
            aggregated.preassigned_p2p_cancel_rn,
                CASE
                    WHEN (EXISTS ( SELECT 1
                       FROM analytics_insight.order_level_60days_mv lo
                      WHERE lo.""Network order id""::text = aggregated.retail_order_id)) THEN 'linked'::text
                    ELSE 'independent'::text
                END AS linked
           FROM aggregated
        ), final AS (
         SELECT txn_dimensions.bap_id,
            txn_dimensions.date,
            txn_dimensions.transaction_id,
            txn_dimensions.retail_order_id,
            txn_dimensions.linked,
            txn_dimensions.pick_up_pincode,
            txn_dimensions.delivery_pincode,
            txn_dimensions.retail_category,
            txn_dimensions.shipment_type,
            txn_dimensions.fulfillment_type,
            txn_dimensions.cancellation_code,
            txn_dimensions.total_confirm AS on_confirms,
            txn_dimensions.total_confirm - txn_dimensions.preassigned_p2p_cancel_rn AS confirmed_orders,
                CASE
                    WHEN txn_dimensions.has_completed THEN 'Completed'::text
                    WHEN txn_dimensions.has_cancelled AND txn_dimensions.max_assigned IS NULL THEN 'Preassigned Cancel'::text
                    WHEN txn_dimensions.has_cancelled AND txn_dimensions.max_assigned IS NOT NULL THEN 'Postassigned Cancel'::text
                    WHEN NOT txn_dimensions.has_cancelled AND txn_dimensions.max_assigned IS NULL THEN 'Preassigned Open'::text
                    WHEN NOT txn_dimensions.has_cancelled AND txn_dimensions.max_assigned IS NOT NULL THEN 'Postassigned Open'::text
                    ELSE NULL::text
                END AS transaction_status,
                CASE
                    WHEN txn_dimensions.cancellation_code = ANY (ARRAY['010'::text, '011'::text, '012'::text, '013'::text, '014'::text, '015'::text, '051'::text, '101'::text]) THEN 'Buyer Cancel'::text
                    WHEN txn_dimensions.cancellation_code = ANY (ARRAY['001'::text, '002'::text, '003'::text, '004'::text, '005'::text, '008'::text, '009'::text, '018'::text, '019'::text, '021'::text, '022'::text, '050'::text, '100'::text, '102'::text, '103'::text, '104'::text, '105'::text, '125'::text, '126'::text, '127'::text, '128'::text, '132'::text, '133'::text, '150'::text, '151'::text, '152'::text, '155'::text, '200'::text, '202'::text, '203'::text, '225'::text, '226'::text, '227'::text, '231'::text, '250'::text, '251'::text, '994'::text, '996'::text]) THEN 'Seller Cancel'::text
                    WHEN txn_dimensions.cancellation_code = ANY (ARRAY['006'::text, '007'::text, '016'::text, '017'::text, '020'::text, '052'::text, '129'::text, '130'::text, '131'::text, '153'::text, '154'::text, '156'::text, '175'::text, '201'::text, '228'::text, '229'::text, '230'::text, '252'::text, '275'::text, '995'::text, '997'::text]) THEN 'Logistics Cancel'::text
                    ELSE 'Unknown'::text
                END AS cancel_attribution,
                CASE
                    WHEN txn_dimensions.has_completed OR txn_dimensions.max_assigned IS NOT NULL THEN 'Assigned'::text
                    ELSE 'Not assigned'::text
                END AS is_assigned,
                CASE
                    WHEN txn_dimensions.has_picked THEN 'Postpickup'::text
                    ELSE 'Prepickup'::text
                END AS pickup_status,
                CASE
                    WHEN txn_dimensions.has_cancelled THEN
                    CASE
                        WHEN (EXTRACT(epoch FROM txn_dimensions.cancelled_date - txn_dimensions.order_created_at) / 60::numeric) <= 2::numeric THEN '0-2 mins'::text
                        WHEN (EXTRACT(epoch FROM txn_dimensions.cancelled_date - txn_dimensions.order_created_at) / 60::numeric) <= 5::numeric THEN '3-5 mins'::text
                        WHEN (EXTRACT(epoch FROM txn_dimensions.cancelled_date - txn_dimensions.order_created_at) / 60::numeric) <= 10::numeric THEN '5-10 mins'::text
                        WHEN (EXTRACT(epoch FROM txn_dimensions.cancelled_date - txn_dimensions.order_created_at) / 60::numeric) <= 15::numeric THEN '10-15 mins'::text
                        WHEN (EXTRACT(epoch FROM txn_dimensions.cancelled_date - txn_dimensions.order_created_at) / 60::numeric) <= 20::numeric THEN '15-20 mins'::text
                        ELSE '> 20 mins'::text
                    END
                    ELSE NULL::text
                END AS cancel_time_bucket
           FROM txn_dimensions
        )
 SELECT bap_id,
    date,
    linked,
    pick_up_pincode,
    delivery_pincode,
    retail_category,
    shipment_type,
    fulfillment_type,
    count(DISTINCT transaction_id) AS request,
    count(DISTINCT retail_order_id) AS unique_retail_order,
    sum(on_confirms) AS on_confirms,
    sum(confirmed_orders) AS confirmed_orders,
    count(DISTINCT
        CASE
            WHEN is_assigned = 'Assigned'::text THEN transaction_id
            ELSE NULL::character varying
        END) AS assigned,
    count(DISTINCT
        CASE
            WHEN transaction_status = 'Completed'::text THEN transaction_id
            ELSE NULL::character varying
        END) AS delivered,
    count(DISTINCT
        CASE
            WHEN transaction_status = 'Preassigned Cancel'::text THEN transaction_id
            ELSE NULL::character varying
        END) AS preassigned_cancel,
    count(DISTINCT
        CASE
            WHEN transaction_status = 'Preassigned Cancel'::text AND cancel_attribution = 'Buyer Cancel'::text THEN transaction_id
            ELSE NULL::character varying
        END) AS precancel_buyer,
    count(DISTINCT
        CASE
            WHEN transaction_status = 'Preassigned Cancel'::text AND cancel_attribution = 'Buyer Cancel'::text AND cancel_time_bucket = '0-2 mins'::text THEN transaction_id
            ELSE NULL::character varying
        END) AS precancel_buyer_0_2,
    count(DISTINCT
        CASE
            WHEN transaction_status = 'Preassigned Cancel'::text AND cancel_attribution = 'Buyer Cancel'::text AND cancel_time_bucket = '3-5 mins'::text THEN transaction_id
            ELSE NULL::character varying
        END) AS precancel_buyer_3_5,
    count(DISTINCT
        CASE
            WHEN transaction_status = 'Preassigned Cancel'::text AND cancel_attribution = 'Buyer Cancel'::text AND cancel_time_bucket = '5-10 mins'::text THEN transaction_id
            ELSE NULL::character varying
        END) AS precancel_buyer_5_10,
    count(DISTINCT
        CASE
            WHEN transaction_status = 'Preassigned Cancel'::text AND cancel_attribution = 'Buyer Cancel'::text AND cancel_time_bucket = '10-15 mins'::text THEN transaction_id
            ELSE NULL::character varying
        END) AS precancel_buyer_10_15,
    count(DISTINCT
        CASE
            WHEN transaction_status = 'Preassigned Cancel'::text AND cancel_attribution = 'Buyer Cancel'::text AND cancel_time_bucket = '15-20 mins'::text THEN transaction_id
            ELSE NULL::character varying
        END) AS precancel_buyer_15_20,
    count(DISTINCT
        CASE
            WHEN transaction_status = 'Preassigned Cancel'::text AND cancel_attribution = 'Buyer Cancel'::text AND cancel_time_bucket = '> 20 mins'::text THEN transaction_id
            ELSE NULL::character varying
        END) AS precancel_buyer_gt_20,
    count(DISTINCT
        CASE
            WHEN transaction_status = 'Preassigned Cancel'::text AND cancel_attribution = 'Seller Cancel'::text THEN transaction_id
            ELSE NULL::character varying
        END) AS precancel_seller,
    count(DISTINCT
        CASE
            WHEN transaction_status = 'Preassigned Cancel'::text AND cancel_attribution = 'Seller Cancel'::text AND cancel_time_bucket = '0-2 mins'::text THEN transaction_id
            ELSE NULL::character varying
        END) AS precancel_seller_0_2,
    count(DISTINCT
        CASE
            WHEN transaction_status = 'Preassigned Cancel'::text AND cancel_attribution = 'Seller Cancel'::text AND cancel_time_bucket = '3-5 mins'::text THEN transaction_id
            ELSE NULL::character varying
        END) AS precancel_seller_3_5,
    count(DISTINCT
        CASE
            WHEN transaction_status = 'Preassigned Cancel'::text AND cancel_attribution = 'Seller Cancel'::text AND cancel_time_bucket = '5-10 mins'::text THEN transaction_id
            ELSE NULL::character varying
        END) AS precancel_seller_5_10,
    count(DISTINCT
        CASE
            WHEN transaction_status = 'Preassigned Cancel'::text AND cancel_attribution = 'Seller Cancel'::text AND cancel_time_bucket = '10-15 mins'::text THEN transaction_id
            ELSE NULL::character varying
        END) AS precancel_seller_10_15,
    count(DISTINCT
        CASE
            WHEN transaction_status = 'Preassigned Cancel'::text AND cancel_attribution = 'Seller Cancel'::text AND cancel_time_bucket = '15-20 mins'::text THEN transaction_id
            ELSE NULL::character varying
        END) AS precancel_seller_15_20,
    count(DISTINCT
        CASE
            WHEN transaction_status = 'Preassigned Cancel'::text AND cancel_attribution = 'Seller Cancel'::text AND cancel_time_bucket = '> 20 mins'::text THEN transaction_id
            ELSE NULL::character varying
        END) AS precancel_seller_gt_20,
    count(DISTINCT
        CASE
            WHEN transaction_status = 'Preassigned Cancel'::text AND cancel_attribution = 'Logistics Cancel'::text THEN transaction_id
            ELSE NULL::character varying
        END) AS precancel_logistics,
    count(DISTINCT
        CASE
            WHEN transaction_status = 'Preassigned Cancel'::text AND cancel_attribution = 'Logistics Cancel'::text AND cancel_time_bucket = '0-2 mins'::text THEN transaction_id
            ELSE NULL::character varying
        END) AS precancel_logistics_0_2,
    count(DISTINCT
        CASE
            WHEN transaction_status = 'Preassigned Cancel'::text AND cancel_attribution = 'Logistics Cancel'::text AND cancel_time_bucket = '3-5 mins'::text THEN transaction_id
            ELSE NULL::character varying
        END) AS precancel_logistics_3_5,
    count(DISTINCT
        CASE
            WHEN transaction_status = 'Preassigned Cancel'::text AND cancel_attribution = 'Logistics Cancel'::text AND cancel_time_bucket = '5-10 mins'::text THEN transaction_id
            ELSE NULL::character varying
        END) AS precancel_logistics_5_10,
    count(DISTINCT
        CASE
            WHEN transaction_status = 'Preassigned Cancel'::text AND cancel_attribution = 'Logistics Cancel'::text AND cancel_time_bucket = '10-15 mins'::text THEN transaction_id
            ELSE NULL::character varying
        END) AS precancel_logistics_10_15,
    count(DISTINCT
        CASE
            WHEN transaction_status = 'Preassigned Cancel'::text AND cancel_attribution = 'Logistics Cancel'::text AND cancel_time_bucket = '15-20 mins'::text THEN transaction_id
            ELSE NULL::character varying
        END) AS precancel_logistics_15_20,
    count(DISTINCT
        CASE
            WHEN transaction_status = 'Preassigned Cancel'::text AND cancel_attribution = 'Logistics Cancel'::text AND cancel_time_bucket = '> 20 mins'::text THEN transaction_id
            ELSE NULL::character varying
        END) AS precancel_logistics_gt_20,
    count(DISTINCT
        CASE
            WHEN transaction_status = 'Postassigned Cancel'::text THEN transaction_id
            ELSE NULL::character varying
        END) AS postassigned_cancel,
    count(DISTINCT
        CASE
            WHEN transaction_status = 'Postassigned Cancel'::text AND cancel_attribution = 'Buyer Cancel'::text THEN transaction_id
            ELSE NULL::character varying
        END) AS postcancel_buyer,
    count(DISTINCT
        CASE
            WHEN transaction_status = 'Postassigned Cancel'::text AND cancel_attribution = 'Buyer Cancel'::text AND pickup_status = 'Prepickup'::text THEN transaction_id
            ELSE NULL::character varying
        END) AS postcancel_buyer_prepickup,
    count(DISTINCT
        CASE
            WHEN transaction_status = 'Postassigned Cancel'::text AND cancel_attribution = 'Buyer Cancel'::text AND pickup_status = 'Prepickup'::text AND cancel_time_bucket = '0-2 mins'::text THEN transaction_id
            ELSE NULL::character varying
        END) AS postcancel_buyer_prepickup_0_2,
    count(DISTINCT
        CASE
            WHEN transaction_status = 'Postassigned Cancel'::text AND cancel_attribution = 'Buyer Cancel'::text AND pickup_status = 'Prepickup'::text AND cancel_time_bucket = '3-5 mins'::text THEN transaction_id
            ELSE NULL::character varying
        END) AS postcancel_buyer_prepickup_3_5,
    count(DISTINCT
        CASE
            WHEN transaction_status = 'Postassigned Cancel'::text AND cancel_attribution = 'Buyer Cancel'::text AND pickup_status = 'Prepickup'::text AND cancel_time_bucket = '5-10 mins'::text THEN transaction_id
            ELSE NULL::character varying
        END) AS postcancel_buyer_prepickup_5_10,
    count(DISTINCT
        CASE
            WHEN transaction_status = 'Postassigned Cancel'::text AND cancel_attribution = 'Buyer Cancel'::text AND pickup_status = 'Prepickup'::text AND cancel_time_bucket = '10-15 mins'::text THEN transaction_id
            ELSE NULL::character varying
        END) AS postcancel_buyer_prepickup_10_15,
    count(DISTINCT
        CASE
            WHEN transaction_status = 'Postassigned Cancel'::text AND cancel_attribution = 'Buyer Cancel'::text AND pickup_status = 'Prepickup'::text AND cancel_time_bucket = '15-20 mins'::text THEN transaction_id
            ELSE NULL::character varying
        END) AS postcancel_buyer_prepickup_15_20,
    count(DISTINCT
        CASE
            WHEN transaction_status = 'Postassigned Cancel'::text AND cancel_attribution = 'Buyer Cancel'::text AND pickup_status = 'Prepickup'::text AND cancel_time_bucket = '> 20 mins'::text THEN transaction_id
            ELSE NULL::character varying
        END) AS postcancel_buyer_prepickup_gt_20,
    count(DISTINCT
        CASE
            WHEN transaction_status = 'Postassigned Cancel'::text AND cancel_attribution = 'Buyer Cancel'::text AND pickup_status = 'Postpickup'::text THEN transaction_id
            ELSE NULL::character varying
        END) AS postcancel_buyer_postpickup,
    count(DISTINCT
        CASE
            WHEN transaction_status = 'Postassigned Cancel'::text AND cancel_attribution = 'Seller Cancel'::text THEN transaction_id
            ELSE NULL::character varying
        END) AS postcancel_seller,
    count(DISTINCT
        CASE
            WHEN transaction_status = 'Postassigned Cancel'::text AND cancel_attribution = 'Seller Cancel'::text AND pickup_status = 'Prepickup'::text THEN transaction_id
            ELSE NULL::character varying
        END) AS postcancel_seller_prepickup,
    count(DISTINCT
        CASE
            WHEN transaction_status = 'Postassigned Cancel'::text AND cancel_attribution = 'Seller Cancel'::text AND pickup_status = 'Prepickup'::text AND cancel_time_bucket = '0-2 mins'::text THEN transaction_id
            ELSE NULL::character varying
        END) AS postcancel_seller_prepickup_0_2,
    count(DISTINCT
        CASE
            WHEN transaction_status = 'Postassigned Cancel'::text AND cancel_attribution = 'Seller Cancel'::text AND pickup_status = 'Prepickup'::text AND cancel_time_bucket = '3-5 mins'::text THEN transaction_id
            ELSE NULL::character varying
        END) AS postcancel_seller_prepickup_3_5,
    count(DISTINCT
        CASE
            WHEN transaction_status = 'Postassigned Cancel'::text AND cancel_attribution = 'Seller Cancel'::text AND pickup_status = 'Prepickup'::text AND cancel_time_bucket = '5-10 mins'::text THEN transaction_id
            ELSE NULL::character varying
        END) AS postcancel_seller_prepickup_5_10,
    count(DISTINCT
        CASE
            WHEN transaction_status = 'Postassigned Cancel'::text AND cancel_attribution = 'Seller Cancel'::text AND pickup_status = 'Prepickup'::text AND cancel_time_bucket = '10-15 mins'::text THEN transaction_id
            ELSE NULL::character varying
        END) AS postcancel_seller_prepickup_10_15,
    count(DISTINCT
        CASE
            WHEN transaction_status = 'Postassigned Cancel'::text AND cancel_attribution = 'Seller Cancel'::text AND pickup_status = 'Prepickup'::text AND cancel_time_bucket = '15-20 mins'::text THEN transaction_id
            ELSE NULL::character varying
        END) AS postcancel_seller_prepickup_15_20,
    count(DISTINCT
        CASE
            WHEN transaction_status = 'Postassigned Cancel'::text AND cancel_attribution = 'Seller Cancel'::text AND pickup_status = 'Prepickup'::text AND cancel_time_bucket = '> 20 mins'::text THEN transaction_id
            ELSE NULL::character varying
        END) AS postcancel_seller_prepickup_gt_20,
    count(DISTINCT
        CASE
            WHEN transaction_status = 'Postassigned Cancel'::text AND cancel_attribution = 'Seller Cancel'::text AND pickup_status = 'Postpickup'::text THEN transaction_id
            ELSE NULL::character varying
        END) AS postcancel_seller_postpickup,
    count(DISTINCT
        CASE
            WHEN transaction_status = 'Postassigned Cancel'::text AND cancel_attribution = 'Logistics Cancel'::text THEN transaction_id
            ELSE NULL::character varying
        END) AS postcancel_logistics,
    count(DISTINCT
        CASE
            WHEN transaction_status = 'Postassigned Cancel'::text AND cancel_attribution = 'Logistics Cancel'::text AND pickup_status = 'Prepickup'::text THEN transaction_id
            ELSE NULL::character varying
        END) AS postcancel_logistics_prepickup,
    count(DISTINCT
        CASE
            WHEN transaction_status = 'Postassigned Cancel'::text AND cancel_attribution = 'Logistics Cancel'::text AND pickup_status = 'Prepickup'::text AND cancel_time_bucket = '0-2 mins'::text THEN transaction_id
            ELSE NULL::character varying
        END) AS postcancel_logistics_prepickup_0_2,
    count(DISTINCT
        CASE
            WHEN transaction_status = 'Postassigned Cancel'::text AND cancel_attribution = 'Logistics Cancel'::text AND pickup_status = 'Prepickup'::text AND cancel_time_bucket = '3-5 mins'::text THEN transaction_id
            ELSE NULL::character varying
        END) AS postcancel_logistics_prepickup_3_5,
    count(DISTINCT
        CASE
            WHEN transaction_status = 'Postassigned Cancel'::text AND cancel_attribution = 'Logistics Cancel'::text AND pickup_status = 'Prepickup'::text AND cancel_time_bucket = '5-10 mins'::text THEN transaction_id
            ELSE NULL::character varying
        END) AS postcancel_logistics_prepickup_5_10,
    count(DISTINCT
        CASE
            WHEN transaction_status = 'Postassigned Cancel'::text AND cancel_attribution = 'Logistics Cancel'::text AND pickup_status = 'Prepickup'::text AND cancel_time_bucket = '10-15 mins'::text THEN transaction_id
            ELSE NULL::character varying
        END) AS postcancel_logistics_prepickup_10_15,
    count(DISTINCT
        CASE
            WHEN transaction_status = 'Postassigned Cancel'::text AND cancel_attribution = 'Logistics Cancel'::text AND pickup_status = 'Prepickup'::text AND cancel_time_bucket = '15-20 mins'::text THEN transaction_id
            ELSE NULL::character varying
        END) AS postcancel_logistics_prepickup_15_20,
    count(DISTINCT
        CASE
            WHEN transaction_status = 'Postassigned Cancel'::text AND cancel_attribution = 'Logistics Cancel'::text AND pickup_status = 'Prepickup'::text AND cancel_time_bucket = '> 20 mins'::text THEN transaction_id
            ELSE NULL::character varying
        END) AS postcancel_logistics_prepickup_gt_20,
    count(DISTINCT
        CASE
            WHEN transaction_status = 'Postassigned Cancel'::text AND cancel_attribution = 'Logistics Cancel'::text AND pickup_status = 'Postpickup'::text THEN transaction_id
            ELSE NULL::character varying
        END) AS postcancel_logistics_postpickup,
    count(DISTINCT
        CASE
            WHEN transaction_status = 'Preassigned Open'::text THEN transaction_id
            ELSE NULL::character varying
        END) AS preassigned_open,
    count(DISTINCT
        CASE
            WHEN transaction_status = 'Postassigned Open'::text THEN transaction_id
            ELSE NULL::character varying
        END) AS postassigned_open
   FROM final f
  GROUP BY bap_id, date, linked, pick_up_pincode, delivery_pincode, retail_category, shipment_type, fulfillment_type;"
bap_id,Unique identifier for the Buyer App (BAP).,"logistics.lbnp_funnel_view.""bap_id""",logistics.lbnp_funnel_view,
date,Timestamp or date indicating when date occurred.,"logistics.lbnp_funnel_view.""date""",logistics.lbnp_funnel_view,
linked,Data representing the linked.,"logistics.lbnp_funnel_view.""linked""",logistics.lbnp_funnel_view,
pick_up_pincode,Indian postal code (pincode).,"logistics.lbnp_funnel_view.""pick_up_pincode""",logistics.lbnp_funnel_view,
delivery_pincode,Indian postal code (pincode).,"logistics.lbnp_funnel_view.""delivery_pincode""",logistics.lbnp_funnel_view,
retail_category,Timestamp or date indicating when retail category occurred.,"logistics.lbnp_funnel_view.""retail_category""",logistics.lbnp_funnel_view,
shipment_type,Data representing the shipment type.,"logistics.lbnp_funnel_view.""shipment_type""",logistics.lbnp_funnel_view,
fulfillment_type,Data representing the fulfillment type.,"logistics.lbnp_funnel_view.""fulfillment_type""",logistics.lbnp_funnel_view,
request,Data representing the request.,"logistics.lbnp_funnel_view.""request""",logistics.lbnp_funnel_view,
unique_retail_order,Data representing the unique retail order.,"logistics.lbnp_funnel_view.""unique_retail_order""",logistics.lbnp_funnel_view,
on_confirms,Data representing the on confirms.,"logistics.lbnp_funnel_view.""on_confirms""",logistics.lbnp_funnel_view,
confirmed_orders,Data representing the confirmed orders.,"logistics.lbnp_funnel_view.""confirmed_orders""",logistics.lbnp_funnel_view,
assigned,Data representing the assigned.,"logistics.lbnp_funnel_view.""assigned""",logistics.lbnp_funnel_view,
delivered,Data representing the delivered.,"logistics.lbnp_funnel_view.""delivered""",logistics.lbnp_funnel_view,
preassigned_cancel,Data representing the preassigned cancel.,"logistics.lbnp_funnel_view.""preassigned_cancel""",logistics.lbnp_funnel_view,
precancel_buyer,Data representing the precancel buyer.,"logistics.lbnp_funnel_view.""precancel_buyer""",logistics.lbnp_funnel_view,
precancel_buyer_0_2,Data representing the precancel buyer 0 2.,"logistics.lbnp_funnel_view.""precancel_buyer_0_2""",logistics.lbnp_funnel_view,
precancel_buyer_3_5,Data representing the precancel buyer 3 5.,"logistics.lbnp_funnel_view.""precancel_buyer_3_5""",logistics.lbnp_funnel_view,
precancel_buyer_5_10,Data representing the precancel buyer 5 10.,"logistics.lbnp_funnel_view.""precancel_buyer_5_10""",logistics.lbnp_funnel_view,
precancel_buyer_10_15,Data representing the precancel buyer 10 15.,"logistics.lbnp_funnel_view.""precancel_buyer_10_15""",logistics.lbnp_funnel_view,
precancel_buyer_15_20,Data representing the precancel buyer 15 20.,"logistics.lbnp_funnel_view.""precancel_buyer_15_20""",logistics.lbnp_funnel_view,
precancel_buyer_gt_20,Data representing the precancel buyer gt 20.,"logistics.lbnp_funnel_view.""precancel_buyer_gt_20""",logistics.lbnp_funnel_view,
precancel_seller,Data representing the precancel seller.,"logistics.lbnp_funnel_view.""precancel_seller""",logistics.lbnp_funnel_view,
precancel_seller_0_2,Data representing the precancel seller 0 2.,"logistics.lbnp_funnel_view.""precancel_seller_0_2""",logistics.lbnp_funnel_view,
precancel_seller_3_5,Data representing the precancel seller 3 5.,"logistics.lbnp_funnel_view.""precancel_seller_3_5""",logistics.lbnp_funnel_view,
precancel_seller_5_10,Data representing the precancel seller 5 10.,"logistics.lbnp_funnel_view.""precancel_seller_5_10""",logistics.lbnp_funnel_view,
precancel_seller_10_15,Data representing the precancel seller 10 15.,"logistics.lbnp_funnel_view.""precancel_seller_10_15""",logistics.lbnp_funnel_view,
precancel_seller_15_20,Data representing the precancel seller 15 20.,"logistics.lbnp_funnel_view.""precancel_seller_15_20""",logistics.lbnp_funnel_view,
precancel_seller_gt_20,Data representing the precancel seller gt 20.,"logistics.lbnp_funnel_view.""precancel_seller_gt_20""",logistics.lbnp_funnel_view,
precancel_logistics,Data representing the precancel logistics.,"logistics.lbnp_funnel_view.""precancel_logistics""",logistics.lbnp_funnel_view,
precancel_logistics_0_2,Data representing the precancel logistics 0 2.,"logistics.lbnp_funnel_view.""precancel_logistics_0_2""",logistics.lbnp_funnel_view,
precancel_logistics_3_5,Data representing the precancel logistics 3 5.,"logistics.lbnp_funnel_view.""precancel_logistics_3_5""",logistics.lbnp_funnel_view,
precancel_logistics_5_10,Data representing the precancel logistics 5 10.,"logistics.lbnp_funnel_view.""precancel_logistics_5_10""",logistics.lbnp_funnel_view,
precancel_logistics_10_15,Data representing the precancel logistics 10 15.,"logistics.lbnp_funnel_view.""precancel_logistics_10_15""",logistics.lbnp_funnel_view,
precancel_logistics_15_20,Data representing the precancel logistics 15 20.,"logistics.lbnp_funnel_view.""precancel_logistics_15_20""",logistics.lbnp_funnel_view,
precancel_logistics_gt_20,Data representing the precancel logistics gt 20.,"logistics.lbnp_funnel_view.""precancel_logistics_gt_20""",logistics.lbnp_funnel_view,
postassigned_cancel,Data representing the postassigned cancel.,"logistics.lbnp_funnel_view.""postassigned_cancel""",logistics.lbnp_funnel_view,
postcancel_buyer,Data representing the postcancel buyer.,"logistics.lbnp_funnel_view.""postcancel_buyer""",logistics.lbnp_funnel_view,
postcancel_buyer_prepickup,Data representing the postcancel buyer prepickup.,"logistics.lbnp_funnel_view.""postcancel_buyer_prepickup""",logistics.lbnp_funnel_view,
postcancel_buyer_prepickup_0_2,Data representing the postcancel buyer prepickup 0 2.,"logistics.lbnp_funnel_view.""postcancel_buyer_prepickup_0_2""",logistics.lbnp_funnel_view,
postcancel_buyer_prepickup_3_5,Data representing the postcancel buyer prepickup 3 5.,"logistics.lbnp_funnel_view.""postcancel_buyer_prepickup_3_5""",logistics.lbnp_funnel_view,
postcancel_buyer_prepickup_5_10,Data representing the postcancel buyer prepickup 5 10.,"logistics.lbnp_funnel_view.""postcancel_buyer_prepickup_5_10""",logistics.lbnp_funnel_view,
postcancel_buyer_prepickup_10_15,Data representing the postcancel buyer prepickup 10 15.,"logistics.lbnp_funnel_view.""postcancel_buyer_prepickup_10_15""",logistics.lbnp_funnel_view,
postcancel_buyer_prepickup_15_20,Data representing the postcancel buyer prepickup 15 20.,"logistics.lbnp_funnel_view.""postcancel_buyer_prepickup_15_20""",logistics.lbnp_funnel_view,
postcancel_buyer_prepickup_gt_20,Data representing the postcancel buyer prepickup gt 20.,"logistics.lbnp_funnel_view.""postcancel_buyer_prepickup_gt_20""",logistics.lbnp_funnel_view,
postcancel_buyer_postpickup,Data representing the postcancel buyer postpickup.,"logistics.lbnp_funnel_view.""postcancel_buyer_postpickup""",logistics.lbnp_funnel_view,
postcancel_seller,Data representing the postcancel seller.,"logistics.lbnp_funnel_view.""postcancel_seller""",logistics.lbnp_funnel_view,
postcancel_seller_prepickup,Data representing the postcancel seller prepickup.,"logistics.lbnp_funnel_view.""postcancel_seller_prepickup""",logistics.lbnp_funnel_view,
postcancel_seller_prepickup_0_2,Data representing the postcancel seller prepickup 0 2.,"logistics.lbnp_funnel_view.""postcancel_seller_prepickup_0_2""",logistics.lbnp_funnel_view,
postcancel_seller_prepickup_3_5,Data representing the postcancel seller prepickup 3 5.,"logistics.lbnp_funnel_view.""postcancel_seller_prepickup_3_5""",logistics.lbnp_funnel_view,
postcancel_seller_prepickup_5_10,Data representing the postcancel seller prepickup 5 10.,"logistics.lbnp_funnel_view.""postcancel_seller_prepickup_5_10""",logistics.lbnp_funnel_view,
postcancel_seller_prepickup_10_15,Data representing the postcancel seller prepickup 10 15.,"logistics.lbnp_funnel_view.""postcancel_seller_prepickup_10_15""",logistics.lbnp_funnel_view,
postcancel_seller_prepickup_15_20,Data representing the postcancel seller prepickup 15 20.,"logistics.lbnp_funnel_view.""postcancel_seller_prepickup_15_20""",logistics.lbnp_funnel_view,
postcancel_seller_prepickup_gt_20,Data representing the postcancel seller prepickup gt 20.,"logistics.lbnp_funnel_view.""postcancel_seller_prepickup_gt_20""",logistics.lbnp_funnel_view,
postcancel_seller_postpickup,Data representing the postcancel seller postpickup.,"logistics.lbnp_funnel_view.""postcancel_seller_postpickup""",logistics.lbnp_funnel_view,
postcancel_logistics,Data representing the postcancel logistics.,"logistics.lbnp_funnel_view.""postcancel_logistics""",logistics.lbnp_funnel_view,
postcancel_logistics_prepickup,Data representing the postcancel logistics prepickup.,"logistics.lbnp_funnel_view.""postcancel_logistics_prepickup""",logistics.lbnp_funnel_view,
postcancel_logistics_prepickup_0_2,Data representing the postcancel logistics prepickup 0 2.,"logistics.lbnp_funnel_view.""postcancel_logistics_prepickup_0_2""",logistics.lbnp_funnel_view,
postcancel_logistics_prepickup_3_5,Data representing the postcancel logistics prepickup 3 5.,"logistics.lbnp_funnel_view.""postcancel_logistics_prepickup_3_5""",logistics.lbnp_funnel_view,
postcancel_logistics_prepickup_5_10,Data representing the postcancel logistics prepickup 5 10.,"logistics.lbnp_funnel_view.""postcancel_logistics_prepickup_5_10""",logistics.lbnp_funnel_view,
postcancel_logistics_prepickup_10_15,Data representing the postcancel logistics prepickup 10 15.,"logistics.lbnp_funnel_view.""postcancel_logistics_prepickup_10_15""",logistics.lbnp_funnel_view,
postcancel_logistics_prepickup_15_20,Data representing the postcancel logistics prepickup 15 20.,"logistics.lbnp_funnel_view.""postcancel_logistics_prepickup_15_20""",logistics.lbnp_funnel_view,
postcancel_logistics_prepickup_gt_20,Data representing the postcancel logistics prepickup gt 20.,"logistics.lbnp_funnel_view.""postcancel_logistics_prepickup_gt_20""",logistics.lbnp_funnel_view,
postcancel_logistics_postpickup,Data representing the postcancel logistics postpickup.,"logistics.lbnp_funnel_view.""postcancel_logistics_postpickup""",logistics.lbnp_funnel_view,
preassigned_open,Data representing the preassigned open.,"logistics.lbnp_funnel_view.""preassigned_open""",logistics.lbnp_funnel_view,
postassigned_open,Data representing the postassigned open.,"logistics.lbnp_funnel_view.""postassigned_open""",logistics.lbnp_funnel_view,
"▼ linked_order_id   (materialized view, 1 cols)",,,logistics.linked_order_id,"SELECT DISTINCT retail_order_id
   FROM logistics.master_log
  WHERE retail_order_id IS NOT NULL;

CREATE INDEX idx_linked_order_id_retail ON logistics.linked_order_id USING btree (retail_order_id)"
retail_order_id,Unique identifier for retail order.,"logistics.linked_order_id.""retail_order_id""",logistics.linked_order_id,
"▼ log_dummy_data   (view, 48 cols)",,,logistics.log_dummy_data,"WITH base_master AS (
         SELECT ml.bap_id,
            ml.bpp_id,
            ml.order_id,
            ml.transaction_id,
            ml.fulfillment_status,
            ml.cod_order,
            ml.date,
            ml.order_created_at,
            ml.cancellation_code,
            ml.latest_order_status,
            ml.retail_order_id,
            ml.pick_up_pincode,
            ml.delivery_pincode,
            ml.retail_category,
            ml.shipment_type,
            ml.motorable_distance,
            ml.provider_name,
            ml.pickup_tat,
            ml.rts_tat,
            ml.f_ready_to_ship_at_date,
            ml.f_at_pickup_from_date,
            ml.f_agent_assigned_at_date,
            ml.delivered_date,
            ml.cancelled_date,
            ml.picked_date,
            ml.drop_row,
            ml.row_updated,
            ml.promised_time_to_deliver,
            ml.fulfillment_type,
            ml.awb_number,
            ml.pick_up_lat,
            ml.pick_up_long,
                CASE
                    WHEN ml.delivered_date IS NULL AND ml.cancelled_date IS NOT NULL THEN 'Cancelled'::character varying
                    WHEN ml.delivered_date IS NOT NULL AND ml.cancelled_date IS NULL THEN 'Completed'::character varying
                    ELSE ml.latest_order_status
                END AS order_status
           FROM logistics.master_log ml
          WHERE ml.drop_row = 0 AND ml.date = '2026-01-06'::date
        ), master_table AS (
         SELECT ml.bap_id,
            ml.bpp_id,
            ml.order_id,
            ml.transaction_id,
            ml.fulfillment_status,
            ml.cod_order,
            ml.date,
            ml.order_created_at,
            ml.cancellation_code,
            ml.latest_order_status,
            ml.retail_order_id,
            ml.pick_up_pincode,
            ml.delivery_pincode,
            ml.retail_category,
            ml.shipment_type,
            ml.motorable_distance,
            ml.provider_name,
            ml.pickup_tat,
            ml.rts_tat,
            ml.f_ready_to_ship_at_date,
            ml.f_at_pickup_from_date,
            ml.f_agent_assigned_at_date,
            ml.delivered_date,
            ml.cancelled_date,
            ml.picked_date,
            ml.promised_time_to_deliver,
            ml.fulfillment_type,
            ml.awb_number,
            ml.order_status
           FROM base_master ml
          WHERE NOT (ml.date >= '2024-05-01'::date AND ml.f_agent_assigned_at_date IS NULL AND ml.order_status::text = 'Cancelled'::text AND
                CASE
                    WHEN ml.bpp_id::text = 'ondc-lsp.olacabs.com'::text THEN 'P2P'::character varying
                    ELSE ml.shipment_type
                END::text = 'P2P'::text)
        ), base AS (
         SELECT COALESCE(l1.retail_order_id, l1.order_id) AS network_retail_order_id,
            l1.bpp_id,
            l1.order_created_at,
            l1.transaction_id,
            l1.order_id,
                CASE
                    WHEN l1.order_status::text = 'Completed'::text AND l1.f_agent_assigned_at_date IS NOT NULL AND COALESCE(l1.f_at_pickup_from_date, l1.picked_date) IS NOT NULL THEN 'DAP'::text
                    WHEN l1.order_status::text = 'Completed'::text AND l1.f_agent_assigned_at_date IS NOT NULL AND COALESCE(l1.f_at_pickup_from_date, l1.picked_date) IS NULL THEN 'DANP'::text
                    WHEN l1.order_status::text = 'Completed'::text AND l1.f_agent_assigned_at_date IS NULL AND COALESCE(l1.f_at_pickup_from_date, l1.picked_date) IS NOT NULL THEN 'DNAP'::text
                    WHEN l1.order_status::text = 'Completed'::text AND l1.f_agent_assigned_at_date IS NULL AND COALESCE(l1.f_at_pickup_from_date, l1.picked_date) IS NULL THEN 'DNANP'::text
                    WHEN (l1.order_status::text <> ALL (ARRAY['Completed'::character varying::text, 'Cancelled'::character varying::text])) AND l1.f_agent_assigned_at_date IS NOT NULL AND COALESCE(l1.f_at_pickup_from_date, l1.picked_date) IS NOT NULL THEN 'IPAP'::text
                    WHEN (l1.order_status::text <> ALL (ARRAY['Completed'::character varying::text, 'Cancelled'::character varying::text])) AND l1.f_agent_assigned_at_date IS NOT NULL AND COALESCE(l1.f_at_pickup_from_date, l1.picked_date) IS NULL THEN 'IPANP'::text
                    WHEN (l1.order_status::text <> ALL (ARRAY['Completed'::character varying::text, 'Cancelled'::character varying::text])) AND l1.f_agent_assigned_at_date IS NULL AND COALESCE(l1.f_at_pickup_from_date, l1.picked_date) IS NOT NULL THEN 'IPNAP'::text
                    WHEN (l1.order_status::text <> ALL (ARRAY['Completed'::character varying::text, 'Cancelled'::character varying::text])) AND l1.f_agent_assigned_at_date IS NULL AND COALESCE(l1.f_at_pickup_from_date, l1.picked_date) IS NULL THEN 'IPNANP'::text
                    WHEN l1.order_status::text = 'Cancelled'::text AND l1.f_agent_assigned_at_date IS NOT NULL AND COALESCE(l1.f_at_pickup_from_date, l1.picked_date) IS NOT NULL THEN 'CAP'::text
                    WHEN l1.order_status::text = 'Cancelled'::text AND l1.f_agent_assigned_at_date IS NOT NULL AND COALESCE(l1.f_at_pickup_from_date, l1.picked_date) IS NULL THEN 'CANP'::text
                    WHEN l1.order_status::text = 'Cancelled'::text AND l1.f_agent_assigned_at_date IS NULL AND COALESCE(l1.f_at_pickup_from_date, l1.picked_date) IS NOT NULL THEN 'CNAP'::text
                    WHEN l1.order_status::text = 'Cancelled'::text AND l1.f_agent_assigned_at_date IS NULL AND COALESCE(l1.f_at_pickup_from_date, l1.picked_date) IS NULL THEN 'CNANP'::text
                    ELSE NULL::text
                END AS mark,
                CASE
                    WHEN l1.order_status::text = 'Completed'::text AND l1.f_agent_assigned_at_date IS NOT NULL AND COALESCE(l1.f_at_pickup_from_date, l1.picked_date) IS NOT NULL THEN 1
                    WHEN l1.order_status::text = 'Completed'::text AND l1.f_agent_assigned_at_date IS NOT NULL AND COALESCE(l1.f_at_pickup_from_date, l1.picked_date) IS NULL THEN 2
                    WHEN l1.order_status::text = 'Completed'::text AND l1.f_agent_assigned_at_date IS NULL AND COALESCE(l1.f_at_pickup_from_date, l1.picked_date) IS NOT NULL THEN 3
                    WHEN l1.order_status::text = 'Completed'::text AND l1.f_agent_assigned_at_date IS NULL AND COALESCE(l1.f_at_pickup_from_date, l1.picked_date) IS NULL THEN 4
                    WHEN (l1.order_status::text <> ALL (ARRAY['Completed'::character varying::text, 'Cancelled'::character varying::text])) AND l1.f_agent_assigned_at_date IS NOT NULL AND COALESCE(l1.f_at_pickup_from_date, l1.picked_date) IS NOT NULL THEN 5
                    WHEN (l1.order_status::text <> ALL (ARRAY['Completed'::character varying::text, 'Cancelled'::character varying::text])) AND l1.f_agent_assigned_at_date IS NOT NULL AND COALESCE(l1.f_at_pickup_from_date, l1.picked_date) IS NULL THEN 6
                    WHEN (l1.order_status::text <> ALL (ARRAY['Completed'::character varying::text, 'Cancelled'::character varying::text])) AND l1.f_agent_assigned_at_date IS NULL AND COALESCE(l1.f_at_pickup_from_date, l1.picked_date) IS NOT NULL THEN 7
                    WHEN (l1.order_status::text <> ALL (ARRAY['Completed'::character varying::text, 'Cancelled'::character varying::text])) AND l1.f_agent_assigned_at_date IS NULL AND COALESCE(l1.f_at_pickup_from_date, l1.picked_date) IS NULL THEN 8
                    WHEN l1.order_status::text = 'Cancelled'::text AND l1.f_agent_assigned_at_date IS NOT NULL AND COALESCE(l1.f_at_pickup_from_date, l1.picked_date) IS NOT NULL THEN 9
                    WHEN l1.order_status::text = 'Cancelled'::text AND l1.f_agent_assigned_at_date IS NOT NULL AND COALESCE(l1.f_at_pickup_from_date, l1.picked_date) IS NULL THEN 10
                    WHEN l1.order_status::text = 'Cancelled'::text AND l1.f_agent_assigned_at_date IS NULL AND COALESCE(l1.f_at_pickup_from_date, l1.picked_date) IS NOT NULL THEN 11
                    WHEN l1.order_status::text = 'Cancelled'::text AND l1.f_agent_assigned_at_date IS NULL AND COALESCE(l1.f_at_pickup_from_date, l1.picked_date) IS NULL THEN 12
                    ELSE 999
                END AS rank
           FROM master_table l1
        ), final AS (
         SELECT base.network_retail_order_id,
            base.transaction_id,
            base.bpp_id,
            min(base.rank) AS rank
           FROM base
          GROUP BY base.network_retail_order_id, base.transaction_id, base.bpp_id
        ), min_rank AS (
         SELECT base.network_retail_order_id,
            min(base.rank) AS min_rank
           FROM base
          GROUP BY base.network_retail_order_id
        ), base_dedup AS (
         SELECT f.network_retail_order_id,
            f.bpp_id,
            f.order_created_at,
            f.transaction_id,
            f.order_id,
            f.mark,
            f.rank,
            row_number() OVER (PARTITION BY f.network_retail_order_id ORDER BY f.order_created_at DESC) AS rn
           FROM base f
             JOIN min_rank m ON f.network_retail_order_id::text = m.network_retail_order_id::text AND f.rank = m.min_rank
        ), min_dedup AS (
         SELECT base_dedup.bpp_id,
            base_dedup.network_retail_order_id,
            base_dedup.transaction_id,
            base_dedup.order_id
           FROM base_dedup
          WHERE base_dedup.rn = 1
        ), master_with_rownum AS (
         SELECT mt.bap_id,
            mt.bpp_id,
            mt.order_id,
            mt.transaction_id,
            mt.fulfillment_status,
            mt.cod_order,
            mt.date,
            mt.order_created_at,
            mt.cancellation_code,
            mt.latest_order_status,
            mt.retail_order_id,
            mt.pick_up_pincode,
            mt.delivery_pincode,
            mt.retail_category,
            mt.shipment_type,
            mt.motorable_distance,
            mt.provider_name,
            mt.pickup_tat,
            mt.rts_tat,
            mt.f_ready_to_ship_at_date,
            mt.f_at_pickup_from_date,
            mt.f_agent_assigned_at_date,
            mt.delivered_date,
            mt.cancelled_date,
            mt.picked_date,
            mt.promised_time_to_deliver,
            mt.fulfillment_type,
            mt.order_status,
            mt.awb_number AS awbnumber,
                CASE
                    WHEN md.transaction_id::text = mt.transaction_id::text AND COALESCE(mt.retail_order_id::text, mt.order_id::text) = md.network_retail_order_id::text AND md.order_id::text = mt.order_id::text THEN 1
                    ELSE 0
                END AS rn_retail,
            row_number() OVER (PARTITION BY mt.order_id, mt.transaction_id, mt.bap_id, mt.bpp_id, mt.order_created_at ORDER BY mt.order_created_at DESC) AS rn_order
           FROM master_table mt
             LEFT JOIN min_dedup md ON md.bpp_id::text = mt.bpp_id::text AND md.transaction_id::text = mt.transaction_id::text AND COALESCE(mt.retail_order_id::text, mt.order_id::text) = md.network_retail_order_id::text AND md.order_id::text = mt.order_id::text
        )
 SELECT mw.bap_id,
    mw.bpp_id,
        CASE
            WHEN mw.date >= (CURRENT_DATE - '6 mons'::interval) THEN mw.order_id
            ELSE NULL::character varying
        END AS order_id,
        CASE
            WHEN mw.date >= (CURRENT_DATE - '6 mons'::interval) THEN mw.transaction_id
            ELSE NULL::character varying
        END AS transaction_id,
    mw.fulfillment_status,
    mw.fulfillment_type,
    mw.cod_order,
    mw.date,
    mw.order_created_at,
    mw.cancellation_code,
    mw.order_status AS latest_order_status,
        CASE
            WHEN mw.date >= (CURRENT_DATE - '6 mons'::interval) THEN mw.retail_order_id
            ELSE NULL::character varying
        END AS retail_order_id,
    mw.pick_up_pincode,
    mw.delivery_pincode,
    mw.retail_category,
    mw.shipment_type,
    mw.motorable_distance,
    mw.provider_name,
    date_trunc('minute'::text, mw.pickup_tat) AS pickup_tat,
    date_trunc('minute'::text, mw.rts_tat) AS rts_tat,
        CASE
            WHEN mw.date >= (CURRENT_DATE - '6 mons'::interval) THEN date_trunc('minute'::text, mw.f_ready_to_ship_at_date)
            ELSE NULL::timestamp without time zone
        END AS f_ready_to_ship_at_date,
    date_trunc('minute'::text, mw.f_at_pickup_from_date) AS f_at_pickup_from_date,
    date_trunc('minute'::text, mw.f_agent_assigned_at_date) AS f_agent_assigned_at_date,
    date_trunc('minute'::text, mw.delivered_date) AS delivered_date,
    date_trunc('minute'::text, mw.cancelled_date) AS cancelled_date,
    date_trunc('minute'::text, mw.picked_date) AS picked_date,
    date_trunc('minute'::text, mw.promised_time_to_deliver) AS promised_time_to_deliver,
    mw.awbnumber,
    o.""Buyer NP"" AS buyer_np,
    o.""Seller NP"" AS retail_snp,
        CASE
            WHEN o.""Network order id"" IS NULL THEN 0
            ELSE 1
        END AS ""Linked Orders"",
    mw.rn_retail AS dedup,
        CASE
            WHEN mw.rn_order = 1 THEN 1
            ELSE 0
        END AS order_count,
        CASE
            WHEN mw.order_status::text = 'Completed'::text AND mw.delivered_date IS NOT NULL AND mw.f_ready_to_ship_at_date IS NOT NULL THEN round(EXTRACT(epoch FROM mw.delivered_date - mw.f_ready_to_ship_at_date) / 60::numeric, 0)
            ELSE NULL::numeric
        END AS avg_del,
    round(EXTRACT(epoch FROM mw.promised_time_to_deliver - mw.order_created_at) / 60::numeric, 0) AS del_tat_duration,
        CASE
            WHEN mw.order_status::text = 'Completed'::text AND mw.delivered_date IS NOT NULL AND mw.f_ready_to_ship_at_date IS NOT NULL THEN
            CASE
                WHEN mw.delivered_date <= mw.promised_time_to_deliver THEN 1
                ELSE 0
            END
            ELSE NULL::integer
        END AS del_adherence,
        CASE
            WHEN mw.order_status::text = 'Completed'::text AND mw.delivered_date IS NOT NULL AND mw.f_ready_to_ship_at_date IS NOT NULL AND mw.promised_time_to_deliver IS NOT NULL AND mw.delivered_date > mw.promised_time_to_deliver THEN EXTRACT(epoch FROM mw.delivered_date - mw.promised_time_to_deliver)
            ELSE NULL::numeric
        END AS del_breach_diff,
        CASE
            WHEN mw.f_ready_to_ship_at_date IS NOT NULL THEN EXTRACT(epoch FROM mw.f_ready_to_ship_at_date - mw.order_created_at)
            ELSE NULL::numeric
        END AS rtsvscrt,
        CASE
            WHEN mw.picked_date IS NOT NULL THEN EXTRACT(epoch FROM COALESCE(mw.f_at_pickup_from_date, mw.picked_date) - mw.f_ready_to_ship_at_date)
            ELSE NULL::numeric
        END AS rtsvspck,
        CASE
            WHEN mw.order_status::text = 'Completed'::text AND mw.delivered_date IS NOT NULL AND mw.f_ready_to_ship_at_date IS NOT NULL THEN round(EXTRACT(epoch FROM mw.delivered_date - mw.f_ready_to_ship_at_date) / 60::numeric, 0)
            ELSE NULL::numeric
        END AS delage,
        CASE
            WHEN mw.order_status::text = 'Cancelled'::text THEN EXTRACT(epoch FROM mw.cancelled_date - mw.order_created_at)
            ELSE NULL::numeric
        END AS cancel_secs,
        CASE
            WHEN mw.order_status::text <> ALL (ARRAY['Completed'::character varying::text, 'Cancelled'::character varying::text]) THEN round(EXTRACT(epoch FROM now() - mw.order_created_at::timestamp with time zone) / 60::numeric, 0)
            ELSE NULL::numeric
        END AS in_process_ageing,
        CASE
            WHEN mw.f_at_pickup_from_date IS NOT NULL AND mw.picked_date IS NOT NULL THEN round(EXTRACT(epoch FROM mw.picked_date - mw.f_at_pickup_from_date) / 60::numeric, 0)
            ELSE NULL::numeric
        END AS rider_waiting,
        CASE
            WHEN mw.f_agent_assigned_at_date IS NOT NULL AND mw.f_ready_to_ship_at_date IS NOT NULL THEN round(EXTRACT(epoch FROM mw.f_agent_assigned_at_date - mw.f_ready_to_ship_at_date) / 60::numeric, 0)
            ELSE NULL::numeric
        END AS rider_assigning,
        CASE
            WHEN mw.pickup_tat IS NOT NULL AND (mw.f_at_pickup_from_date IS NOT NULL OR mw.picked_date IS NOT NULL) THEN
            CASE
                WHEN COALESCE(mw.f_at_pickup_from_date, mw.picked_date) <= mw.pickup_tat THEN 0
                ELSE 1
            END
            ELSE NULL::integer
        END AS pick_up_breached,
        CASE
            WHEN mw.pickup_tat IS NOT NULL AND (mw.f_at_pickup_from_date IS NOT NULL OR mw.picked_date IS NOT NULL) THEN EXTRACT(epoch FROM COALESCE(mw.f_at_pickup_from_date, mw.picked_date) - mw.pickup_tat)
            ELSE NULL::numeric
        END AS pick_up_tat_diff,
        CASE
            WHEN mw.rts_tat IS NOT NULL AND mw.f_ready_to_ship_at_date IS NOT NULL THEN
            CASE
                WHEN mw.f_ready_to_ship_at_date <= mw.rts_tat THEN 0
                ELSE 1
            END
            ELSE NULL::integer
        END AS rts_breached,
        CASE
            WHEN mw.rts_tat IS NOT NULL AND mw.f_ready_to_ship_at_date IS NOT NULL THEN EXTRACT(epoch FROM mw.f_ready_to_ship_at_date - mw.rts_tat)
            ELSE NULL::numeric
        END AS rts_tat_diff
   FROM master_with_rownum mw
     LEFT JOIN analytics_insight.order_level o ON o.""Network order id""::text = mw.retail_order_id::text;"
bap_id,Unique identifier for the Buyer App (BAP).,"logistics.log_dummy_data.""bap_id""",logistics.log_dummy_data,
bpp_id,Unique identifier for the Seller App (BPP).,"logistics.log_dummy_data.""bpp_id""",logistics.log_dummy_data,
order_id,Unique identifier for order.,"logistics.log_dummy_data.""order_id""",logistics.log_dummy_data,
transaction_id,Unique ONDC transaction identifier.,"logistics.log_dummy_data.""transaction_id""",logistics.log_dummy_data,
fulfillment_status,Turn-Around-Time (TAT) measurement.,"logistics.log_dummy_data.""fulfillment_status""",logistics.log_dummy_data,
fulfillment_type,Data representing the fulfillment type.,"logistics.log_dummy_data.""fulfillment_type""",logistics.log_dummy_data,
cod_order,Data representing the cod order.,"logistics.log_dummy_data.""cod_order""",logistics.log_dummy_data,
date,Timestamp or date indicating when date occurred.,"logistics.log_dummy_data.""date""",logistics.log_dummy_data,
order_created_at,Timestamp when the record was created.,"logistics.log_dummy_data.""order_created_at""",logistics.log_dummy_data,
cancellation_code,Timestamp or date indicating when cancellation code occurred.,"logistics.log_dummy_data.""cancellation_code""",logistics.log_dummy_data,
latest_order_status,Turn-Around-Time (TAT) measurement.,"logistics.log_dummy_data.""latest_order_status""",logistics.log_dummy_data,
retail_order_id,Unique identifier for retail order.,"logistics.log_dummy_data.""retail_order_id""",logistics.log_dummy_data,
pick_up_pincode,Indian postal code (pincode).,"logistics.log_dummy_data.""pick_up_pincode""",logistics.log_dummy_data,
delivery_pincode,Indian postal code (pincode).,"logistics.log_dummy_data.""delivery_pincode""",logistics.log_dummy_data,
retail_category,Timestamp or date indicating when retail category occurred.,"logistics.log_dummy_data.""retail_category""",logistics.log_dummy_data,
shipment_type,Data representing the shipment type.,"logistics.log_dummy_data.""shipment_type""",logistics.log_dummy_data,
motorable_distance,Data representing the motorable distance.,"logistics.log_dummy_data.""motorable_distance""",logistics.log_dummy_data,
provider_name,Unique identifier for provider name.,"logistics.log_dummy_data.""provider_name""",logistics.log_dummy_data,
pickup_tat,Turn-Around-Time (TAT) measurement.,"logistics.log_dummy_data.""pickup_tat""",logistics.log_dummy_data,
rts_tat,Turn-Around-Time (TAT) measurement.,"logistics.log_dummy_data.""rts_tat""",logistics.log_dummy_data,
f_ready_to_ship_at_date,Timestamp or date indicating when f ready to ship at date occurred.,"logistics.log_dummy_data.""f_ready_to_ship_at_date""",logistics.log_dummy_data,
f_at_pickup_from_date,Timestamp or date indicating when f at pickup from date occurred.,"logistics.log_dummy_data.""f_at_pickup_from_date""",logistics.log_dummy_data,
f_agent_assigned_at_date,Timestamp or date indicating when f agent assigned at date occurred.,"logistics.log_dummy_data.""f_agent_assigned_at_date""",logistics.log_dummy_data,
delivered_date,Timestamp or date indicating when delivered date occurred.,"logistics.log_dummy_data.""delivered_date""",logistics.log_dummy_data,
cancelled_date,Timestamp or date indicating when cancelled date occurred.,"logistics.log_dummy_data.""cancelled_date""",logistics.log_dummy_data,
picked_date,Timestamp or date indicating when picked date occurred.,"logistics.log_dummy_data.""picked_date""",logistics.log_dummy_data,
promised_time_to_deliver,Timestamp or date indicating when promised time to deliver occurred.,"logistics.log_dummy_data.""promised_time_to_deliver""",logistics.log_dummy_data,
awbnumber,Data representing the awbnumber.,"logistics.log_dummy_data.""awbnumber""",logistics.log_dummy_data,
buyer_np,Data representing the buyer np.,"logistics.log_dummy_data.""buyer_np""",logistics.log_dummy_data,
retail_snp,Data representing the retail snp.,"logistics.log_dummy_data.""retail_snp""",logistics.log_dummy_data,
Linked Orders,Data representing the linked orders.,"logistics.log_dummy_data.""Linked Orders""",logistics.log_dummy_data,
dedup,Data representing the dedup.,"logistics.log_dummy_data.""dedup""",logistics.log_dummy_data,
order_count,Data representing the order count.,"logistics.log_dummy_data.""order_count""",logistics.log_dummy_data,
avg_del,Data representing the avg del.,"logistics.log_dummy_data.""avg_del""",logistics.log_dummy_data,
del_tat_duration,Turn-Around-Time (TAT) measurement.,"logistics.log_dummy_data.""del_tat_duration""",logistics.log_dummy_data,
del_adherence,Data representing the del adherence.,"logistics.log_dummy_data.""del_adherence""",logistics.log_dummy_data,
del_breach_diff,Data representing the del breach diff.,"logistics.log_dummy_data.""del_breach_diff""",logistics.log_dummy_data,
rtsvscrt,Data representing the rtsvscrt.,"logistics.log_dummy_data.""rtsvscrt""",logistics.log_dummy_data,
rtsvspck,Data representing the rtsvspck.,"logistics.log_dummy_data.""rtsvspck""",logistics.log_dummy_data,
delage,Data representing the delage.,"logistics.log_dummy_data.""delage""",logistics.log_dummy_data,
cancel_secs,Data representing the cancel secs.,"logistics.log_dummy_data.""cancel_secs""",logistics.log_dummy_data,
in_process_ageing,Data representing the in process ageing.,"logistics.log_dummy_data.""in_process_ageing""",logistics.log_dummy_data,
rider_waiting,Unique identifier for rider waiting.,"logistics.log_dummy_data.""rider_waiting""",logistics.log_dummy_data,
rider_assigning,Unique identifier for rider assigning.,"logistics.log_dummy_data.""rider_assigning""",logistics.log_dummy_data,
pick_up_breached,Data representing the pick up breached.,"logistics.log_dummy_data.""pick_up_breached""",logistics.log_dummy_data,
pick_up_tat_diff,Turn-Around-Time (TAT) measurement.,"logistics.log_dummy_data.""pick_up_tat_diff""",logistics.log_dummy_data,
rts_breached,Data representing the rts breached.,"logistics.log_dummy_data.""rts_breached""",logistics.log_dummy_data,
rts_tat_diff,Turn-Around-Time (TAT) measurement.,"logistics.log_dummy_data.""rts_tat_diff""",logistics.log_dummy_data,
"▼ logistics_category_mapping   (base table, 5 cols)",,,logistics.logistics_category_mapping,
category,Timestamp or date indicating when category occurred.,"logistics.logistics_category_mapping.""category""",logistics.logistics_category_mapping,
key,Data representing the key.,"logistics.logistics_category_mapping.""key""",logistics.logistics_category_mapping,
Main Category,Timestamp or date indicating when main category occurred.,"logistics.logistics_category_mapping.""Main Category""",logistics.logistics_category_mapping,
Sub Category,Timestamp or date indicating when sub category occurred.,"logistics.logistics_category_mapping.""Sub Category""",logistics.logistics_category_mapping,
ENUMs,Data representing the enums.,"logistics.logistics_category_mapping.""ENUMs""",logistics.logistics_category_mapping,
"▼ logistics_funnel_lbnp   (base table, 66 cols)",,,logistics.logistics_funnel_lbnp,
bap_id,Unique identifier for the Buyer App (BAP).,"logistics.logistics_funnel_lbnp.""bap_id""",logistics.logistics_funnel_lbnp,
date,Timestamp or date indicating when date occurred.,"logistics.logistics_funnel_lbnp.""date""",logistics.logistics_funnel_lbnp,
linked,Data representing the linked.,"logistics.logistics_funnel_lbnp.""linked""",logistics.logistics_funnel_lbnp,
pick_up_pincode,Indian postal code (pincode).,"logistics.logistics_funnel_lbnp.""pick_up_pincode""",logistics.logistics_funnel_lbnp,
delivery_pincode,Indian postal code (pincode).,"logistics.logistics_funnel_lbnp.""delivery_pincode""",logistics.logistics_funnel_lbnp,
retail_category,Timestamp or date indicating when retail category occurred.,"logistics.logistics_funnel_lbnp.""retail_category""",logistics.logistics_funnel_lbnp,
shipment_type,Data representing the shipment type.,"logistics.logistics_funnel_lbnp.""shipment_type""",logistics.logistics_funnel_lbnp,
fulfillment_type,Data representing the fulfillment type.,"logistics.logistics_funnel_lbnp.""fulfillment_type""",logistics.logistics_funnel_lbnp,
request,Data representing the request.,"logistics.logistics_funnel_lbnp.""request""",logistics.logistics_funnel_lbnp,
unique_retail_order,Data representing the unique retail order.,"logistics.logistics_funnel_lbnp.""unique_retail_order""",logistics.logistics_funnel_lbnp,
on_confirms,Data representing the on confirms.,"logistics.logistics_funnel_lbnp.""on_confirms""",logistics.logistics_funnel_lbnp,
confirmed_orders,Data representing the confirmed orders.,"logistics.logistics_funnel_lbnp.""confirmed_orders""",logistics.logistics_funnel_lbnp,
assigned,Data representing the assigned.,"logistics.logistics_funnel_lbnp.""assigned""",logistics.logistics_funnel_lbnp,
delivered,Data representing the delivered.,"logistics.logistics_funnel_lbnp.""delivered""",logistics.logistics_funnel_lbnp,
preassigned_cancel,Data representing the preassigned cancel.,"logistics.logistics_funnel_lbnp.""preassigned_cancel""",logistics.logistics_funnel_lbnp,
precancel_buyer,Data representing the precancel buyer.,"logistics.logistics_funnel_lbnp.""precancel_buyer""",logistics.logistics_funnel_lbnp,
precancel_buyer_0_2,Data representing the precancel buyer 0 2.,"logistics.logistics_funnel_lbnp.""precancel_buyer_0_2""",logistics.logistics_funnel_lbnp,
precancel_buyer_3_5,Data representing the precancel buyer 3 5.,"logistics.logistics_funnel_lbnp.""precancel_buyer_3_5""",logistics.logistics_funnel_lbnp,
precancel_buyer_5_10,Data representing the precancel buyer 5 10.,"logistics.logistics_funnel_lbnp.""precancel_buyer_5_10""",logistics.logistics_funnel_lbnp,
precancel_buyer_10_15,Data representing the precancel buyer 10 15.,"logistics.logistics_funnel_lbnp.""precancel_buyer_10_15""",logistics.logistics_funnel_lbnp,
precancel_buyer_15_20,Data representing the precancel buyer 15 20.,"logistics.logistics_funnel_lbnp.""precancel_buyer_15_20""",logistics.logistics_funnel_lbnp,
precancel_buyer_gt_20,Data representing the precancel buyer gt 20.,"logistics.logistics_funnel_lbnp.""precancel_buyer_gt_20""",logistics.logistics_funnel_lbnp,
precancel_seller,Data representing the precancel seller.,"logistics.logistics_funnel_lbnp.""precancel_seller""",logistics.logistics_funnel_lbnp,
precancel_seller_0_2,Data representing the precancel seller 0 2.,"logistics.logistics_funnel_lbnp.""precancel_seller_0_2""",logistics.logistics_funnel_lbnp,
precancel_seller_3_5,Data representing the precancel seller 3 5.,"logistics.logistics_funnel_lbnp.""precancel_seller_3_5""",logistics.logistics_funnel_lbnp,
precancel_seller_5_10,Data representing the precancel seller 5 10.,"logistics.logistics_funnel_lbnp.""precancel_seller_5_10""",logistics.logistics_funnel_lbnp,
precancel_seller_10_15,Data representing the precancel seller 10 15.,"logistics.logistics_funnel_lbnp.""precancel_seller_10_15""",logistics.logistics_funnel_lbnp,
precancel_seller_15_20,Data representing the precancel seller 15 20.,"logistics.logistics_funnel_lbnp.""precancel_seller_15_20""",logistics.logistics_funnel_lbnp,
precancel_seller_gt_20,Data representing the precancel seller gt 20.,"logistics.logistics_funnel_lbnp.""precancel_seller_gt_20""",logistics.logistics_funnel_lbnp,
precancel_logistics,Data representing the precancel logistics.,"logistics.logistics_funnel_lbnp.""precancel_logistics""",logistics.logistics_funnel_lbnp,
precancel_logistics_0_2,Data representing the precancel logistics 0 2.,"logistics.logistics_funnel_lbnp.""precancel_logistics_0_2""",logistics.logistics_funnel_lbnp,
precancel_logistics_3_5,Data representing the precancel logistics 3 5.,"logistics.logistics_funnel_lbnp.""precancel_logistics_3_5""",logistics.logistics_funnel_lbnp,
precancel_logistics_5_10,Data representing the precancel logistics 5 10.,"logistics.logistics_funnel_lbnp.""precancel_logistics_5_10""",logistics.logistics_funnel_lbnp,
precancel_logistics_10_15,Data representing the precancel logistics 10 15.,"logistics.logistics_funnel_lbnp.""precancel_logistics_10_15""",logistics.logistics_funnel_lbnp,
precancel_logistics_15_20,Data representing the precancel logistics 15 20.,"logistics.logistics_funnel_lbnp.""precancel_logistics_15_20""",logistics.logistics_funnel_lbnp,
precancel_logistics_gt_20,Data representing the precancel logistics gt 20.,"logistics.logistics_funnel_lbnp.""precancel_logistics_gt_20""",logistics.logistics_funnel_lbnp,
postassigned_cancel,Data representing the postassigned cancel.,"logistics.logistics_funnel_lbnp.""postassigned_cancel""",logistics.logistics_funnel_lbnp,
postcancel_buyer,Data representing the postcancel buyer.,"logistics.logistics_funnel_lbnp.""postcancel_buyer""",logistics.logistics_funnel_lbnp,
postcancel_buyer_prepickup,Data representing the postcancel buyer prepickup.,"logistics.logistics_funnel_lbnp.""postcancel_buyer_prepickup""",logistics.logistics_funnel_lbnp,
postcancel_buyer_prepickup_0_2,Data representing the postcancel buyer prepickup 0 2.,"logistics.logistics_funnel_lbnp.""postcancel_buyer_prepickup_0_2""",logistics.logistics_funnel_lbnp,
postcancel_buyer_prepickup_3_5,Data representing the postcancel buyer prepickup 3 5.,"logistics.logistics_funnel_lbnp.""postcancel_buyer_prepickup_3_5""",logistics.logistics_funnel_lbnp,
postcancel_buyer_prepickup_5_10,Data representing the postcancel buyer prepickup 5 10.,"logistics.logistics_funnel_lbnp.""postcancel_buyer_prepickup_5_10""",logistics.logistics_funnel_lbnp,
postcancel_buyer_prepickup_10_15,Data representing the postcancel buyer prepickup 10 15.,"logistics.logistics_funnel_lbnp.""postcancel_buyer_prepickup_10_15""",logistics.logistics_funnel_lbnp,
postcancel_buyer_prepickup_15_20,Data representing the postcancel buyer prepickup 15 20.,"logistics.logistics_funnel_lbnp.""postcancel_buyer_prepickup_15_20""",logistics.logistics_funnel_lbnp,
postcancel_buyer_prepickup_gt_20,Data representing the postcancel buyer prepickup gt 20.,"logistics.logistics_funnel_lbnp.""postcancel_buyer_prepickup_gt_20""",logistics.logistics_funnel_lbnp,
postcancel_buyer_postpickup,Data representing the postcancel buyer postpickup.,"logistics.logistics_funnel_lbnp.""postcancel_buyer_postpickup""",logistics.logistics_funnel_lbnp,
postcancel_seller,Data representing the postcancel seller.,"logistics.logistics_funnel_lbnp.""postcancel_seller""",logistics.logistics_funnel_lbnp,
postcancel_seller_prepickup,Data representing the postcancel seller prepickup.,"logistics.logistics_funnel_lbnp.""postcancel_seller_prepickup""",logistics.logistics_funnel_lbnp,
postcancel_seller_prepickup_0_2,Data representing the postcancel seller prepickup 0 2.,"logistics.logistics_funnel_lbnp.""postcancel_seller_prepickup_0_2""",logistics.logistics_funnel_lbnp,
postcancel_seller_prepickup_3_5,Data representing the postcancel seller prepickup 3 5.,"logistics.logistics_funnel_lbnp.""postcancel_seller_prepickup_3_5""",logistics.logistics_funnel_lbnp,
postcancel_seller_prepickup_5_10,Data representing the postcancel seller prepickup 5 10.,"logistics.logistics_funnel_lbnp.""postcancel_seller_prepickup_5_10""",logistics.logistics_funnel_lbnp,
postcancel_seller_prepickup_10_15,Data representing the postcancel seller prepickup 10 15.,"logistics.logistics_funnel_lbnp.""postcancel_seller_prepickup_10_15""",logistics.logistics_funnel_lbnp,
postcancel_seller_prepickup_15_20,Data representing the postcancel seller prepickup 15 20.,"logistics.logistics_funnel_lbnp.""postcancel_seller_prepickup_15_20""",logistics.logistics_funnel_lbnp,
postcancel_seller_prepickup_gt_20,Data representing the postcancel seller prepickup gt 20.,"logistics.logistics_funnel_lbnp.""postcancel_seller_prepickup_gt_20""",logistics.logistics_funnel_lbnp,
postcancel_seller_postpickup,Data representing the postcancel seller postpickup.,"logistics.logistics_funnel_lbnp.""postcancel_seller_postpickup""",logistics.logistics_funnel_lbnp,
postcancel_logistics,Data representing the postcancel logistics.,"logistics.logistics_funnel_lbnp.""postcancel_logistics""",logistics.logistics_funnel_lbnp,
postcancel_logistics_prepickup,Data representing the postcancel logistics prepickup.,"logistics.logistics_funnel_lbnp.""postcancel_logistics_prepickup""",logistics.logistics_funnel_lbnp,
postcancel_logistics_prepickup_0_2,Data representing the postcancel logistics prepickup 0 2.,"logistics.logistics_funnel_lbnp.""postcancel_logistics_prepickup_0_2""",logistics.logistics_funnel_lbnp,
postcancel_logistics_prepickup_3_5,Data representing the postcancel logistics prepickup 3 5.,"logistics.logistics_funnel_lbnp.""postcancel_logistics_prepickup_3_5""",logistics.logistics_funnel_lbnp,
postcancel_logistics_prepickup_5_10,Data representing the postcancel logistics prepickup 5 10.,"logistics.logistics_funnel_lbnp.""postcancel_logistics_prepickup_5_10""",logistics.logistics_funnel_lbnp,
postcancel_logistics_prepickup_10_15,Data representing the postcancel logistics prepickup 10 15.,"logistics.logistics_funnel_lbnp.""postcancel_logistics_prepickup_10_15""",logistics.logistics_funnel_lbnp,
postcancel_logistics_prepickup_15_20,Data representing the postcancel logistics prepickup 15 20.,"logistics.logistics_funnel_lbnp.""postcancel_logistics_prepickup_15_20""",logistics.logistics_funnel_lbnp,
postcancel_logistics_prepickup_gt_20,Data representing the postcancel logistics prepickup gt 20.,"logistics.logistics_funnel_lbnp.""postcancel_logistics_prepickup_gt_20""",logistics.logistics_funnel_lbnp,
postcancel_logistics_postpickup,Data representing the postcancel logistics postpickup.,"logistics.logistics_funnel_lbnp.""postcancel_logistics_postpickup""",logistics.logistics_funnel_lbnp,
preassigned_open,Data representing the preassigned open.,"logistics.logistics_funnel_lbnp.""preassigned_open""",logistics.logistics_funnel_lbnp,
postassigned_open,Data representing the postassigned open.,"logistics.logistics_funnel_lbnp.""postassigned_open""",logistics.logistics_funnel_lbnp,
"▼ logistics_funnel_lbnp_bv   (view, 78 cols)",,,logistics.logistics_funnel_lbnp_bv,"SELECT lbnp.bap_id,
    lbnp.date,
    lbnp.linked,
    lbnp.pick_up_pincode,
    lbnp.delivery_pincode,
    lbnp.retail_category,
    lbnp.shipment_type,
    lbnp.fulfillment_type,
    lbnp.request,
    lbnp.unique_retail_order,
    lbnp.on_confirms,
    lbnp.confirmed_orders,
    lbnp.assigned,
    lbnp.delivered,
    lbnp.preassigned_cancel,
    lbnp.precancel_buyer,
    lbnp.precancel_buyer_0_2,
    lbnp.precancel_buyer_3_5,
    lbnp.precancel_buyer_5_10,
    lbnp.precancel_buyer_10_15,
    lbnp.precancel_buyer_15_20,
    lbnp.precancel_buyer_gt_20,
    lbnp.precancel_seller,
    lbnp.precancel_seller_0_2,
    lbnp.precancel_seller_3_5,
    lbnp.precancel_seller_5_10,
    lbnp.precancel_seller_10_15,
    lbnp.precancel_seller_15_20,
    lbnp.precancel_seller_gt_20,
    lbnp.precancel_logistics,
    lbnp.precancel_logistics_0_2,
    lbnp.precancel_logistics_3_5,
    lbnp.precancel_logistics_5_10,
    lbnp.precancel_logistics_10_15,
    lbnp.precancel_logistics_15_20,
    lbnp.precancel_logistics_gt_20,
    lbnp.postassigned_cancel,
    lbnp.postcancel_buyer,
    lbnp.postcancel_buyer_prepickup,
    lbnp.postcancel_buyer_prepickup_0_2,
    lbnp.postcancel_buyer_prepickup_3_5,
    lbnp.postcancel_buyer_prepickup_5_10,
    lbnp.postcancel_buyer_prepickup_10_15,
    lbnp.postcancel_buyer_prepickup_15_20,
    lbnp.postcancel_buyer_prepickup_gt_20,
    lbnp.postcancel_buyer_postpickup,
    lbnp.postcancel_seller,
    lbnp.postcancel_seller_prepickup,
    lbnp.postcancel_seller_prepickup_0_2,
    lbnp.postcancel_seller_prepickup_3_5,
    lbnp.postcancel_seller_prepickup_5_10,
    lbnp.postcancel_seller_prepickup_10_15,
    lbnp.postcancel_seller_prepickup_15_20,
    lbnp.postcancel_seller_prepickup_gt_20,
    lbnp.postcancel_seller_postpickup,
    lbnp.postcancel_logistics,
    lbnp.postcancel_logistics_prepickup,
    lbnp.postcancel_logistics_prepickup_0_2,
    lbnp.postcancel_logistics_prepickup_3_5,
    lbnp.postcancel_logistics_prepickup_5_10,
    lbnp.postcancel_logistics_prepickup_10_15,
    lbnp.postcancel_logistics_prepickup_15_20,
    lbnp.postcancel_logistics_prepickup_gt_20,
    lbnp.postcancel_logistics_postpickup,
    lbnp.preassigned_open,
    lbnp.postassigned_open,
    lbnp.request AS total_rquest_lbnp_table,
    lbnp.unique_retail_order AS retail_order_lbnp_table,
    lbnp.confirmed_orders AS total_confirm_lbnp_table,
    snp.seller_np_name AS ""Seller NP"",
    sp.statename AS ""Pick Up State"",
    dp.statename AS ""Delivery State"",
    sp.districtname AS ""Pick Up City"",
    dp.districtname AS ""Delivery City"",
    sp.tier AS ""Pick Up Tier"",
    dp.tier AS ""Delivery Tier"",
    sp.zones AS ""Pick Up Zone"",
    dp.zones AS ""Delivery Zone""
   FROM logistics.logistics_funnel_lbnp lbnp
     LEFT JOIN dimension.dim_logistics_seller_np snp ON lbnp.bap_id::text = snp.seller_np::text
     LEFT JOIN dimension.dim_pincode sp ON lbnp.pick_up_pincode::text = sp.pincode::text
     LEFT JOIN dimension.dim_pincode dp ON lbnp.delivery_pincode::text = dp.pincode::text;"
bap_id,Unique identifier for the Buyer App (BAP).,"logistics.logistics_funnel_lbnp_bv.""bap_id""",logistics.logistics_funnel_lbnp_bv,
date,Timestamp or date indicating when date occurred.,"logistics.logistics_funnel_lbnp_bv.""date""",logistics.logistics_funnel_lbnp_bv,
linked,Data representing the linked.,"logistics.logistics_funnel_lbnp_bv.""linked""",logistics.logistics_funnel_lbnp_bv,
pick_up_pincode,Indian postal code (pincode).,"logistics.logistics_funnel_lbnp_bv.""pick_up_pincode""",logistics.logistics_funnel_lbnp_bv,
delivery_pincode,Indian postal code (pincode).,"logistics.logistics_funnel_lbnp_bv.""delivery_pincode""",logistics.logistics_funnel_lbnp_bv,
retail_category,Timestamp or date indicating when retail category occurred.,"logistics.logistics_funnel_lbnp_bv.""retail_category""",logistics.logistics_funnel_lbnp_bv,
shipment_type,Data representing the shipment type.,"logistics.logistics_funnel_lbnp_bv.""shipment_type""",logistics.logistics_funnel_lbnp_bv,
fulfillment_type,Data representing the fulfillment type.,"logistics.logistics_funnel_lbnp_bv.""fulfillment_type""",logistics.logistics_funnel_lbnp_bv,
request,Data representing the request.,"logistics.logistics_funnel_lbnp_bv.""request""",logistics.logistics_funnel_lbnp_bv,
unique_retail_order,Data representing the unique retail order.,"logistics.logistics_funnel_lbnp_bv.""unique_retail_order""",logistics.logistics_funnel_lbnp_bv,
on_confirms,Data representing the on confirms.,"logistics.logistics_funnel_lbnp_bv.""on_confirms""",logistics.logistics_funnel_lbnp_bv,
confirmed_orders,Data representing the confirmed orders.,"logistics.logistics_funnel_lbnp_bv.""confirmed_orders""",logistics.logistics_funnel_lbnp_bv,
assigned,Data representing the assigned.,"logistics.logistics_funnel_lbnp_bv.""assigned""",logistics.logistics_funnel_lbnp_bv,
delivered,Data representing the delivered.,"logistics.logistics_funnel_lbnp_bv.""delivered""",logistics.logistics_funnel_lbnp_bv,
preassigned_cancel,Data representing the preassigned cancel.,"logistics.logistics_funnel_lbnp_bv.""preassigned_cancel""",logistics.logistics_funnel_lbnp_bv,
precancel_buyer,Data representing the precancel buyer.,"logistics.logistics_funnel_lbnp_bv.""precancel_buyer""",logistics.logistics_funnel_lbnp_bv,
precancel_buyer_0_2,Data representing the precancel buyer 0 2.,"logistics.logistics_funnel_lbnp_bv.""precancel_buyer_0_2""",logistics.logistics_funnel_lbnp_bv,
precancel_buyer_3_5,Data representing the precancel buyer 3 5.,"logistics.logistics_funnel_lbnp_bv.""precancel_buyer_3_5""",logistics.logistics_funnel_lbnp_bv,
precancel_buyer_5_10,Data representing the precancel buyer 5 10.,"logistics.logistics_funnel_lbnp_bv.""precancel_buyer_5_10""",logistics.logistics_funnel_lbnp_bv,
precancel_buyer_10_15,Data representing the precancel buyer 10 15.,"logistics.logistics_funnel_lbnp_bv.""precancel_buyer_10_15""",logistics.logistics_funnel_lbnp_bv,
precancel_buyer_15_20,Data representing the precancel buyer 15 20.,"logistics.logistics_funnel_lbnp_bv.""precancel_buyer_15_20""",logistics.logistics_funnel_lbnp_bv,
precancel_buyer_gt_20,Data representing the precancel buyer gt 20.,"logistics.logistics_funnel_lbnp_bv.""precancel_buyer_gt_20""",logistics.logistics_funnel_lbnp_bv,
precancel_seller,Data representing the precancel seller.,"logistics.logistics_funnel_lbnp_bv.""precancel_seller""",logistics.logistics_funnel_lbnp_bv,
precancel_seller_0_2,Data representing the precancel seller 0 2.,"logistics.logistics_funnel_lbnp_bv.""precancel_seller_0_2""",logistics.logistics_funnel_lbnp_bv,
precancel_seller_3_5,Data representing the precancel seller 3 5.,"logistics.logistics_funnel_lbnp_bv.""precancel_seller_3_5""",logistics.logistics_funnel_lbnp_bv,
precancel_seller_5_10,Data representing the precancel seller 5 10.,"logistics.logistics_funnel_lbnp_bv.""precancel_seller_5_10""",logistics.logistics_funnel_lbnp_bv,
precancel_seller_10_15,Data representing the precancel seller 10 15.,"logistics.logistics_funnel_lbnp_bv.""precancel_seller_10_15""",logistics.logistics_funnel_lbnp_bv,
precancel_seller_15_20,Data representing the precancel seller 15 20.,"logistics.logistics_funnel_lbnp_bv.""precancel_seller_15_20""",logistics.logistics_funnel_lbnp_bv,
precancel_seller_gt_20,Data representing the precancel seller gt 20.,"logistics.logistics_funnel_lbnp_bv.""precancel_seller_gt_20""",logistics.logistics_funnel_lbnp_bv,
precancel_logistics,Data representing the precancel logistics.,"logistics.logistics_funnel_lbnp_bv.""precancel_logistics""",logistics.logistics_funnel_lbnp_bv,
precancel_logistics_0_2,Data representing the precancel logistics 0 2.,"logistics.logistics_funnel_lbnp_bv.""precancel_logistics_0_2""",logistics.logistics_funnel_lbnp_bv,
precancel_logistics_3_5,Data representing the precancel logistics 3 5.,"logistics.logistics_funnel_lbnp_bv.""precancel_logistics_3_5""",logistics.logistics_funnel_lbnp_bv,
precancel_logistics_5_10,Data representing the precancel logistics 5 10.,"logistics.logistics_funnel_lbnp_bv.""precancel_logistics_5_10""",logistics.logistics_funnel_lbnp_bv,
precancel_logistics_10_15,Data representing the precancel logistics 10 15.,"logistics.logistics_funnel_lbnp_bv.""precancel_logistics_10_15""",logistics.logistics_funnel_lbnp_bv,
precancel_logistics_15_20,Data representing the precancel logistics 15 20.,"logistics.logistics_funnel_lbnp_bv.""precancel_logistics_15_20""",logistics.logistics_funnel_lbnp_bv,
precancel_logistics_gt_20,Data representing the precancel logistics gt 20.,"logistics.logistics_funnel_lbnp_bv.""precancel_logistics_gt_20""",logistics.logistics_funnel_lbnp_bv,
postassigned_cancel,Data representing the postassigned cancel.,"logistics.logistics_funnel_lbnp_bv.""postassigned_cancel""",logistics.logistics_funnel_lbnp_bv,
postcancel_buyer,Data representing the postcancel buyer.,"logistics.logistics_funnel_lbnp_bv.""postcancel_buyer""",logistics.logistics_funnel_lbnp_bv,
postcancel_buyer_prepickup,Data representing the postcancel buyer prepickup.,"logistics.logistics_funnel_lbnp_bv.""postcancel_buyer_prepickup""",logistics.logistics_funnel_lbnp_bv,
postcancel_buyer_prepickup_0_2,Data representing the postcancel buyer prepickup 0 2.,"logistics.logistics_funnel_lbnp_bv.""postcancel_buyer_prepickup_0_2""",logistics.logistics_funnel_lbnp_bv,
postcancel_buyer_prepickup_3_5,Data representing the postcancel buyer prepickup 3 5.,"logistics.logistics_funnel_lbnp_bv.""postcancel_buyer_prepickup_3_5""",logistics.logistics_funnel_lbnp_bv,
postcancel_buyer_prepickup_5_10,Data representing the postcancel buyer prepickup 5 10.,"logistics.logistics_funnel_lbnp_bv.""postcancel_buyer_prepickup_5_10""",logistics.logistics_funnel_lbnp_bv,
postcancel_buyer_prepickup_10_15,Data representing the postcancel buyer prepickup 10 15.,"logistics.logistics_funnel_lbnp_bv.""postcancel_buyer_prepickup_10_15""",logistics.logistics_funnel_lbnp_bv,
postcancel_buyer_prepickup_15_20,Data representing the postcancel buyer prepickup 15 20.,"logistics.logistics_funnel_lbnp_bv.""postcancel_buyer_prepickup_15_20""",logistics.logistics_funnel_lbnp_bv,
postcancel_buyer_prepickup_gt_20,Data representing the postcancel buyer prepickup gt 20.,"logistics.logistics_funnel_lbnp_bv.""postcancel_buyer_prepickup_gt_20""",logistics.logistics_funnel_lbnp_bv,
postcancel_buyer_postpickup,Data representing the postcancel buyer postpickup.,"logistics.logistics_funnel_lbnp_bv.""postcancel_buyer_postpickup""",logistics.logistics_funnel_lbnp_bv,
postcancel_seller,Data representing the postcancel seller.,"logistics.logistics_funnel_lbnp_bv.""postcancel_seller""",logistics.logistics_funnel_lbnp_bv,
postcancel_seller_prepickup,Data representing the postcancel seller prepickup.,"logistics.logistics_funnel_lbnp_bv.""postcancel_seller_prepickup""",logistics.logistics_funnel_lbnp_bv,
postcancel_seller_prepickup_0_2,Data representing the postcancel seller prepickup 0 2.,"logistics.logistics_funnel_lbnp_bv.""postcancel_seller_prepickup_0_2""",logistics.logistics_funnel_lbnp_bv,
postcancel_seller_prepickup_3_5,Data representing the postcancel seller prepickup 3 5.,"logistics.logistics_funnel_lbnp_bv.""postcancel_seller_prepickup_3_5""",logistics.logistics_funnel_lbnp_bv,
postcancel_seller_prepickup_5_10,Data representing the postcancel seller prepickup 5 10.,"logistics.logistics_funnel_lbnp_bv.""postcancel_seller_prepickup_5_10""",logistics.logistics_funnel_lbnp_bv,
postcancel_seller_prepickup_10_15,Data representing the postcancel seller prepickup 10 15.,"logistics.logistics_funnel_lbnp_bv.""postcancel_seller_prepickup_10_15""",logistics.logistics_funnel_lbnp_bv,
postcancel_seller_prepickup_15_20,Data representing the postcancel seller prepickup 15 20.,"logistics.logistics_funnel_lbnp_bv.""postcancel_seller_prepickup_15_20""",logistics.logistics_funnel_lbnp_bv,
postcancel_seller_prepickup_gt_20,Data representing the postcancel seller prepickup gt 20.,"logistics.logistics_funnel_lbnp_bv.""postcancel_seller_prepickup_gt_20""",logistics.logistics_funnel_lbnp_bv,
postcancel_seller_postpickup,Data representing the postcancel seller postpickup.,"logistics.logistics_funnel_lbnp_bv.""postcancel_seller_postpickup""",logistics.logistics_funnel_lbnp_bv,
postcancel_logistics,Data representing the postcancel logistics.,"logistics.logistics_funnel_lbnp_bv.""postcancel_logistics""",logistics.logistics_funnel_lbnp_bv,
postcancel_logistics_prepickup,Data representing the postcancel logistics prepickup.,"logistics.logistics_funnel_lbnp_bv.""postcancel_logistics_prepickup""",logistics.logistics_funnel_lbnp_bv,
postcancel_logistics_prepickup_0_2,Data representing the postcancel logistics prepickup 0 2.,"logistics.logistics_funnel_lbnp_bv.""postcancel_logistics_prepickup_0_2""",logistics.logistics_funnel_lbnp_bv,
postcancel_logistics_prepickup_3_5,Data representing the postcancel logistics prepickup 3 5.,"logistics.logistics_funnel_lbnp_bv.""postcancel_logistics_prepickup_3_5""",logistics.logistics_funnel_lbnp_bv,
postcancel_logistics_prepickup_5_10,Data representing the postcancel logistics prepickup 5 10.,"logistics.logistics_funnel_lbnp_bv.""postcancel_logistics_prepickup_5_10""",logistics.logistics_funnel_lbnp_bv,
postcancel_logistics_prepickup_10_15,Data representing the postcancel logistics prepickup 10 15.,"logistics.logistics_funnel_lbnp_bv.""postcancel_logistics_prepickup_10_15""",logistics.logistics_funnel_lbnp_bv,
postcancel_logistics_prepickup_15_20,Data representing the postcancel logistics prepickup 15 20.,"logistics.logistics_funnel_lbnp_bv.""postcancel_logistics_prepickup_15_20""",logistics.logistics_funnel_lbnp_bv,
postcancel_logistics_prepickup_gt_20,Data representing the postcancel logistics prepickup gt 20.,"logistics.logistics_funnel_lbnp_bv.""postcancel_logistics_prepickup_gt_20""",logistics.logistics_funnel_lbnp_bv,
postcancel_logistics_postpickup,Data representing the postcancel logistics postpickup.,"logistics.logistics_funnel_lbnp_bv.""postcancel_logistics_postpickup""",logistics.logistics_funnel_lbnp_bv,
preassigned_open,Data representing the preassigned open.,"logistics.logistics_funnel_lbnp_bv.""preassigned_open""",logistics.logistics_funnel_lbnp_bv,
postassigned_open,Data representing the postassigned open.,"logistics.logistics_funnel_lbnp_bv.""postassigned_open""",logistics.logistics_funnel_lbnp_bv,
total_rquest_lbnp_table,Data representing the total rquest lbnp table.,"logistics.logistics_funnel_lbnp_bv.""total_rquest_lbnp_table""",logistics.logistics_funnel_lbnp_bv,
retail_order_lbnp_table,Data representing the retail order lbnp table.,"logistics.logistics_funnel_lbnp_bv.""retail_order_lbnp_table""",logistics.logistics_funnel_lbnp_bv,
total_confirm_lbnp_table,Data representing the total confirm lbnp table.,"logistics.logistics_funnel_lbnp_bv.""total_confirm_lbnp_table""",logistics.logistics_funnel_lbnp_bv,
Seller NP,Data representing the seller np.,"logistics.logistics_funnel_lbnp_bv.""Seller NP""",logistics.logistics_funnel_lbnp_bv,
Pick Up State,Turn-Around-Time (TAT) measurement.,"logistics.logistics_funnel_lbnp_bv.""Pick Up State""",logistics.logistics_funnel_lbnp_bv,
Delivery State,Turn-Around-Time (TAT) measurement.,"logistics.logistics_funnel_lbnp_bv.""Delivery State""",logistics.logistics_funnel_lbnp_bv,
Pick Up City,City name for the given context.,"logistics.logistics_funnel_lbnp_bv.""Pick Up City""",logistics.logistics_funnel_lbnp_bv,
Delivery City,City name for the given context.,"logistics.logistics_funnel_lbnp_bv.""Delivery City""",logistics.logistics_funnel_lbnp_bv,
Pick Up Tier,Data representing the pick up tier.,"logistics.logistics_funnel_lbnp_bv.""Pick Up Tier""",logistics.logistics_funnel_lbnp_bv,
Delivery Tier,Data representing the delivery tier.,"logistics.logistics_funnel_lbnp_bv.""Delivery Tier""",logistics.logistics_funnel_lbnp_bv,
Pick Up Zone,Data representing the pick up zone.,"logistics.logistics_funnel_lbnp_bv.""Pick Up Zone""",logistics.logistics_funnel_lbnp_bv,
Delivery Zone,Data representing the delivery zone.,"logistics.logistics_funnel_lbnp_bv.""Delivery Zone""",logistics.logistics_funnel_lbnp_bv,
"▼ logistics_funnel_lbnp_stage   (base table, 66 cols)",,,logistics.logistics_funnel_lbnp_stage,
bap_id,Unique identifier for the Buyer App (BAP).,"logistics.logistics_funnel_lbnp_stage.""bap_id""",logistics.logistics_funnel_lbnp_stage,
date,Timestamp or date indicating when date occurred.,"logistics.logistics_funnel_lbnp_stage.""date""",logistics.logistics_funnel_lbnp_stage,
linked,Data representing the linked.,"logistics.logistics_funnel_lbnp_stage.""linked""",logistics.logistics_funnel_lbnp_stage,
pick_up_pincode,Indian postal code (pincode).,"logistics.logistics_funnel_lbnp_stage.""pick_up_pincode""",logistics.logistics_funnel_lbnp_stage,
delivery_pincode,Indian postal code (pincode).,"logistics.logistics_funnel_lbnp_stage.""delivery_pincode""",logistics.logistics_funnel_lbnp_stage,
retail_category,Timestamp or date indicating when retail category occurred.,"logistics.logistics_funnel_lbnp_stage.""retail_category""",logistics.logistics_funnel_lbnp_stage,
shipment_type,Data representing the shipment type.,"logistics.logistics_funnel_lbnp_stage.""shipment_type""",logistics.logistics_funnel_lbnp_stage,
fulfillment_type,Data representing the fulfillment type.,"logistics.logistics_funnel_lbnp_stage.""fulfillment_type""",logistics.logistics_funnel_lbnp_stage,
request,Data representing the request.,"logistics.logistics_funnel_lbnp_stage.""request""",logistics.logistics_funnel_lbnp_stage,
unique_retail_order,Data representing the unique retail order.,"logistics.logistics_funnel_lbnp_stage.""unique_retail_order""",logistics.logistics_funnel_lbnp_stage,
on_confirms,Data representing the on confirms.,"logistics.logistics_funnel_lbnp_stage.""on_confirms""",logistics.logistics_funnel_lbnp_stage,
confirmed_orders,Data representing the confirmed orders.,"logistics.logistics_funnel_lbnp_stage.""confirmed_orders""",logistics.logistics_funnel_lbnp_stage,
assigned,Data representing the assigned.,"logistics.logistics_funnel_lbnp_stage.""assigned""",logistics.logistics_funnel_lbnp_stage,
delivered,Data representing the delivered.,"logistics.logistics_funnel_lbnp_stage.""delivered""",logistics.logistics_funnel_lbnp_stage,
preassigned_cancel,Data representing the preassigned cancel.,"logistics.logistics_funnel_lbnp_stage.""preassigned_cancel""",logistics.logistics_funnel_lbnp_stage,
precancel_buyer,Data representing the precancel buyer.,"logistics.logistics_funnel_lbnp_stage.""precancel_buyer""",logistics.logistics_funnel_lbnp_stage,
precancel_buyer_0_2,Data representing the precancel buyer 0 2.,"logistics.logistics_funnel_lbnp_stage.""precancel_buyer_0_2""",logistics.logistics_funnel_lbnp_stage,
precancel_buyer_3_5,Data representing the precancel buyer 3 5.,"logistics.logistics_funnel_lbnp_stage.""precancel_buyer_3_5""",logistics.logistics_funnel_lbnp_stage,
precancel_buyer_5_10,Data representing the precancel buyer 5 10.,"logistics.logistics_funnel_lbnp_stage.""precancel_buyer_5_10""",logistics.logistics_funnel_lbnp_stage,
precancel_buyer_10_15,Data representing the precancel buyer 10 15.,"logistics.logistics_funnel_lbnp_stage.""precancel_buyer_10_15""",logistics.logistics_funnel_lbnp_stage,
precancel_buyer_15_20,Data representing the precancel buyer 15 20.,"logistics.logistics_funnel_lbnp_stage.""precancel_buyer_15_20""",logistics.logistics_funnel_lbnp_stage,
precancel_buyer_gt_20,Data representing the precancel buyer gt 20.,"logistics.logistics_funnel_lbnp_stage.""precancel_buyer_gt_20""",logistics.logistics_funnel_lbnp_stage,
precancel_seller,Data representing the precancel seller.,"logistics.logistics_funnel_lbnp_stage.""precancel_seller""",logistics.logistics_funnel_lbnp_stage,
precancel_seller_0_2,Data representing the precancel seller 0 2.,"logistics.logistics_funnel_lbnp_stage.""precancel_seller_0_2""",logistics.logistics_funnel_lbnp_stage,
precancel_seller_3_5,Data representing the precancel seller 3 5.,"logistics.logistics_funnel_lbnp_stage.""precancel_seller_3_5""",logistics.logistics_funnel_lbnp_stage,
precancel_seller_5_10,Data representing the precancel seller 5 10.,"logistics.logistics_funnel_lbnp_stage.""precancel_seller_5_10""",logistics.logistics_funnel_lbnp_stage,
precancel_seller_10_15,Data representing the precancel seller 10 15.,"logistics.logistics_funnel_lbnp_stage.""precancel_seller_10_15""",logistics.logistics_funnel_lbnp_stage,
precancel_seller_15_20,Data representing the precancel seller 15 20.,"logistics.logistics_funnel_lbnp_stage.""precancel_seller_15_20""",logistics.logistics_funnel_lbnp_stage,
precancel_seller_gt_20,Data representing the precancel seller gt 20.,"logistics.logistics_funnel_lbnp_stage.""precancel_seller_gt_20""",logistics.logistics_funnel_lbnp_stage,
precancel_logistics,Data representing the precancel logistics.,"logistics.logistics_funnel_lbnp_stage.""precancel_logistics""",logistics.logistics_funnel_lbnp_stage,
precancel_logistics_0_2,Data representing the precancel logistics 0 2.,"logistics.logistics_funnel_lbnp_stage.""precancel_logistics_0_2""",logistics.logistics_funnel_lbnp_stage,
precancel_logistics_3_5,Data representing the precancel logistics 3 5.,"logistics.logistics_funnel_lbnp_stage.""precancel_logistics_3_5""",logistics.logistics_funnel_lbnp_stage,
precancel_logistics_5_10,Data representing the precancel logistics 5 10.,"logistics.logistics_funnel_lbnp_stage.""precancel_logistics_5_10""",logistics.logistics_funnel_lbnp_stage,
precancel_logistics_10_15,Data representing the precancel logistics 10 15.,"logistics.logistics_funnel_lbnp_stage.""precancel_logistics_10_15""",logistics.logistics_funnel_lbnp_stage,
precancel_logistics_15_20,Data representing the precancel logistics 15 20.,"logistics.logistics_funnel_lbnp_stage.""precancel_logistics_15_20""",logistics.logistics_funnel_lbnp_stage,
precancel_logistics_gt_20,Data representing the precancel logistics gt 20.,"logistics.logistics_funnel_lbnp_stage.""precancel_logistics_gt_20""",logistics.logistics_funnel_lbnp_stage,
postassigned_cancel,Data representing the postassigned cancel.,"logistics.logistics_funnel_lbnp_stage.""postassigned_cancel""",logistics.logistics_funnel_lbnp_stage,
postcancel_buyer,Data representing the postcancel buyer.,"logistics.logistics_funnel_lbnp_stage.""postcancel_buyer""",logistics.logistics_funnel_lbnp_stage,
postcancel_buyer_prepickup,Data representing the postcancel buyer prepickup.,"logistics.logistics_funnel_lbnp_stage.""postcancel_buyer_prepickup""",logistics.logistics_funnel_lbnp_stage,
postcancel_buyer_prepickup_0_2,Data representing the postcancel buyer prepickup 0 2.,"logistics.logistics_funnel_lbnp_stage.""postcancel_buyer_prepickup_0_2""",logistics.logistics_funnel_lbnp_stage,
postcancel_buyer_prepickup_3_5,Data representing the postcancel buyer prepickup 3 5.,"logistics.logistics_funnel_lbnp_stage.""postcancel_buyer_prepickup_3_5""",logistics.logistics_funnel_lbnp_stage,
postcancel_buyer_prepickup_5_10,Data representing the postcancel buyer prepickup 5 10.,"logistics.logistics_funnel_lbnp_stage.""postcancel_buyer_prepickup_5_10""",logistics.logistics_funnel_lbnp_stage,
postcancel_buyer_prepickup_10_15,Data representing the postcancel buyer prepickup 10 15.,"logistics.logistics_funnel_lbnp_stage.""postcancel_buyer_prepickup_10_15""",logistics.logistics_funnel_lbnp_stage,
postcancel_buyer_prepickup_15_20,Data representing the postcancel buyer prepickup 15 20.,"logistics.logistics_funnel_lbnp_stage.""postcancel_buyer_prepickup_15_20""",logistics.logistics_funnel_lbnp_stage,
postcancel_buyer_prepickup_gt_20,Data representing the postcancel buyer prepickup gt 20.,"logistics.logistics_funnel_lbnp_stage.""postcancel_buyer_prepickup_gt_20""",logistics.logistics_funnel_lbnp_stage,
postcancel_buyer_postpickup,Data representing the postcancel buyer postpickup.,"logistics.logistics_funnel_lbnp_stage.""postcancel_buyer_postpickup""",logistics.logistics_funnel_lbnp_stage,
postcancel_seller,Data representing the postcancel seller.,"logistics.logistics_funnel_lbnp_stage.""postcancel_seller""",logistics.logistics_funnel_lbnp_stage,
postcancel_seller_prepickup,Data representing the postcancel seller prepickup.,"logistics.logistics_funnel_lbnp_stage.""postcancel_seller_prepickup""",logistics.logistics_funnel_lbnp_stage,
postcancel_seller_prepickup_0_2,Data representing the postcancel seller prepickup 0 2.,"logistics.logistics_funnel_lbnp_stage.""postcancel_seller_prepickup_0_2""",logistics.logistics_funnel_lbnp_stage,
postcancel_seller_prepickup_3_5,Data representing the postcancel seller prepickup 3 5.,"logistics.logistics_funnel_lbnp_stage.""postcancel_seller_prepickup_3_5""",logistics.logistics_funnel_lbnp_stage,
postcancel_seller_prepickup_5_10,Data representing the postcancel seller prepickup 5 10.,"logistics.logistics_funnel_lbnp_stage.""postcancel_seller_prepickup_5_10""",logistics.logistics_funnel_lbnp_stage,
postcancel_seller_prepickup_10_15,Data representing the postcancel seller prepickup 10 15.,"logistics.logistics_funnel_lbnp_stage.""postcancel_seller_prepickup_10_15""",logistics.logistics_funnel_lbnp_stage,
postcancel_seller_prepickup_15_20,Data representing the postcancel seller prepickup 15 20.,"logistics.logistics_funnel_lbnp_stage.""postcancel_seller_prepickup_15_20""",logistics.logistics_funnel_lbnp_stage,
postcancel_seller_prepickup_gt_20,Data representing the postcancel seller prepickup gt 20.,"logistics.logistics_funnel_lbnp_stage.""postcancel_seller_prepickup_gt_20""",logistics.logistics_funnel_lbnp_stage,
postcancel_seller_postpickup,Data representing the postcancel seller postpickup.,"logistics.logistics_funnel_lbnp_stage.""postcancel_seller_postpickup""",logistics.logistics_funnel_lbnp_stage,
postcancel_logistics,Data representing the postcancel logistics.,"logistics.logistics_funnel_lbnp_stage.""postcancel_logistics""",logistics.logistics_funnel_lbnp_stage,
postcancel_logistics_prepickup,Data representing the postcancel logistics prepickup.,"logistics.logistics_funnel_lbnp_stage.""postcancel_logistics_prepickup""",logistics.logistics_funnel_lbnp_stage,
postcancel_logistics_prepickup_0_2,Data representing the postcancel logistics prepickup 0 2.,"logistics.logistics_funnel_lbnp_stage.""postcancel_logistics_prepickup_0_2""",logistics.logistics_funnel_lbnp_stage,
postcancel_logistics_prepickup_3_5,Data representing the postcancel logistics prepickup 3 5.,"logistics.logistics_funnel_lbnp_stage.""postcancel_logistics_prepickup_3_5""",logistics.logistics_funnel_lbnp_stage,
postcancel_logistics_prepickup_5_10,Data representing the postcancel logistics prepickup 5 10.,"logistics.logistics_funnel_lbnp_stage.""postcancel_logistics_prepickup_5_10""",logistics.logistics_funnel_lbnp_stage,
postcancel_logistics_prepickup_10_15,Data representing the postcancel logistics prepickup 10 15.,"logistics.logistics_funnel_lbnp_stage.""postcancel_logistics_prepickup_10_15""",logistics.logistics_funnel_lbnp_stage,
postcancel_logistics_prepickup_15_20,Data representing the postcancel logistics prepickup 15 20.,"logistics.logistics_funnel_lbnp_stage.""postcancel_logistics_prepickup_15_20""",logistics.logistics_funnel_lbnp_stage,
postcancel_logistics_prepickup_gt_20,Data representing the postcancel logistics prepickup gt 20.,"logistics.logistics_funnel_lbnp_stage.""postcancel_logistics_prepickup_gt_20""",logistics.logistics_funnel_lbnp_stage,
postcancel_logistics_postpickup,Data representing the postcancel logistics postpickup.,"logistics.logistics_funnel_lbnp_stage.""postcancel_logistics_postpickup""",logistics.logistics_funnel_lbnp_stage,
preassigned_open,Data representing the preassigned open.,"logistics.logistics_funnel_lbnp_stage.""preassigned_open""",logistics.logistics_funnel_lbnp_stage,
postassigned_open,Data representing the postassigned open.,"logistics.logistics_funnel_lbnp_stage.""postassigned_open""",logistics.logistics_funnel_lbnp_stage,
"▼ logistics_funnel_lsp   (base table, 67 cols)",,,logistics.logistics_funnel_lsp,
bap_id,Unique identifier for the Buyer App (BAP).,"logistics.logistics_funnel_lsp.""bap_id""",logistics.logistics_funnel_lsp,
bpp_id,Unique identifier for the Seller App (BPP).,"logistics.logistics_funnel_lsp.""bpp_id""",logistics.logistics_funnel_lsp,
date,Timestamp or date indicating when date occurred.,"logistics.logistics_funnel_lsp.""date""",logistics.logistics_funnel_lsp,
linked,Data representing the linked.,"logistics.logistics_funnel_lsp.""linked""",logistics.logistics_funnel_lsp,
pick_up_pincode,Indian postal code (pincode).,"logistics.logistics_funnel_lsp.""pick_up_pincode""",logistics.logistics_funnel_lsp,
delivery_pincode,Indian postal code (pincode).,"logistics.logistics_funnel_lsp.""delivery_pincode""",logistics.logistics_funnel_lsp,
retail_category,Timestamp or date indicating when retail category occurred.,"logistics.logistics_funnel_lsp.""retail_category""",logistics.logistics_funnel_lsp,
shipment_type,Data representing the shipment type.,"logistics.logistics_funnel_lsp.""shipment_type""",logistics.logistics_funnel_lsp,
fulfillment_type,Data representing the fulfillment type.,"logistics.logistics_funnel_lsp.""fulfillment_type""",logistics.logistics_funnel_lsp,
request,Data representing the request.,"logistics.logistics_funnel_lsp.""request""",logistics.logistics_funnel_lsp,
unique_retail_order,Data representing the unique retail order.,"logistics.logistics_funnel_lsp.""unique_retail_order""",logistics.logistics_funnel_lsp,
on_confirms,Data representing the on confirms.,"logistics.logistics_funnel_lsp.""on_confirms""",logistics.logistics_funnel_lsp,
confirmed_orders,Data representing the confirmed orders.,"logistics.logistics_funnel_lsp.""confirmed_orders""",logistics.logistics_funnel_lsp,
assigned,Data representing the assigned.,"logistics.logistics_funnel_lsp.""assigned""",logistics.logistics_funnel_lsp,
delivered,Data representing the delivered.,"logistics.logistics_funnel_lsp.""delivered""",logistics.logistics_funnel_lsp,
preassigned_cancel,Data representing the preassigned cancel.,"logistics.logistics_funnel_lsp.""preassigned_cancel""",logistics.logistics_funnel_lsp,
precancel_buyer,Data representing the precancel buyer.,"logistics.logistics_funnel_lsp.""precancel_buyer""",logistics.logistics_funnel_lsp,
precancel_buyer_0_2,Data representing the precancel buyer 0 2.,"logistics.logistics_funnel_lsp.""precancel_buyer_0_2""",logistics.logistics_funnel_lsp,
precancel_buyer_3_5,Data representing the precancel buyer 3 5.,"logistics.logistics_funnel_lsp.""precancel_buyer_3_5""",logistics.logistics_funnel_lsp,
precancel_buyer_5_10,Data representing the precancel buyer 5 10.,"logistics.logistics_funnel_lsp.""precancel_buyer_5_10""",logistics.logistics_funnel_lsp,
precancel_buyer_10_15,Data representing the precancel buyer 10 15.,"logistics.logistics_funnel_lsp.""precancel_buyer_10_15""",logistics.logistics_funnel_lsp,
precancel_buyer_15_20,Data representing the precancel buyer 15 20.,"logistics.logistics_funnel_lsp.""precancel_buyer_15_20""",logistics.logistics_funnel_lsp,
precancel_buyer_gt_20,Data representing the precancel buyer gt 20.,"logistics.logistics_funnel_lsp.""precancel_buyer_gt_20""",logistics.logistics_funnel_lsp,
precancel_seller,Data representing the precancel seller.,"logistics.logistics_funnel_lsp.""precancel_seller""",logistics.logistics_funnel_lsp,
precancel_seller_0_2,Data representing the precancel seller 0 2.,"logistics.logistics_funnel_lsp.""precancel_seller_0_2""",logistics.logistics_funnel_lsp,
precancel_seller_3_5,Data representing the precancel seller 3 5.,"logistics.logistics_funnel_lsp.""precancel_seller_3_5""",logistics.logistics_funnel_lsp,
precancel_seller_5_10,Data representing the precancel seller 5 10.,"logistics.logistics_funnel_lsp.""precancel_seller_5_10""",logistics.logistics_funnel_lsp,
precancel_seller_10_15,Data representing the precancel seller 10 15.,"logistics.logistics_funnel_lsp.""precancel_seller_10_15""",logistics.logistics_funnel_lsp,
precancel_seller_15_20,Data representing the precancel seller 15 20.,"logistics.logistics_funnel_lsp.""precancel_seller_15_20""",logistics.logistics_funnel_lsp,
precancel_seller_gt_20,Data representing the precancel seller gt 20.,"logistics.logistics_funnel_lsp.""precancel_seller_gt_20""",logistics.logistics_funnel_lsp,
precancel_logistics,Data representing the precancel logistics.,"logistics.logistics_funnel_lsp.""precancel_logistics""",logistics.logistics_funnel_lsp,
precancel_logistics_0_2,Data representing the precancel logistics 0 2.,"logistics.logistics_funnel_lsp.""precancel_logistics_0_2""",logistics.logistics_funnel_lsp,
precancel_logistics_3_5,Data representing the precancel logistics 3 5.,"logistics.logistics_funnel_lsp.""precancel_logistics_3_5""",logistics.logistics_funnel_lsp,
precancel_logistics_5_10,Data representing the precancel logistics 5 10.,"logistics.logistics_funnel_lsp.""precancel_logistics_5_10""",logistics.logistics_funnel_lsp,
precancel_logistics_10_15,Data representing the precancel logistics 10 15.,"logistics.logistics_funnel_lsp.""precancel_logistics_10_15""",logistics.logistics_funnel_lsp,
precancel_logistics_15_20,Data representing the precancel logistics 15 20.,"logistics.logistics_funnel_lsp.""precancel_logistics_15_20""",logistics.logistics_funnel_lsp,
precancel_logistics_gt_20,Data representing the precancel logistics gt 20.,"logistics.logistics_funnel_lsp.""precancel_logistics_gt_20""",logistics.logistics_funnel_lsp,
postassigned_cancel,Data representing the postassigned cancel.,"logistics.logistics_funnel_lsp.""postassigned_cancel""",logistics.logistics_funnel_lsp,
postcancel_buyer,Data representing the postcancel buyer.,"logistics.logistics_funnel_lsp.""postcancel_buyer""",logistics.logistics_funnel_lsp,
postcancel_buyer_prepickup,Data representing the postcancel buyer prepickup.,"logistics.logistics_funnel_lsp.""postcancel_buyer_prepickup""",logistics.logistics_funnel_lsp,
postcancel_buyer_prepickup_0_2,Data representing the postcancel buyer prepickup 0 2.,"logistics.logistics_funnel_lsp.""postcancel_buyer_prepickup_0_2""",logistics.logistics_funnel_lsp,
postcancel_buyer_prepickup_3_5,Data representing the postcancel buyer prepickup 3 5.,"logistics.logistics_funnel_lsp.""postcancel_buyer_prepickup_3_5""",logistics.logistics_funnel_lsp,
postcancel_buyer_prepickup_5_10,Data representing the postcancel buyer prepickup 5 10.,"logistics.logistics_funnel_lsp.""postcancel_buyer_prepickup_5_10""",logistics.logistics_funnel_lsp,
postcancel_buyer_prepickup_10_15,Data representing the postcancel buyer prepickup 10 15.,"logistics.logistics_funnel_lsp.""postcancel_buyer_prepickup_10_15""",logistics.logistics_funnel_lsp,
postcancel_buyer_prepickup_15_20,Data representing the postcancel buyer prepickup 15 20.,"logistics.logistics_funnel_lsp.""postcancel_buyer_prepickup_15_20""",logistics.logistics_funnel_lsp,
postcancel_buyer_prepickup_gt_20,Data representing the postcancel buyer prepickup gt 20.,"logistics.logistics_funnel_lsp.""postcancel_buyer_prepickup_gt_20""",logistics.logistics_funnel_lsp,
postcancel_buyer_postpickup,Data representing the postcancel buyer postpickup.,"logistics.logistics_funnel_lsp.""postcancel_buyer_postpickup""",logistics.logistics_funnel_lsp,
postcancel_seller,Data representing the postcancel seller.,"logistics.logistics_funnel_lsp.""postcancel_seller""",logistics.logistics_funnel_lsp,
postcancel_seller_prepickup,Data representing the postcancel seller prepickup.,"logistics.logistics_funnel_lsp.""postcancel_seller_prepickup""",logistics.logistics_funnel_lsp,
postcancel_seller_prepickup_0_2,Data representing the postcancel seller prepickup 0 2.,"logistics.logistics_funnel_lsp.""postcancel_seller_prepickup_0_2""",logistics.logistics_funnel_lsp,
postcancel_seller_prepickup_3_5,Data representing the postcancel seller prepickup 3 5.,"logistics.logistics_funnel_lsp.""postcancel_seller_prepickup_3_5""",logistics.logistics_funnel_lsp,
postcancel_seller_prepickup_5_10,Data representing the postcancel seller prepickup 5 10.,"logistics.logistics_funnel_lsp.""postcancel_seller_prepickup_5_10""",logistics.logistics_funnel_lsp,
postcancel_seller_prepickup_10_15,Data representing the postcancel seller prepickup 10 15.,"logistics.logistics_funnel_lsp.""postcancel_seller_prepickup_10_15""",logistics.logistics_funnel_lsp,
postcancel_seller_prepickup_15_20,Data representing the postcancel seller prepickup 15 20.,"logistics.logistics_funnel_lsp.""postcancel_seller_prepickup_15_20""",logistics.logistics_funnel_lsp,
postcancel_seller_prepickup_gt_20,Data representing the postcancel seller prepickup gt 20.,"logistics.logistics_funnel_lsp.""postcancel_seller_prepickup_gt_20""",logistics.logistics_funnel_lsp,
postcancel_seller_postpickup,Data representing the postcancel seller postpickup.,"logistics.logistics_funnel_lsp.""postcancel_seller_postpickup""",logistics.logistics_funnel_lsp,
postcancel_logistics,Data representing the postcancel logistics.,"logistics.logistics_funnel_lsp.""postcancel_logistics""",logistics.logistics_funnel_lsp,
postcancel_logistics_prepickup,Data representing the postcancel logistics prepickup.,"logistics.logistics_funnel_lsp.""postcancel_logistics_prepickup""",logistics.logistics_funnel_lsp,
postcancel_logistics_prepickup_0_2,Data representing the postcancel logistics prepickup 0 2.,"logistics.logistics_funnel_lsp.""postcancel_logistics_prepickup_0_2""",logistics.logistics_funnel_lsp,
postcancel_logistics_prepickup_3_5,Data representing the postcancel logistics prepickup 3 5.,"logistics.logistics_funnel_lsp.""postcancel_logistics_prepickup_3_5""",logistics.logistics_funnel_lsp,
postcancel_logistics_prepickup_5_10,Data representing the postcancel logistics prepickup 5 10.,"logistics.logistics_funnel_lsp.""postcancel_logistics_prepickup_5_10""",logistics.logistics_funnel_lsp,
postcancel_logistics_prepickup_10_15,Data representing the postcancel logistics prepickup 10 15.,"logistics.logistics_funnel_lsp.""postcancel_logistics_prepickup_10_15""",logistics.logistics_funnel_lsp,
postcancel_logistics_prepickup_15_20,Data representing the postcancel logistics prepickup 15 20.,"logistics.logistics_funnel_lsp.""postcancel_logistics_prepickup_15_20""",logistics.logistics_funnel_lsp,
postcancel_logistics_prepickup_gt_20,Data representing the postcancel logistics prepickup gt 20.,"logistics.logistics_funnel_lsp.""postcancel_logistics_prepickup_gt_20""",logistics.logistics_funnel_lsp,
postcancel_logistics_postpickup,Data representing the postcancel logistics postpickup.,"logistics.logistics_funnel_lsp.""postcancel_logistics_postpickup""",logistics.logistics_funnel_lsp,
preassigned_open,Data representing the preassigned open.,"logistics.logistics_funnel_lsp.""preassigned_open""",logistics.logistics_funnel_lsp,
postassigned_open,Data representing the postassigned open.,"logistics.logistics_funnel_lsp.""postassigned_open""",logistics.logistics_funnel_lsp,
"▼ logistics_funnel_lsp_bv   (view, 80 cols)",,,logistics.logistics_funnel_lsp_bv,"SELECT lfl.bap_id,
    lfl.bpp_id,
    lfl.date,
    lfl.linked,
    lfl.pick_up_pincode,
    lfl.delivery_pincode,
    lfl.retail_category,
    lfl.shipment_type,
    lfl.fulfillment_type,
    lfl.request,
    lfl.unique_retail_order,
    lfl.on_confirms,
    lfl.confirmed_orders,
    lfl.assigned,
    lfl.delivered,
    lfl.preassigned_cancel,
    lfl.precancel_buyer,
    lfl.precancel_buyer_0_2,
    lfl.precancel_buyer_3_5,
    lfl.precancel_buyer_5_10,
    lfl.precancel_buyer_10_15,
    lfl.precancel_buyer_15_20,
    lfl.precancel_buyer_gt_20,
    lfl.precancel_seller,
    lfl.precancel_seller_0_2,
    lfl.precancel_seller_3_5,
    lfl.precancel_seller_5_10,
    lfl.precancel_seller_10_15,
    lfl.precancel_seller_15_20,
    lfl.precancel_seller_gt_20,
    lfl.precancel_logistics,
    lfl.precancel_logistics_0_2,
    lfl.precancel_logistics_3_5,
    lfl.precancel_logistics_5_10,
    lfl.precancel_logistics_10_15,
    lfl.precancel_logistics_15_20,
    lfl.precancel_logistics_gt_20,
    lfl.postassigned_cancel,
    lfl.postcancel_buyer,
    lfl.postcancel_buyer_prepickup,
    lfl.postcancel_buyer_prepickup_0_2,
    lfl.postcancel_buyer_prepickup_3_5,
    lfl.postcancel_buyer_prepickup_5_10,
    lfl.postcancel_buyer_prepickup_10_15,
    lfl.postcancel_buyer_prepickup_15_20,
    lfl.postcancel_buyer_prepickup_gt_20,
    lfl.postcancel_buyer_postpickup,
    lfl.postcancel_seller,
    lfl.postcancel_seller_prepickup,
    lfl.postcancel_seller_prepickup_0_2,
    lfl.postcancel_seller_prepickup_3_5,
    lfl.postcancel_seller_prepickup_5_10,
    lfl.postcancel_seller_prepickup_10_15,
    lfl.postcancel_seller_prepickup_15_20,
    lfl.postcancel_seller_prepickup_gt_20,
    lfl.postcancel_seller_postpickup,
    lfl.postcancel_logistics,
    lfl.postcancel_logistics_prepickup,
    lfl.postcancel_logistics_prepickup_0_2,
    lfl.postcancel_logistics_prepickup_3_5,
    lfl.postcancel_logistics_prepickup_5_10,
    lfl.postcancel_logistics_prepickup_10_15,
    lfl.postcancel_logistics_prepickup_15_20,
    lfl.postcancel_logistics_prepickup_gt_20,
    lfl.postcancel_logistics_postpickup,
    lfl.preassigned_open,
    lfl.postassigned_open,
    lfl.request AS total_request_lsp,
    lfl.confirmed_orders AS total_confirm_lsp_table,
    lfl.unique_retail_order AS total_unique_retail_order_lsp,
    lnp.logistics_np_name AS ""Logistics Network Partner"",
    snp.seller_np_name AS ""Seller NP"",
    sp.statename AS ""Pick Up State"",
    dp.statename AS ""Delivery State"",
    sp.districtname AS ""Pick Up City"",
    dp.districtname AS ""Delivery City"",
    sp.tier AS ""Pick Up Tier"",
    dp.tier AS ""Delivery Tier"",
    sp.zones AS ""Pick Up Zone"",
    dp.zones AS ""Delivery Zone""
   FROM logistics.logistics_funnel_lsp lfl
     LEFT JOIN dimension.dim_logistics_np lnp ON lfl.bpp_id::text = lnp.logistics_np::text
     LEFT JOIN dimension.dim_logistics_seller_np snp ON lfl.bap_id::text = snp.seller_np::text
     LEFT JOIN dimension.dim_pincode sp ON lfl.pick_up_pincode::text = sp.pincode::text
     LEFT JOIN dimension.dim_pincode dp ON lfl.delivery_pincode::text = dp.pincode::text;"
bap_id,Unique identifier for the Buyer App (BAP).,"logistics.logistics_funnel_lsp_bv.""bap_id""",logistics.logistics_funnel_lsp_bv,
bpp_id,Unique identifier for the Seller App (BPP).,"logistics.logistics_funnel_lsp_bv.""bpp_id""",logistics.logistics_funnel_lsp_bv,
date,Timestamp or date indicating when date occurred.,"logistics.logistics_funnel_lsp_bv.""date""",logistics.logistics_funnel_lsp_bv,
linked,Data representing the linked.,"logistics.logistics_funnel_lsp_bv.""linked""",logistics.logistics_funnel_lsp_bv,
pick_up_pincode,Indian postal code (pincode).,"logistics.logistics_funnel_lsp_bv.""pick_up_pincode""",logistics.logistics_funnel_lsp_bv,
delivery_pincode,Indian postal code (pincode).,"logistics.logistics_funnel_lsp_bv.""delivery_pincode""",logistics.logistics_funnel_lsp_bv,
retail_category,Timestamp or date indicating when retail category occurred.,"logistics.logistics_funnel_lsp_bv.""retail_category""",logistics.logistics_funnel_lsp_bv,
shipment_type,Data representing the shipment type.,"logistics.logistics_funnel_lsp_bv.""shipment_type""",logistics.logistics_funnel_lsp_bv,
fulfillment_type,Data representing the fulfillment type.,"logistics.logistics_funnel_lsp_bv.""fulfillment_type""",logistics.logistics_funnel_lsp_bv,
request,Data representing the request.,"logistics.logistics_funnel_lsp_bv.""request""",logistics.logistics_funnel_lsp_bv,
unique_retail_order,Data representing the unique retail order.,"logistics.logistics_funnel_lsp_bv.""unique_retail_order""",logistics.logistics_funnel_lsp_bv,
on_confirms,Data representing the on confirms.,"logistics.logistics_funnel_lsp_bv.""on_confirms""",logistics.logistics_funnel_lsp_bv,
confirmed_orders,Data representing the confirmed orders.,"logistics.logistics_funnel_lsp_bv.""confirmed_orders""",logistics.logistics_funnel_lsp_bv,
assigned,Data representing the assigned.,"logistics.logistics_funnel_lsp_bv.""assigned""",logistics.logistics_funnel_lsp_bv,
delivered,Data representing the delivered.,"logistics.logistics_funnel_lsp_bv.""delivered""",logistics.logistics_funnel_lsp_bv,
preassigned_cancel,Data representing the preassigned cancel.,"logistics.logistics_funnel_lsp_bv.""preassigned_cancel""",logistics.logistics_funnel_lsp_bv,
precancel_buyer,Data representing the precancel buyer.,"logistics.logistics_funnel_lsp_bv.""precancel_buyer""",logistics.logistics_funnel_lsp_bv,
precancel_buyer_0_2,Data representing the precancel buyer 0 2.,"logistics.logistics_funnel_lsp_bv.""precancel_buyer_0_2""",logistics.logistics_funnel_lsp_bv,
precancel_buyer_3_5,Data representing the precancel buyer 3 5.,"logistics.logistics_funnel_lsp_bv.""precancel_buyer_3_5""",logistics.logistics_funnel_lsp_bv,
precancel_buyer_5_10,Data representing the precancel buyer 5 10.,"logistics.logistics_funnel_lsp_bv.""precancel_buyer_5_10""",logistics.logistics_funnel_lsp_bv,
precancel_buyer_10_15,Data representing the precancel buyer 10 15.,"logistics.logistics_funnel_lsp_bv.""precancel_buyer_10_15""",logistics.logistics_funnel_lsp_bv,
precancel_buyer_15_20,Data representing the precancel buyer 15 20.,"logistics.logistics_funnel_lsp_bv.""precancel_buyer_15_20""",logistics.logistics_funnel_lsp_bv,
precancel_buyer_gt_20,Data representing the precancel buyer gt 20.,"logistics.logistics_funnel_lsp_bv.""precancel_buyer_gt_20""",logistics.logistics_funnel_lsp_bv,
precancel_seller,Data representing the precancel seller.,"logistics.logistics_funnel_lsp_bv.""precancel_seller""",logistics.logistics_funnel_lsp_bv,
precancel_seller_0_2,Data representing the precancel seller 0 2.,"logistics.logistics_funnel_lsp_bv.""precancel_seller_0_2""",logistics.logistics_funnel_lsp_bv,
precancel_seller_3_5,Data representing the precancel seller 3 5.,"logistics.logistics_funnel_lsp_bv.""precancel_seller_3_5""",logistics.logistics_funnel_lsp_bv,
precancel_seller_5_10,Data representing the precancel seller 5 10.,"logistics.logistics_funnel_lsp_bv.""precancel_seller_5_10""",logistics.logistics_funnel_lsp_bv,
precancel_seller_10_15,Data representing the precancel seller 10 15.,"logistics.logistics_funnel_lsp_bv.""precancel_seller_10_15""",logistics.logistics_funnel_lsp_bv,
precancel_seller_15_20,Data representing the precancel seller 15 20.,"logistics.logistics_funnel_lsp_bv.""precancel_seller_15_20""",logistics.logistics_funnel_lsp_bv,
precancel_seller_gt_20,Data representing the precancel seller gt 20.,"logistics.logistics_funnel_lsp_bv.""precancel_seller_gt_20""",logistics.logistics_funnel_lsp_bv,
precancel_logistics,Data representing the precancel logistics.,"logistics.logistics_funnel_lsp_bv.""precancel_logistics""",logistics.logistics_funnel_lsp_bv,
precancel_logistics_0_2,Data representing the precancel logistics 0 2.,"logistics.logistics_funnel_lsp_bv.""precancel_logistics_0_2""",logistics.logistics_funnel_lsp_bv,
precancel_logistics_3_5,Data representing the precancel logistics 3 5.,"logistics.logistics_funnel_lsp_bv.""precancel_logistics_3_5""",logistics.logistics_funnel_lsp_bv,
precancel_logistics_5_10,Data representing the precancel logistics 5 10.,"logistics.logistics_funnel_lsp_bv.""precancel_logistics_5_10""",logistics.logistics_funnel_lsp_bv,
precancel_logistics_10_15,Data representing the precancel logistics 10 15.,"logistics.logistics_funnel_lsp_bv.""precancel_logistics_10_15""",logistics.logistics_funnel_lsp_bv,
precancel_logistics_15_20,Data representing the precancel logistics 15 20.,"logistics.logistics_funnel_lsp_bv.""precancel_logistics_15_20""",logistics.logistics_funnel_lsp_bv,
precancel_logistics_gt_20,Data representing the precancel logistics gt 20.,"logistics.logistics_funnel_lsp_bv.""precancel_logistics_gt_20""",logistics.logistics_funnel_lsp_bv,
postassigned_cancel,Data representing the postassigned cancel.,"logistics.logistics_funnel_lsp_bv.""postassigned_cancel""",logistics.logistics_funnel_lsp_bv,
postcancel_buyer,Data representing the postcancel buyer.,"logistics.logistics_funnel_lsp_bv.""postcancel_buyer""",logistics.logistics_funnel_lsp_bv,
postcancel_buyer_prepickup,Data representing the postcancel buyer prepickup.,"logistics.logistics_funnel_lsp_bv.""postcancel_buyer_prepickup""",logistics.logistics_funnel_lsp_bv,
postcancel_buyer_prepickup_0_2,Data representing the postcancel buyer prepickup 0 2.,"logistics.logistics_funnel_lsp_bv.""postcancel_buyer_prepickup_0_2""",logistics.logistics_funnel_lsp_bv,
postcancel_buyer_prepickup_3_5,Data representing the postcancel buyer prepickup 3 5.,"logistics.logistics_funnel_lsp_bv.""postcancel_buyer_prepickup_3_5""",logistics.logistics_funnel_lsp_bv,
postcancel_buyer_prepickup_5_10,Data representing the postcancel buyer prepickup 5 10.,"logistics.logistics_funnel_lsp_bv.""postcancel_buyer_prepickup_5_10""",logistics.logistics_funnel_lsp_bv,
postcancel_buyer_prepickup_10_15,Data representing the postcancel buyer prepickup 10 15.,"logistics.logistics_funnel_lsp_bv.""postcancel_buyer_prepickup_10_15""",logistics.logistics_funnel_lsp_bv,
postcancel_buyer_prepickup_15_20,Data representing the postcancel buyer prepickup 15 20.,"logistics.logistics_funnel_lsp_bv.""postcancel_buyer_prepickup_15_20""",logistics.logistics_funnel_lsp_bv,
postcancel_buyer_prepickup_gt_20,Data representing the postcancel buyer prepickup gt 20.,"logistics.logistics_funnel_lsp_bv.""postcancel_buyer_prepickup_gt_20""",logistics.logistics_funnel_lsp_bv,
postcancel_buyer_postpickup,Data representing the postcancel buyer postpickup.,"logistics.logistics_funnel_lsp_bv.""postcancel_buyer_postpickup""",logistics.logistics_funnel_lsp_bv,
postcancel_seller,Data representing the postcancel seller.,"logistics.logistics_funnel_lsp_bv.""postcancel_seller""",logistics.logistics_funnel_lsp_bv,
postcancel_seller_prepickup,Data representing the postcancel seller prepickup.,"logistics.logistics_funnel_lsp_bv.""postcancel_seller_prepickup""",logistics.logistics_funnel_lsp_bv,
postcancel_seller_prepickup_0_2,Data representing the postcancel seller prepickup 0 2.,"logistics.logistics_funnel_lsp_bv.""postcancel_seller_prepickup_0_2""",logistics.logistics_funnel_lsp_bv,
postcancel_seller_prepickup_3_5,Data representing the postcancel seller prepickup 3 5.,"logistics.logistics_funnel_lsp_bv.""postcancel_seller_prepickup_3_5""",logistics.logistics_funnel_lsp_bv,
postcancel_seller_prepickup_5_10,Data representing the postcancel seller prepickup 5 10.,"logistics.logistics_funnel_lsp_bv.""postcancel_seller_prepickup_5_10""",logistics.logistics_funnel_lsp_bv,
postcancel_seller_prepickup_10_15,Data representing the postcancel seller prepickup 10 15.,"logistics.logistics_funnel_lsp_bv.""postcancel_seller_prepickup_10_15""",logistics.logistics_funnel_lsp_bv,
postcancel_seller_prepickup_15_20,Data representing the postcancel seller prepickup 15 20.,"logistics.logistics_funnel_lsp_bv.""postcancel_seller_prepickup_15_20""",logistics.logistics_funnel_lsp_bv,
postcancel_seller_prepickup_gt_20,Data representing the postcancel seller prepickup gt 20.,"logistics.logistics_funnel_lsp_bv.""postcancel_seller_prepickup_gt_20""",logistics.logistics_funnel_lsp_bv,
postcancel_seller_postpickup,Data representing the postcancel seller postpickup.,"logistics.logistics_funnel_lsp_bv.""postcancel_seller_postpickup""",logistics.logistics_funnel_lsp_bv,
postcancel_logistics,Data representing the postcancel logistics.,"logistics.logistics_funnel_lsp_bv.""postcancel_logistics""",logistics.logistics_funnel_lsp_bv,
postcancel_logistics_prepickup,Data representing the postcancel logistics prepickup.,"logistics.logistics_funnel_lsp_bv.""postcancel_logistics_prepickup""",logistics.logistics_funnel_lsp_bv,
postcancel_logistics_prepickup_0_2,Data representing the postcancel logistics prepickup 0 2.,"logistics.logistics_funnel_lsp_bv.""postcancel_logistics_prepickup_0_2""",logistics.logistics_funnel_lsp_bv,
postcancel_logistics_prepickup_3_5,Data representing the postcancel logistics prepickup 3 5.,"logistics.logistics_funnel_lsp_bv.""postcancel_logistics_prepickup_3_5""",logistics.logistics_funnel_lsp_bv,
postcancel_logistics_prepickup_5_10,Data representing the postcancel logistics prepickup 5 10.,"logistics.logistics_funnel_lsp_bv.""postcancel_logistics_prepickup_5_10""",logistics.logistics_funnel_lsp_bv,
postcancel_logistics_prepickup_10_15,Data representing the postcancel logistics prepickup 10 15.,"logistics.logistics_funnel_lsp_bv.""postcancel_logistics_prepickup_10_15""",logistics.logistics_funnel_lsp_bv,
postcancel_logistics_prepickup_15_20,Data representing the postcancel logistics prepickup 15 20.,"logistics.logistics_funnel_lsp_bv.""postcancel_logistics_prepickup_15_20""",logistics.logistics_funnel_lsp_bv,
postcancel_logistics_prepickup_gt_20,Data representing the postcancel logistics prepickup gt 20.,"logistics.logistics_funnel_lsp_bv.""postcancel_logistics_prepickup_gt_20""",logistics.logistics_funnel_lsp_bv,
postcancel_logistics_postpickup,Data representing the postcancel logistics postpickup.,"logistics.logistics_funnel_lsp_bv.""postcancel_logistics_postpickup""",logistics.logistics_funnel_lsp_bv,
preassigned_open,Data representing the preassigned open.,"logistics.logistics_funnel_lsp_bv.""preassigned_open""",logistics.logistics_funnel_lsp_bv,
postassigned_open,Data representing the postassigned open.,"logistics.logistics_funnel_lsp_bv.""postassigned_open""",logistics.logistics_funnel_lsp_bv,
total_request_lsp,Logistics Service Provider reference.,"logistics.logistics_funnel_lsp_bv.""total_request_lsp""",logistics.logistics_funnel_lsp_bv,
total_confirm_lsp_table,Logistics Service Provider reference.,"logistics.logistics_funnel_lsp_bv.""total_confirm_lsp_table""",logistics.logistics_funnel_lsp_bv,
total_unique_retail_order_lsp,Logistics Service Provider reference.,"logistics.logistics_funnel_lsp_bv.""total_unique_retail_order_lsp""",logistics.logistics_funnel_lsp_bv,
Logistics Network Partner,Data representing the logistics network partner.,"logistics.logistics_funnel_lsp_bv.""Logistics Network Partner""",logistics.logistics_funnel_lsp_bv,
Seller NP,Data representing the seller np.,"logistics.logistics_funnel_lsp_bv.""Seller NP""",logistics.logistics_funnel_lsp_bv,
Pick Up State,Turn-Around-Time (TAT) measurement.,"logistics.logistics_funnel_lsp_bv.""Pick Up State""",logistics.logistics_funnel_lsp_bv,
Delivery State,Turn-Around-Time (TAT) measurement.,"logistics.logistics_funnel_lsp_bv.""Delivery State""",logistics.logistics_funnel_lsp_bv,
Pick Up City,City name for the given context.,"logistics.logistics_funnel_lsp_bv.""Pick Up City""",logistics.logistics_funnel_lsp_bv,
Delivery City,City name for the given context.,"logistics.logistics_funnel_lsp_bv.""Delivery City""",logistics.logistics_funnel_lsp_bv,
Pick Up Tier,Data representing the pick up tier.,"logistics.logistics_funnel_lsp_bv.""Pick Up Tier""",logistics.logistics_funnel_lsp_bv,
Delivery Tier,Data representing the delivery tier.,"logistics.logistics_funnel_lsp_bv.""Delivery Tier""",logistics.logistics_funnel_lsp_bv,
Pick Up Zone,Data representing the pick up zone.,"logistics.logistics_funnel_lsp_bv.""Pick Up Zone""",logistics.logistics_funnel_lsp_bv,
Delivery Zone,Data representing the delivery zone.,"logistics.logistics_funnel_lsp_bv.""Delivery Zone""",logistics.logistics_funnel_lsp_bv,
"▼ logistics_funnel_lsp_stage   (base table, 67 cols)",,,logistics.logistics_funnel_lsp_stage,
bap_id,Unique identifier for the Buyer App (BAP).,"logistics.logistics_funnel_lsp_stage.""bap_id""",logistics.logistics_funnel_lsp_stage,
bpp_id,Unique identifier for the Seller App (BPP).,"logistics.logistics_funnel_lsp_stage.""bpp_id""",logistics.logistics_funnel_lsp_stage,
date,Timestamp or date indicating when date occurred.,"logistics.logistics_funnel_lsp_stage.""date""",logistics.logistics_funnel_lsp_stage,
linked,Data representing the linked.,"logistics.logistics_funnel_lsp_stage.""linked""",logistics.logistics_funnel_lsp_stage,
pick_up_pincode,Indian postal code (pincode).,"logistics.logistics_funnel_lsp_stage.""pick_up_pincode""",logistics.logistics_funnel_lsp_stage,
delivery_pincode,Indian postal code (pincode).,"logistics.logistics_funnel_lsp_stage.""delivery_pincode""",logistics.logistics_funnel_lsp_stage,
retail_category,Timestamp or date indicating when retail category occurred.,"logistics.logistics_funnel_lsp_stage.""retail_category""",logistics.logistics_funnel_lsp_stage,
shipment_type,Data representing the shipment type.,"logistics.logistics_funnel_lsp_stage.""shipment_type""",logistics.logistics_funnel_lsp_stage,
fulfillment_type,Data representing the fulfillment type.,"logistics.logistics_funnel_lsp_stage.""fulfillment_type""",logistics.logistics_funnel_lsp_stage,
request,Data representing the request.,"logistics.logistics_funnel_lsp_stage.""request""",logistics.logistics_funnel_lsp_stage,
unique_retail_order,Data representing the unique retail order.,"logistics.logistics_funnel_lsp_stage.""unique_retail_order""",logistics.logistics_funnel_lsp_stage,
on_confirms,Data representing the on confirms.,"logistics.logistics_funnel_lsp_stage.""on_confirms""",logistics.logistics_funnel_lsp_stage,
confirmed_orders,Data representing the confirmed orders.,"logistics.logistics_funnel_lsp_stage.""confirmed_orders""",logistics.logistics_funnel_lsp_stage,
assigned,Data representing the assigned.,"logistics.logistics_funnel_lsp_stage.""assigned""",logistics.logistics_funnel_lsp_stage,
delivered,Data representing the delivered.,"logistics.logistics_funnel_lsp_stage.""delivered""",logistics.logistics_funnel_lsp_stage,
preassigned_cancel,Data representing the preassigned cancel.,"logistics.logistics_funnel_lsp_stage.""preassigned_cancel""",logistics.logistics_funnel_lsp_stage,
precancel_buyer,Data representing the precancel buyer.,"logistics.logistics_funnel_lsp_stage.""precancel_buyer""",logistics.logistics_funnel_lsp_stage,
precancel_buyer_0_2,Data representing the precancel buyer 0 2.,"logistics.logistics_funnel_lsp_stage.""precancel_buyer_0_2""",logistics.logistics_funnel_lsp_stage,
precancel_buyer_3_5,Data representing the precancel buyer 3 5.,"logistics.logistics_funnel_lsp_stage.""precancel_buyer_3_5""",logistics.logistics_funnel_lsp_stage,
precancel_buyer_5_10,Data representing the precancel buyer 5 10.,"logistics.logistics_funnel_lsp_stage.""precancel_buyer_5_10""",logistics.logistics_funnel_lsp_stage,
precancel_buyer_10_15,Data representing the precancel buyer 10 15.,"logistics.logistics_funnel_lsp_stage.""precancel_buyer_10_15""",logistics.logistics_funnel_lsp_stage,
precancel_buyer_15_20,Data representing the precancel buyer 15 20.,"logistics.logistics_funnel_lsp_stage.""precancel_buyer_15_20""",logistics.logistics_funnel_lsp_stage,
precancel_buyer_gt_20,Data representing the precancel buyer gt 20.,"logistics.logistics_funnel_lsp_stage.""precancel_buyer_gt_20""",logistics.logistics_funnel_lsp_stage,
precancel_seller,Data representing the precancel seller.,"logistics.logistics_funnel_lsp_stage.""precancel_seller""",logistics.logistics_funnel_lsp_stage,
precancel_seller_0_2,Data representing the precancel seller 0 2.,"logistics.logistics_funnel_lsp_stage.""precancel_seller_0_2""",logistics.logistics_funnel_lsp_stage,
precancel_seller_3_5,Data representing the precancel seller 3 5.,"logistics.logistics_funnel_lsp_stage.""precancel_seller_3_5""",logistics.logistics_funnel_lsp_stage,
precancel_seller_5_10,Data representing the precancel seller 5 10.,"logistics.logistics_funnel_lsp_stage.""precancel_seller_5_10""",logistics.logistics_funnel_lsp_stage,
precancel_seller_10_15,Data representing the precancel seller 10 15.,"logistics.logistics_funnel_lsp_stage.""precancel_seller_10_15""",logistics.logistics_funnel_lsp_stage,
precancel_seller_15_20,Data representing the precancel seller 15 20.,"logistics.logistics_funnel_lsp_stage.""precancel_seller_15_20""",logistics.logistics_funnel_lsp_stage,
precancel_seller_gt_20,Data representing the precancel seller gt 20.,"logistics.logistics_funnel_lsp_stage.""precancel_seller_gt_20""",logistics.logistics_funnel_lsp_stage,
precancel_logistics,Data representing the precancel logistics.,"logistics.logistics_funnel_lsp_stage.""precancel_logistics""",logistics.logistics_funnel_lsp_stage,
precancel_logistics_0_2,Data representing the precancel logistics 0 2.,"logistics.logistics_funnel_lsp_stage.""precancel_logistics_0_2""",logistics.logistics_funnel_lsp_stage,
precancel_logistics_3_5,Data representing the precancel logistics 3 5.,"logistics.logistics_funnel_lsp_stage.""precancel_logistics_3_5""",logistics.logistics_funnel_lsp_stage,
precancel_logistics_5_10,Data representing the precancel logistics 5 10.,"logistics.logistics_funnel_lsp_stage.""precancel_logistics_5_10""",logistics.logistics_funnel_lsp_stage,
precancel_logistics_10_15,Data representing the precancel logistics 10 15.,"logistics.logistics_funnel_lsp_stage.""precancel_logistics_10_15""",logistics.logistics_funnel_lsp_stage,
precancel_logistics_15_20,Data representing the precancel logistics 15 20.,"logistics.logistics_funnel_lsp_stage.""precancel_logistics_15_20""",logistics.logistics_funnel_lsp_stage,
precancel_logistics_gt_20,Data representing the precancel logistics gt 20.,"logistics.logistics_funnel_lsp_stage.""precancel_logistics_gt_20""",logistics.logistics_funnel_lsp_stage,
postassigned_cancel,Data representing the postassigned cancel.,"logistics.logistics_funnel_lsp_stage.""postassigned_cancel""",logistics.logistics_funnel_lsp_stage,
postcancel_buyer,Data representing the postcancel buyer.,"logistics.logistics_funnel_lsp_stage.""postcancel_buyer""",logistics.logistics_funnel_lsp_stage,
postcancel_buyer_prepickup,Data representing the postcancel buyer prepickup.,"logistics.logistics_funnel_lsp_stage.""postcancel_buyer_prepickup""",logistics.logistics_funnel_lsp_stage,
postcancel_buyer_prepickup_0_2,Data representing the postcancel buyer prepickup 0 2.,"logistics.logistics_funnel_lsp_stage.""postcancel_buyer_prepickup_0_2""",logistics.logistics_funnel_lsp_stage,
postcancel_buyer_prepickup_3_5,Data representing the postcancel buyer prepickup 3 5.,"logistics.logistics_funnel_lsp_stage.""postcancel_buyer_prepickup_3_5""",logistics.logistics_funnel_lsp_stage,
postcancel_buyer_prepickup_5_10,Data representing the postcancel buyer prepickup 5 10.,"logistics.logistics_funnel_lsp_stage.""postcancel_buyer_prepickup_5_10""",logistics.logistics_funnel_lsp_stage,
postcancel_buyer_prepickup_10_15,Data representing the postcancel buyer prepickup 10 15.,"logistics.logistics_funnel_lsp_stage.""postcancel_buyer_prepickup_10_15""",logistics.logistics_funnel_lsp_stage,
postcancel_buyer_prepickup_15_20,Data representing the postcancel buyer prepickup 15 20.,"logistics.logistics_funnel_lsp_stage.""postcancel_buyer_prepickup_15_20""",logistics.logistics_funnel_lsp_stage,
postcancel_buyer_prepickup_gt_20,Data representing the postcancel buyer prepickup gt 20.,"logistics.logistics_funnel_lsp_stage.""postcancel_buyer_prepickup_gt_20""",logistics.logistics_funnel_lsp_stage,
postcancel_buyer_postpickup,Data representing the postcancel buyer postpickup.,"logistics.logistics_funnel_lsp_stage.""postcancel_buyer_postpickup""",logistics.logistics_funnel_lsp_stage,
postcancel_seller,Data representing the postcancel seller.,"logistics.logistics_funnel_lsp_stage.""postcancel_seller""",logistics.logistics_funnel_lsp_stage,
postcancel_seller_prepickup,Data representing the postcancel seller prepickup.,"logistics.logistics_funnel_lsp_stage.""postcancel_seller_prepickup""",logistics.logistics_funnel_lsp_stage,
postcancel_seller_prepickup_0_2,Data representing the postcancel seller prepickup 0 2.,"logistics.logistics_funnel_lsp_stage.""postcancel_seller_prepickup_0_2""",logistics.logistics_funnel_lsp_stage,
postcancel_seller_prepickup_3_5,Data representing the postcancel seller prepickup 3 5.,"logistics.logistics_funnel_lsp_stage.""postcancel_seller_prepickup_3_5""",logistics.logistics_funnel_lsp_stage,
postcancel_seller_prepickup_5_10,Data representing the postcancel seller prepickup 5 10.,"logistics.logistics_funnel_lsp_stage.""postcancel_seller_prepickup_5_10""",logistics.logistics_funnel_lsp_stage,
postcancel_seller_prepickup_10_15,Data representing the postcancel seller prepickup 10 15.,"logistics.logistics_funnel_lsp_stage.""postcancel_seller_prepickup_10_15""",logistics.logistics_funnel_lsp_stage,
postcancel_seller_prepickup_15_20,Data representing the postcancel seller prepickup 15 20.,"logistics.logistics_funnel_lsp_stage.""postcancel_seller_prepickup_15_20""",logistics.logistics_funnel_lsp_stage,
postcancel_seller_prepickup_gt_20,Data representing the postcancel seller prepickup gt 20.,"logistics.logistics_funnel_lsp_stage.""postcancel_seller_prepickup_gt_20""",logistics.logistics_funnel_lsp_stage,
postcancel_seller_postpickup,Data representing the postcancel seller postpickup.,"logistics.logistics_funnel_lsp_stage.""postcancel_seller_postpickup""",logistics.logistics_funnel_lsp_stage,
postcancel_logistics,Data representing the postcancel logistics.,"logistics.logistics_funnel_lsp_stage.""postcancel_logistics""",logistics.logistics_funnel_lsp_stage,
postcancel_logistics_prepickup,Data representing the postcancel logistics prepickup.,"logistics.logistics_funnel_lsp_stage.""postcancel_logistics_prepickup""",logistics.logistics_funnel_lsp_stage,
postcancel_logistics_prepickup_0_2,Data representing the postcancel logistics prepickup 0 2.,"logistics.logistics_funnel_lsp_stage.""postcancel_logistics_prepickup_0_2""",logistics.logistics_funnel_lsp_stage,
postcancel_logistics_prepickup_3_5,Data representing the postcancel logistics prepickup 3 5.,"logistics.logistics_funnel_lsp_stage.""postcancel_logistics_prepickup_3_5""",logistics.logistics_funnel_lsp_stage,
postcancel_logistics_prepickup_5_10,Data representing the postcancel logistics prepickup 5 10.,"logistics.logistics_funnel_lsp_stage.""postcancel_logistics_prepickup_5_10""",logistics.logistics_funnel_lsp_stage,
postcancel_logistics_prepickup_10_15,Data representing the postcancel logistics prepickup 10 15.,"logistics.logistics_funnel_lsp_stage.""postcancel_logistics_prepickup_10_15""",logistics.logistics_funnel_lsp_stage,
postcancel_logistics_prepickup_15_20,Data representing the postcancel logistics prepickup 15 20.,"logistics.logistics_funnel_lsp_stage.""postcancel_logistics_prepickup_15_20""",logistics.logistics_funnel_lsp_stage,
postcancel_logistics_prepickup_gt_20,Data representing the postcancel logistics prepickup gt 20.,"logistics.logistics_funnel_lsp_stage.""postcancel_logistics_prepickup_gt_20""",logistics.logistics_funnel_lsp_stage,
postcancel_logistics_postpickup,Data representing the postcancel logistics postpickup.,"logistics.logistics_funnel_lsp_stage.""postcancel_logistics_postpickup""",logistics.logistics_funnel_lsp_stage,
preassigned_open,Data representing the preassigned open.,"logistics.logistics_funnel_lsp_stage.""preassigned_open""",logistics.logistics_funnel_lsp_stage,
postassigned_open,Data representing the postassigned open.,"logistics.logistics_funnel_lsp_stage.""postassigned_open""",logistics.logistics_funnel_lsp_stage,
"▼ logistics_igm_bv   (view, 72 cols)",,,logistics.logistics_igm_bv,"WITH base AS (
         SELECT t1.bap_id,
            t1.bpp_id,
            t1.igm_key,
            t1.ticket_created_date,
            t1.""Date"",
            t1.domain,
            t1.network_issue_id,
            t1.ticket_category,
            t1.ticket_sub_category,
            t1.""Resolved"",
            t1.network_order_id,
            t1.ticket_key,
            t1.ticket_source,
            t1.""ticket count"",
            t1.ticket_raiser,
            t1.ticket_expected_resolution_time,
            t1.ticket_status,
            t1.""Closed date"",
            t1.r_action_ticket_resolved_date,
            t1.on_issue_error_code,
            t1.issue_sync_response,
            t1.""tat_diff(open)"",
            t1.""sec_diff(open)"",
            t1.""min_diff(resolved)"",
            t1.""tat_diff(res)"",
            ml.provider_name,
                CASE
                    WHEN ml.retail_category IS NULL THEN 'Undefined'::character varying
                    WHEN ml.retail_category::text ~~ '%,%'::text THEN 'Multi Category'::character varying
                    ELSE ml.retail_category
                END AS ""Category"",
                CASE
                    WHEN ml.shipment_type::text = 'P2P'::text THEN 'Hyperlocal'::text
                    WHEN ml.shipment_type::text = 'P2H2P'::text THEN 'Hyperlocal'::text
                    ELSE 'Undefined'::text
                END AS shipment_type,
                CASE
                    WHEN t1.issue_sync_response::text = 'NACK'::text OR t1.on_issue_error_code IS NOT NULL AND t1.on_issue_error_code::text <> ''::text THEN 1
                    ELSE 0
                END AS rejected,
            COALESCE(lsp.""logistics NP name"", 'Others'::text) AS ""lnp name"",
            COALESCE(snp.seller_np, 'Others'::text) AS lbnp,
                CASE
                    WHEN COALESCE(snp.seller_np, 'Others'::text) = COALESCE(lsp.""logistics NP name"", 'Others'::text) THEN 'Intra NP'::text
                    ELSE 'Inter NP'::text
                END AS ""Np type Logistics"",
                CASE
                    WHEN (t1.""Resolved""::text = ANY (ARRAY['Yes'::character varying::text, 'Forced Resolved'::character varying::text])) AND t1.r_action_ticket_resolved_date > t1.ticket_expected_resolution_time THEN 'Yes'::text
                    WHEN t1.""Resolved""::text = 'No'::text AND CURRENT_TIMESTAMP >= t1.ticket_expected_resolution_time THEN 'Yes'::text
                    ELSE 'No'::text
                END AS ""Breached"",
                CASE t1.ticket_status
                    WHEN 'CLOSED'::text THEN 'Closed'::text
                    WHEN 'OPEN'::text THEN 'Open'::text
                    WHEN 'REOPENED'::text THEN 'ReOpened'::text
                    WHEN 'WAITING_FOR_CUSTOMER_UPDATE'::text THEN 'Pending with Customer'::text
                    WHEN 'WAITING_FOR_LOGISTIC_UPDATE'::text THEN 'Pending with Logistics NP'::text
                    WHEN 'WAITING_FOR_SELLER_NP_UPDATE'::text THEN 'Pending with Seller NP'::text
                    WHEN 'WAITING_FOR_SELLER_UPDATE'::text THEN 'Pending with Provider'::text
                    ELSE 'Undefined Status'::text
                END AS ""Status"",
                CASE
                    WHEN t1.""Resolved""::text = 'Yes'::text THEN t1.""min_diff(resolved)""::numeric / 60.0
                    ELSE NULL::numeric
                END AS ""Resolved hour"",
                CASE
                    WHEN t1.""Resolved""::text = 'Yes'::text THEN t1.""ticket count""::bigint
                    ELSE 0::bigint
                END AS resolved_ticket,
                CASE
                    WHEN t1.""Resolved""::text = 'No'::text THEN t1.""ticket count""::bigint
                    ELSE 0::bigint
                END AS unresolved_ticket,
                CASE
                    WHEN t1.""Resolved""::text = 'Forced Resolved'::text THEN t1.""ticket count""::bigint
                    ELSE 0::bigint
                END AS forced_resolved_ticket,
                CASE
                    WHEN upper(COALESCE(t1.issue_sync_response, ''::text::character varying)::text) = 'ACK'::text THEN t1.""ticket count""::bigint
                    ELSE 0::bigint
                END AS ack_logistics,
                CASE
                    WHEN upper(COALESCE(t1.issue_sync_response, ''::text::character varying)::text) = 'NACK'::text THEN t1.""ticket count""::bigint
                    ELSE 0::bigint
                END AS nack_logistics,
                CASE
                    WHEN t1.on_issue_error_code IS NOT NULL AND t1.on_issue_error_code::text <> ''::text THEN t1.""ticket count""::bigint
                    ELSE 0::bigint
                END AS on_issue_error_logistics,
                CASE
                    WHEN t1.issue_sync_response::text = 'NACK'::text OR t1.on_issue_error_code IS NOT NULL AND t1.on_issue_error_code::text <> ''::text THEN t1.""ticket count""::bigint
                    ELSE 0::bigint
                END AS rejected_logistics,
            t1.""ticket count"" -
                CASE
                    WHEN t1.issue_sync_response::text = 'NACK'::text OR t1.on_issue_error_code IS NOT NULL AND t1.on_issue_error_code::text <> ''::text THEN t1.""ticket count""::bigint
                    ELSE 0::bigint
                END AS net_tickets_logistics,
                CASE
                    WHEN t1.""Resolved""::text = 'Yes'::text AND t1.""tat_diff(res)"" <= 0::double precision THEN t1.""ticket count""::bigint
                    ELSE 0::bigint
                END AS resolution_within_tat,
                CASE
                    WHEN t1.""Resolved""::text = 'No'::text AND t1.ticket_status::text <> 'CLOSED'::text THEN t1.""ticket count""::bigint
                    ELSE 0::bigint
                END AS unresolved_and_not_closed,
                CASE
                    WHEN t1.""Resolved""::text = 'Yes'::text THEN t1.""min_diff(resolved)""
                    ELSE NULL::bigint::double precision
                END AS average_resolved_minutes,
                CASE
                    WHEN t1.""Resolved""::text = 'Yes'::text THEN t1.""min_diff(resolved)""::numeric / 60.0
                    ELSE NULL::numeric
                END AS average_resolved_hours,
                CASE
                    WHEN t1.""Resolved""::text = 'Yes'::text THEN t1.""min_diff(resolved)""::numeric / 1440.0
                    ELSE NULL::numeric
                END AS average_resolved_days,
                CASE
                    WHEN t1.""Resolved""::text = 'Yes'::text THEN t1.""min_diff(resolved)""::numeric / 86400.0
                    ELSE NULL::numeric
                END AS average_resolved_time,
                CASE
                    WHEN t1.""Resolved""::text = 'Yes'::text AND t1.""min_diff(resolved)"" >= 0::double precision AND t1.""min_diff(resolved)"" <= 1440::double precision THEN t1.""ticket count""::bigint
                    ELSE 0::bigint
                END AS resolved_ticket_0_1_day,
                CASE
                    WHEN t1.""Resolved""::text = 'Yes'::text AND t1.""min_diff(resolved)"" > 1440::double precision AND t1.""min_diff(resolved)"" <= 4320::double precision THEN t1.""ticket count""::bigint
                    ELSE 0::bigint
                END AS resolved_ticket_1_3_day,
                CASE
                    WHEN t1.""Resolved""::text = 'Yes'::text AND t1.""min_diff(resolved)"" > 4320::double precision AND t1.""min_diff(resolved)"" <= 7200::double precision THEN t1.""ticket count""::bigint
                    ELSE 0::bigint
                END AS resolved_ticket_3_5_day,
                CASE
                    WHEN t1.""Resolved""::text = 'Yes'::text AND t1.""min_diff(resolved)"" > 7200::double precision AND t1.""min_diff(resolved)"" <= 14400::double precision THEN t1.""ticket count""::bigint
                    ELSE 0::bigint
                END AS resolved_ticket_5_10_day,
                CASE
                    WHEN t1.""Resolved""::text = 'Yes'::text AND t1.""min_diff(resolved)"" > 14400::double precision AND t1.""min_diff(resolved)"" <= 28800::double precision THEN t1.""ticket count""::bigint
                    ELSE 0::bigint
                END AS resolved_ticket_11_20_day,
                CASE
                    WHEN t1.""Resolved""::text = 'Yes'::text AND t1.""min_diff(resolved)"" > 28800::double precision AND t1.""min_diff(resolved)"" <= 43200::double precision THEN t1.""ticket count""::bigint
                    ELSE 0::bigint
                END AS resolved_ticket_21_30_day,
                CASE
                    WHEN t1.""Resolved""::text = 'Yes'::text AND t1.""min_diff(resolved)"" > 43200::double precision AND t1.""min_diff(resolved)"" <= 57600::double precision THEN t1.""ticket count""::bigint
                    ELSE 0::bigint
                END AS resolved_ticket_31_40_day,
                CASE
                    WHEN t1.""Resolved""::text = 'Yes'::text AND t1.""min_diff(resolved)"" > 57600::double precision AND t1.""min_diff(resolved)"" <= 72000::double precision THEN t1.""ticket count""::bigint
                    ELSE 0::bigint
                END AS resolved_ticket_41_50_day,
                CASE
                    WHEN t1.""Resolved""::text = 'Yes'::text AND t1.""min_diff(resolved)"" > 72000::double precision AND t1.""min_diff(resolved)"" <= 86400::double precision THEN t1.""ticket count""::bigint
                    ELSE 0::bigint
                END AS resolved_ticket_51_60_day,
                CASE
                    WHEN t1.""Resolved""::text = 'Yes'::text AND t1.""min_diff(resolved)"" > 86400::double precision THEN t1.""ticket count""::bigint
                    ELSE 0::bigint
                END AS resolved_ticket_above_60_day,
                CASE
                    WHEN t1.""Resolved""::text = 'No'::text AND t1.""sec_diff(open)"" >= 0::double precision AND t1.""sec_diff(open)"" <= 1440::double precision THEN t1.""ticket count""::bigint
                    ELSE 0::bigint
                END AS unresolved_ticket_0_1_day,
                CASE
                    WHEN t1.""Resolved""::text = 'No'::text AND t1.""sec_diff(open)"" > 1440::double precision AND t1.""sec_diff(open)"" <= 4320::double precision THEN t1.""ticket count""::bigint
                    ELSE 0::bigint
                END AS unresolved_ticket_1_3_day,
                CASE
                    WHEN t1.""Resolved""::text = 'No'::text AND t1.""sec_diff(open)"" > 4320::double precision AND t1.""sec_diff(open)"" <= 7200::double precision THEN t1.""ticket count""::bigint
                    ELSE 0::bigint
                END AS unresolved_ticket_3_5_day,
                CASE
                    WHEN t1.""Resolved""::text = 'No'::text AND t1.""sec_diff(open)"" > 7200::double precision AND t1.""sec_diff(open)"" <= 14400::double precision THEN t1.""ticket count""::bigint
                    ELSE 0::bigint
                END AS unresolved_ticket_5_10_day,
                CASE
                    WHEN t1.""Resolved""::text = 'No'::text AND t1.""sec_diff(open)"" > 14400::double precision AND t1.""sec_diff(open)"" <= 28800::double precision THEN t1.""ticket count""::bigint
                    ELSE 0::bigint
                END AS unresolved_ticket_11_20_day,
                CASE
                    WHEN t1.""Resolved""::text = 'No'::text AND t1.""sec_diff(open)"" > 28800::double precision AND t1.""sec_diff(open)"" <= 43200::double precision THEN t1.""ticket count""::bigint
                    ELSE 0::bigint
                END AS unresolved_ticket_21_30_day,
                CASE
                    WHEN t1.""Resolved""::text = 'No'::text AND t1.""sec_diff(open)"" > 43200::double precision AND t1.""sec_diff(open)"" <= 57600::double precision THEN t1.""ticket count""::bigint
                    ELSE 0::bigint
                END AS unresolved_ticket_31_40_day,
                CASE
                    WHEN t1.""Resolved""::text = 'No'::text AND t1.""sec_diff(open)"" > 57600::double precision AND t1.""sec_diff(open)"" <= 72000::double precision THEN t1.""ticket count""::bigint
                    ELSE 0::bigint
                END AS unresolved_ticket_41_50_day,
                CASE
                    WHEN t1.""Resolved""::text = 'No'::text AND t1.""sec_diff(open)"" > 72000::double precision AND t1.""sec_diff(open)"" <= 86400::double precision THEN t1.""ticket count""::bigint
                    ELSE 0::bigint
                END AS unresolved_ticket_51_60_day,
                CASE
                    WHEN t1.""Resolved""::text = 'No'::text AND t1.""sec_diff(open)"" > 86400::double precision THEN t1.""ticket count""::bigint
                    ELSE 0::bigint
                END AS unresolved_ticket_above_60_day
           FROM logistics.logistics_order_igm t1
             LEFT JOIN logistics.logistics_igm_lsp lsp ON t1.bpp_id::text = lsp.bpp_id
             LEFT JOIN logistics.logistics_igm_snp snp ON t1.bap_id::text = snp.""Seller NP""
             LEFT JOIN logistics.master_log ml ON lower(t1.network_order_id::text) = ml.order_id::text
        )
 SELECT b.bap_id,
    b.bpp_id,
    b.igm_key,
    b.ticket_created_date,
    b.""Date"",
    b.domain,
    b.network_issue_id,
    b.ticket_category,
    b.ticket_sub_category,
    b.""Resolved"",
    b.network_order_id,
    b.ticket_key,
    b.ticket_source,
    b.""ticket count"",
    b.ticket_raiser,
    b.ticket_expected_resolution_time,
    b.ticket_status,
    b.""Closed date"",
    b.r_action_ticket_resolved_date,
    b.on_issue_error_code,
    b.issue_sync_response,
    b.""tat_diff(open)"",
    b.""sec_diff(open)"",
    b.""min_diff(resolved)"",
    b.""tat_diff(res)"",
    b.provider_name,
    b.""Category"",
    b.shipment_type,
    b.rejected,
    b.""lnp name"",
    b.lbnp,
    b.""Np type Logistics"",
    b.""Breached"",
    b.""Status"",
    b.""Resolved hour"",
    b.resolved_ticket,
    b.unresolved_ticket,
    b.forced_resolved_ticket,
    b.ack_logistics,
    b.nack_logistics,
    b.on_issue_error_logistics,
    b.rejected_logistics,
    b.net_tickets_logistics,
    b.resolution_within_tat,
    b.unresolved_and_not_closed,
    b.average_resolved_minutes,
    b.average_resolved_hours,
    b.average_resolved_days,
    b.average_resolved_time,
    b.resolved_ticket_0_1_day,
    b.resolved_ticket_1_3_day,
    b.resolved_ticket_3_5_day,
    b.resolved_ticket_5_10_day,
    b.resolved_ticket_11_20_day,
    b.resolved_ticket_21_30_day,
    b.resolved_ticket_31_40_day,
    b.resolved_ticket_41_50_day,
    b.resolved_ticket_51_60_day,
    b.resolved_ticket_above_60_day,
    b.unresolved_ticket_0_1_day,
    b.unresolved_ticket_1_3_day,
    b.unresolved_ticket_3_5_day,
    b.unresolved_ticket_5_10_day,
    b.unresolved_ticket_11_20_day,
    b.unresolved_ticket_21_30_day,
    b.unresolved_ticket_31_40_day,
    b.unresolved_ticket_41_50_day,
    b.unresolved_ticket_51_60_day,
    b.unresolved_ticket_above_60_day,
    COALESCE(lcm.""Sub Category"", 'Undefined'::text) AS main_sub_category,
        CASE
            WHEN b.""Category""::text = 'Multi Category'::text THEN 'Multi Category'::text
            ELSE COALESCE(ocm.""L1 Category"", 'Undefined'::text)
        END AS order_category,
    COALESCE(lcm.""Main Category"", 'Undefined'::text) AS main_category
   FROM base b
     LEFT JOIN logistics.logistics_category_mapping lcm ON lcm.""ENUMs"" = b.ticket_sub_category::text
     LEFT JOIN logistics.order_category_mapping ocm ON ocm.network_retail_order_category = b.""Category""::text;"
bap_id,Unique identifier for the Buyer App (BAP).,"logistics.logistics_igm_bv.""bap_id""",logistics.logistics_igm_bv,
bpp_id,Unique identifier for the Seller App (BPP).,"logistics.logistics_igm_bv.""bpp_id""",logistics.logistics_igm_bv,
igm_key,Data representing the igm key.,"logistics.logistics_igm_bv.""igm_key""",logistics.logistics_igm_bv,
ticket_created_date,Timestamp or date indicating when ticket created date occurred.,"logistics.logistics_igm_bv.""ticket_created_date""",logistics.logistics_igm_bv,
Date,Timestamp or date indicating when date occurred.,"logistics.logistics_igm_bv.""Date""",logistics.logistics_igm_bv,
domain,"The ONDC network domain (e.g., retail, logistics).","logistics.logistics_igm_bv.""domain""",logistics.logistics_igm_bv,
network_issue_id,Data representing the network issue id.,"logistics.logistics_igm_bv.""network_issue_id""",logistics.logistics_igm_bv,
ticket_category,Timestamp or date indicating when ticket category occurred.,"logistics.logistics_igm_bv.""ticket_category""",logistics.logistics_igm_bv,
ticket_sub_category,Timestamp or date indicating when ticket sub category occurred.,"logistics.logistics_igm_bv.""ticket_sub_category""",logistics.logistics_igm_bv,
Resolved,Data representing the resolved.,"logistics.logistics_igm_bv.""Resolved""",logistics.logistics_igm_bv,
network_order_id,Data representing the network order id.,"logistics.logistics_igm_bv.""network_order_id""",logistics.logistics_igm_bv,
ticket_key,Data representing the ticket key.,"logistics.logistics_igm_bv.""ticket_key""",logistics.logistics_igm_bv,
ticket_source,Data representing the ticket source.,"logistics.logistics_igm_bv.""ticket_source""",logistics.logistics_igm_bv,
ticket count,Data representing the ticket count.,"logistics.logistics_igm_bv.""ticket count""",logistics.logistics_igm_bv,
ticket_raiser,Data representing the ticket raiser.,"logistics.logistics_igm_bv.""ticket_raiser""",logistics.logistics_igm_bv,
ticket_expected_resolution_time,Timestamp or date indicating when ticket expected resolution time occurred.,"logistics.logistics_igm_bv.""ticket_expected_resolution_time""",logistics.logistics_igm_bv,
ticket_status,Turn-Around-Time (TAT) measurement.,"logistics.logistics_igm_bv.""ticket_status""",logistics.logistics_igm_bv,
Closed date,Timestamp or date indicating when closed date occurred.,"logistics.logistics_igm_bv.""Closed date""",logistics.logistics_igm_bv,
r_action_ticket_resolved_date,Timestamp or date indicating when r action ticket resolved date occurred.,"logistics.logistics_igm_bv.""r_action_ticket_resolved_date""",logistics.logistics_igm_bv,
on_issue_error_code,Error code associated with a failure or issue.,"logistics.logistics_igm_bv.""on_issue_error_code""",logistics.logistics_igm_bv,
issue_sync_response,Data representing the issue sync response.,"logistics.logistics_igm_bv.""issue_sync_response""",logistics.logistics_igm_bv,
tat_diff(open),Turn-Around-Time (TAT) measurement.,"logistics.logistics_igm_bv.""tat_diff(open)""",logistics.logistics_igm_bv,
sec_diff(open),Data representing the sec diff(open).,"logistics.logistics_igm_bv.""sec_diff(open)""",logistics.logistics_igm_bv,
min_diff(resolved),Data representing the min diff(resolved).,"logistics.logistics_igm_bv.""min_diff(resolved)""",logistics.logistics_igm_bv,
tat_diff(res),Turn-Around-Time (TAT) measurement.,"logistics.logistics_igm_bv.""tat_diff(res)""",logistics.logistics_igm_bv,
provider_name,Unique identifier for provider name.,"logistics.logistics_igm_bv.""provider_name""",logistics.logistics_igm_bv,
Category,Timestamp or date indicating when category occurred.,"logistics.logistics_igm_bv.""Category""",logistics.logistics_igm_bv,
shipment_type,Data representing the shipment type.,"logistics.logistics_igm_bv.""shipment_type""",logistics.logistics_igm_bv,
rejected,Data representing the rejected.,"logistics.logistics_igm_bv.""rejected""",logistics.logistics_igm_bv,
lnp name,Name of the lnp.,"logistics.logistics_igm_bv.""lnp name""",logistics.logistics_igm_bv,
lbnp,Data representing the lbnp.,"logistics.logistics_igm_bv.""lbnp""",logistics.logistics_igm_bv,
Np type Logistics,Data representing the np type logistics.,"logistics.logistics_igm_bv.""Np type Logistics""",logistics.logistics_igm_bv,
Breached,Data representing the breached.,"logistics.logistics_igm_bv.""Breached""",logistics.logistics_igm_bv,
Status,Turn-Around-Time (TAT) measurement.,"logistics.logistics_igm_bv.""Status""",logistics.logistics_igm_bv,
Resolved hour,Data representing the resolved hour.,"logistics.logistics_igm_bv.""Resolved hour""",logistics.logistics_igm_bv,
resolved_ticket,Data representing the resolved ticket.,"logistics.logistics_igm_bv.""resolved_ticket""",logistics.logistics_igm_bv,
unresolved_ticket,Data representing the unresolved ticket.,"logistics.logistics_igm_bv.""unresolved_ticket""",logistics.logistics_igm_bv,
forced_resolved_ticket,Data representing the forced resolved ticket.,"logistics.logistics_igm_bv.""forced_resolved_ticket""",logistics.logistics_igm_bv,
ack_logistics,Data representing the ack logistics.,"logistics.logistics_igm_bv.""ack_logistics""",logistics.logistics_igm_bv,
nack_logistics,Data representing the nack logistics.,"logistics.logistics_igm_bv.""nack_logistics""",logistics.logistics_igm_bv,
on_issue_error_logistics,Data representing the on issue error logistics.,"logistics.logistics_igm_bv.""on_issue_error_logistics""",logistics.logistics_igm_bv,
rejected_logistics,Data representing the rejected logistics.,"logistics.logistics_igm_bv.""rejected_logistics""",logistics.logistics_igm_bv,
net_tickets_logistics,Data representing the net tickets logistics.,"logistics.logistics_igm_bv.""net_tickets_logistics""",logistics.logistics_igm_bv,
resolution_within_tat,Turn-Around-Time (TAT) measurement.,"logistics.logistics_igm_bv.""resolution_within_tat""",logistics.logistics_igm_bv,
unresolved_and_not_closed,Data representing the unresolved and not closed.,"logistics.logistics_igm_bv.""unresolved_and_not_closed""",logistics.logistics_igm_bv,
average_resolved_minutes,Data representing the average resolved minutes.,"logistics.logistics_igm_bv.""average_resolved_minutes""",logistics.logistics_igm_bv,
average_resolved_hours,Data representing the average resolved hours.,"logistics.logistics_igm_bv.""average_resolved_hours""",logistics.logistics_igm_bv,
average_resolved_days,Data representing the average resolved days.,"logistics.logistics_igm_bv.""average_resolved_days""",logistics.logistics_igm_bv,
average_resolved_time,Timestamp or date indicating when average resolved time occurred.,"logistics.logistics_igm_bv.""average_resolved_time""",logistics.logistics_igm_bv,
resolved_ticket_0_1_day,Data representing the resolved ticket 0 1 day.,"logistics.logistics_igm_bv.""resolved_ticket_0_1_day""",logistics.logistics_igm_bv,
resolved_ticket_1_3_day,Data representing the resolved ticket 1 3 day.,"logistics.logistics_igm_bv.""resolved_ticket_1_3_day""",logistics.logistics_igm_bv,
resolved_ticket_3_5_day,Data representing the resolved ticket 3 5 day.,"logistics.logistics_igm_bv.""resolved_ticket_3_5_day""",logistics.logistics_igm_bv,
resolved_ticket_5_10_day,Data representing the resolved ticket 5 10 day.,"logistics.logistics_igm_bv.""resolved_ticket_5_10_day""",logistics.logistics_igm_bv,
resolved_ticket_11_20_day,Data representing the resolved ticket 11 20 day.,"logistics.logistics_igm_bv.""resolved_ticket_11_20_day""",logistics.logistics_igm_bv,
resolved_ticket_21_30_day,Data representing the resolved ticket 21 30 day.,"logistics.logistics_igm_bv.""resolved_ticket_21_30_day""",logistics.logistics_igm_bv,
resolved_ticket_31_40_day,Data representing the resolved ticket 31 40 day.,"logistics.logistics_igm_bv.""resolved_ticket_31_40_day""",logistics.logistics_igm_bv,
resolved_ticket_41_50_day,Data representing the resolved ticket 41 50 day.,"logistics.logistics_igm_bv.""resolved_ticket_41_50_day""",logistics.logistics_igm_bv,
resolved_ticket_51_60_day,Data representing the resolved ticket 51 60 day.,"logistics.logistics_igm_bv.""resolved_ticket_51_60_day""",logistics.logistics_igm_bv,
resolved_ticket_above_60_day,Data representing the resolved ticket above 60 day.,"logistics.logistics_igm_bv.""resolved_ticket_above_60_day""",logistics.logistics_igm_bv,
unresolved_ticket_0_1_day,Data representing the unresolved ticket 0 1 day.,"logistics.logistics_igm_bv.""unresolved_ticket_0_1_day""",logistics.logistics_igm_bv,
unresolved_ticket_1_3_day,Data representing the unresolved ticket 1 3 day.,"logistics.logistics_igm_bv.""unresolved_ticket_1_3_day""",logistics.logistics_igm_bv,
unresolved_ticket_3_5_day,Data representing the unresolved ticket 3 5 day.,"logistics.logistics_igm_bv.""unresolved_ticket_3_5_day""",logistics.logistics_igm_bv,
unresolved_ticket_5_10_day,Data representing the unresolved ticket 5 10 day.,"logistics.logistics_igm_bv.""unresolved_ticket_5_10_day""",logistics.logistics_igm_bv,
unresolved_ticket_11_20_day,Data representing the unresolved ticket 11 20 day.,"logistics.logistics_igm_bv.""unresolved_ticket_11_20_day""",logistics.logistics_igm_bv,
unresolved_ticket_21_30_day,Data representing the unresolved ticket 21 30 day.,"logistics.logistics_igm_bv.""unresolved_ticket_21_30_day""",logistics.logistics_igm_bv,
unresolved_ticket_31_40_day,Data representing the unresolved ticket 31 40 day.,"logistics.logistics_igm_bv.""unresolved_ticket_31_40_day""",logistics.logistics_igm_bv,
unresolved_ticket_41_50_day,Data representing the unresolved ticket 41 50 day.,"logistics.logistics_igm_bv.""unresolved_ticket_41_50_day""",logistics.logistics_igm_bv,
unresolved_ticket_51_60_day,Data representing the unresolved ticket 51 60 day.,"logistics.logistics_igm_bv.""unresolved_ticket_51_60_day""",logistics.logistics_igm_bv,
unresolved_ticket_above_60_day,Data representing the unresolved ticket above 60 day.,"logistics.logistics_igm_bv.""unresolved_ticket_above_60_day""",logistics.logistics_igm_bv,
main_sub_category,Timestamp or date indicating when main sub category occurred.,"logistics.logistics_igm_bv.""main_sub_category""",logistics.logistics_igm_bv,
order_category,Timestamp or date indicating when order category occurred.,"logistics.logistics_igm_bv.""order_category""",logistics.logistics_igm_bv,
main_category,Timestamp or date indicating when main category occurred.,"logistics.logistics_igm_bv.""main_category""",logistics.logistics_igm_bv,
"▼ logistics_igm_lsp   (base table, 5 cols)",,,logistics.logistics_igm_lsp,
bpp_id,Unique identifier for the Seller App (BPP).,"logistics.logistics_igm_lsp.""bpp_id""",logistics.logistics_igm_lsp,
logistics NP name,Name of the logistics np.,"logistics.logistics_igm_lsp.""logistics NP name""",logistics.logistics_igm_lsp,
Updated Date,Timestamp or date indicating when updated date occurred.,"logistics.logistics_igm_lsp.""Updated Date""",logistics.logistics_igm_lsp,
LNP Mask,Data representing the lnp mask.,"logistics.logistics_igm_lsp.""LNP Mask""",logistics.logistics_igm_lsp,
TSP Powered,Data representing the tsp powered.,"logistics.logistics_igm_lsp.""TSP Powered""",logistics.logistics_igm_lsp,
"▼ logistics_igm_snp   (base table, 5 cols)",,,logistics.logistics_igm_snp,
seller_np,Data representing the seller np.,"logistics.logistics_igm_snp.""seller_np""",logistics.logistics_igm_snp,
Seller NP,Data representing the seller np.,"logistics.logistics_igm_snp.""Seller NP""",logistics.logistics_igm_snp,
Updated Date,Timestamp or date indicating when updated date occurred.,"logistics.logistics_igm_snp.""Updated Date""",logistics.logistics_igm_snp,
SNP Mask,Data representing the snp mask.,"logistics.logistics_igm_snp.""SNP Mask""",logistics.logistics_igm_snp,
TSP Powered,Data representing the tsp powered.,"logistics.logistics_igm_snp.""TSP Powered""",logistics.logistics_igm_snp,
"▼ logistics_on_search_metrics   (base table, 14 cols)",,,logistics.logistics_on_search_metrics,"CREATE INDEX idx_log_search_date ON logistics.logistics_on_search_metrics USING btree (date)

CREATE INDEX idx_log_search_bap_id ON logistics.logistics_on_search_metrics USING btree (bap_id)

CREATE INDEX idx_log_search_bpp_id ON logistics.logistics_on_search_metrics USING btree (bpp_id)"
bap_id,Unique identifier for the Buyer App (BAP).,"logistics.logistics_on_search_metrics.""bap_id""",logistics.logistics_on_search_metrics,
bpp_id,Unique identifier for the Seller App (BPP).,"logistics.logistics_on_search_metrics.""bpp_id""",logistics.logistics_on_search_metrics,
date,Timestamp or date indicating when date occurred.,"logistics.logistics_on_search_metrics.""date""",logistics.logistics_on_search_metrics,
s_category_id,Unique identifier for s category.,"logistics.logistics_on_search_metrics.""s_category_id""",logistics.logistics_on_search_metrics,
pick_up_pincode,Indian postal code (pincode).,"logistics.logistics_on_search_metrics.""pick_up_pincode""",logistics.logistics_on_search_metrics,
delivery_pincode,Indian postal code (pincode).,"logistics.logistics_on_search_metrics.""delivery_pincode""",logistics.logistics_on_search_metrics,
s_sync_response,Data representing the s sync response.,"logistics.logistics_on_search_metrics.""s_sync_response""",logistics.logistics_on_search_metrics,
on_search_received,Data representing the on search received.,"logistics.logistics_on_search_metrics.""on_search_received""",logistics.logistics_on_search_metrics,
on_search_error,Data representing the on search error.,"logistics.logistics_on_search_metrics.""on_search_error""",logistics.logistics_on_search_metrics,
review,Data representing the review.,"logistics.logistics_on_search_metrics.""review""",logistics.logistics_on_search_metrics,
success_review,Data representing the success review.,"logistics.logistics_on_search_metrics.""success_review""",logistics.logistics_on_search_metrics,
success_lsp,Logistics Service Provider reference.,"logistics.logistics_on_search_metrics.""success_lsp""",logistics.logistics_on_search_metrics,
snp_key,Data representing the snp key.,"logistics.logistics_on_search_metrics.""snp_key""",logistics.logistics_on_search_metrics,
lnp_key,Data representing the lnp key.,"logistics.logistics_on_search_metrics.""lnp_key""",logistics.logistics_on_search_metrics,
"▼ logistics_on_search_metrics_bv   (view, 34 cols)",,,logistics.logistics_on_search_metrics_bv,"SELECT m.bap_id,
    m.bpp_id,
    m.date,
    m.s_category_id,
    m.pick_up_pincode,
    m.delivery_pincode,
    m.s_sync_response,
    m.on_search_received,
    m.on_search_error,
    m.review,
    m.success_review,
    m.success_lsp,
    m.snp_key,
    m.lnp_key,
    lnp.logistics_np_name AS lnp,
    snp.seller_np_name AS snp,
        CASE
            WHEN m.review::text = 'no'::text THEN m.snp_key
            ELSE 0::bigint
        END AS ""Unique Searches with 0 on_search"",
        CASE
            WHEN m.on_search_received::text = 'yes'::text AND m.on_search_error IS NOT NULL THEN m.lnp_key
            ELSE 0::bigint
        END AS ""On_search received with errors"",
        CASE
            WHEN m.on_search_received::text = 'no'::text AND (m.on_search_error IS NULL OR TRIM(BOTH FROM m.on_search_error) = ''::text) AND (m.s_sync_response IS NULL OR (m.s_sync_response::text <> ALL (ARRAY['NACK'::character varying, 'error_calling_seller'::character varying]::text[]))) THEN m.lnp_key
            ELSE 0::bigint
        END AS ""No On_search response"",
        CASE
            WHEN m.s_sync_response::text = 'error_calling_seller'::text THEN m.lnp_key
            ELSE 0::bigint
        END AS ""Searches Dropped Due to LSP System Issue"",
        CASE
            WHEN m.s_sync_response::text = 'NACK'::text THEN m.lnp_key
            ELSE 0::bigint
        END AS ""Searches with NACK response by LSP"",
        CASE
            WHEN m.on_search_received::text = 'yes'::text AND m.on_search_error IS NULL THEN m.lnp_key
            ELSE 0::bigint
        END AS ""On_search received with No errors"",
        CASE
            WHEN m.on_search_received::text = 'yes'::text AND m.on_search_error IS NULL THEN m.lnp_key
            ELSE 0::bigint
        END AS ""Atleast 1 on_search received"",
        CASE
            WHEN m.on_search_received::text = 'yes'::text AND m.on_search_error IS NULL THEN lnp.logistics_np_name
            ELSE NULL::character varying
        END AS ""LSPs with Successful Response"",
    ecm.message AS ""Error Message"",
    ecm.description AS ""Error Description"",
    sp.statename AS ""Pick Up State"",
    dp.statename AS ""Delivery State"",
    sp.districtname AS ""Pick Up City"",
    dp.districtname AS ""Delivery City"",
    sp.tier AS ""Pick Up Tier"",
    dp.tier AS ""Delivery Tier"",
    sp.zones AS ""Pick Up Zone"",
    dp.zones AS ""Delivery Zone""
   FROM logistics.logistics_on_search_metrics m
     LEFT JOIN dimension.dim_logistics_np lnp ON m.bpp_id::text = lnp.logistics_np::text
     LEFT JOIN dimension.dim_logistics_seller_np snp ON m.bap_id::text = snp.seller_np::text
     LEFT JOIN dimension.dim_error_code_mapping ecm ON m.on_search_error::text = ecm.code::text
     LEFT JOIN dimension.dim_pincode sp ON m.pick_up_pincode::text = sp.pincode::text
     LEFT JOIN dimension.dim_pincode dp ON m.delivery_pincode::text = dp.pincode::text;"
bap_id,Unique identifier for the Buyer App (BAP).,"logistics.logistics_on_search_metrics_bv.""bap_id""",logistics.logistics_on_search_metrics_bv,
bpp_id,Unique identifier for the Seller App (BPP).,"logistics.logistics_on_search_metrics_bv.""bpp_id""",logistics.logistics_on_search_metrics_bv,
date,Timestamp or date indicating when date occurred.,"logistics.logistics_on_search_metrics_bv.""date""",logistics.logistics_on_search_metrics_bv,
s_category_id,Unique identifier for s category.,"logistics.logistics_on_search_metrics_bv.""s_category_id""",logistics.logistics_on_search_metrics_bv,
pick_up_pincode,Indian postal code (pincode).,"logistics.logistics_on_search_metrics_bv.""pick_up_pincode""",logistics.logistics_on_search_metrics_bv,
delivery_pincode,Indian postal code (pincode).,"logistics.logistics_on_search_metrics_bv.""delivery_pincode""",logistics.logistics_on_search_metrics_bv,
s_sync_response,Data representing the s sync response.,"logistics.logistics_on_search_metrics_bv.""s_sync_response""",logistics.logistics_on_search_metrics_bv,
on_search_received,Data representing the on search received.,"logistics.logistics_on_search_metrics_bv.""on_search_received""",logistics.logistics_on_search_metrics_bv,
on_search_error,Data representing the on search error.,"logistics.logistics_on_search_metrics_bv.""on_search_error""",logistics.logistics_on_search_metrics_bv,
review,Data representing the review.,"logistics.logistics_on_search_metrics_bv.""review""",logistics.logistics_on_search_metrics_bv,
success_review,Data representing the success review.,"logistics.logistics_on_search_metrics_bv.""success_review""",logistics.logistics_on_search_metrics_bv,
success_lsp,Logistics Service Provider reference.,"logistics.logistics_on_search_metrics_bv.""success_lsp""",logistics.logistics_on_search_metrics_bv,
snp_key,Data representing the snp key.,"logistics.logistics_on_search_metrics_bv.""snp_key""",logistics.logistics_on_search_metrics_bv,
lnp_key,Data representing the lnp key.,"logistics.logistics_on_search_metrics_bv.""lnp_key""",logistics.logistics_on_search_metrics_bv,
lnp,Data representing the lnp.,"logistics.logistics_on_search_metrics_bv.""lnp""",logistics.logistics_on_search_metrics_bv,
snp,Data representing the snp.,"logistics.logistics_on_search_metrics_bv.""snp""",logistics.logistics_on_search_metrics_bv,
Unique Searches with 0 on_search,Data representing the unique searches with 0 on search.,"logistics.logistics_on_search_metrics_bv.""Unique Searches with 0 on_search""",logistics.logistics_on_search_metrics_bv,
On_search received with errors,Data representing the on search received with errors.,"logistics.logistics_on_search_metrics_bv.""On_search received with errors""",logistics.logistics_on_search_metrics_bv,
No On_search response,Data representing the no on search response.,"logistics.logistics_on_search_metrics_bv.""No On_search response""",logistics.logistics_on_search_metrics_bv,
Searches Dropped Due to LSP System Issue,Logistics Service Provider reference.,"logistics.logistics_on_search_metrics_bv.""Searches Dropped Due to LSP System Issue""",logistics.logistics_on_search_metrics_bv,
Searches with NACK response by LSP,Logistics Service Provider reference.,"logistics.logistics_on_search_metrics_bv.""Searches with NACK response by LSP""",logistics.logistics_on_search_metrics_bv,
On_search received with No errors,Data representing the on search received with no errors.,"logistics.logistics_on_search_metrics_bv.""On_search received with No errors""",logistics.logistics_on_search_metrics_bv,
Atleast 1 on_search received,Timestamp or date indicating when atleast 1 on search received occurred.,"logistics.logistics_on_search_metrics_bv.""Atleast 1 on_search received""",logistics.logistics_on_search_metrics_bv,
LSPs with Successful Response,Logistics Service Provider reference.,"logistics.logistics_on_search_metrics_bv.""LSPs with Successful Response""",logistics.logistics_on_search_metrics_bv,
Error Message,Data representing the error message.,"logistics.logistics_on_search_metrics_bv.""Error Message""",logistics.logistics_on_search_metrics_bv,
Error Description,Data representing the error description.,"logistics.logistics_on_search_metrics_bv.""Error Description""",logistics.logistics_on_search_metrics_bv,
Pick Up State,Turn-Around-Time (TAT) measurement.,"logistics.logistics_on_search_metrics_bv.""Pick Up State""",logistics.logistics_on_search_metrics_bv,
Delivery State,Turn-Around-Time (TAT) measurement.,"logistics.logistics_on_search_metrics_bv.""Delivery State""",logistics.logistics_on_search_metrics_bv,
Pick Up City,City name for the given context.,"logistics.logistics_on_search_metrics_bv.""Pick Up City""",logistics.logistics_on_search_metrics_bv,
Delivery City,City name for the given context.,"logistics.logistics_on_search_metrics_bv.""Delivery City""",logistics.logistics_on_search_metrics_bv,
Pick Up Tier,Data representing the pick up tier.,"logistics.logistics_on_search_metrics_bv.""Pick Up Tier""",logistics.logistics_on_search_metrics_bv,
Delivery Tier,Data representing the delivery tier.,"logistics.logistics_on_search_metrics_bv.""Delivery Tier""",logistics.logistics_on_search_metrics_bv,
Pick Up Zone,Data representing the pick up zone.,"logistics.logistics_on_search_metrics_bv.""Pick Up Zone""",logistics.logistics_on_search_metrics_bv,
Delivery Zone,Data representing the delivery zone.,"logistics.logistics_on_search_metrics_bv.""Delivery Zone""",logistics.logistics_on_search_metrics_bv,
"▼ logistics_on_search_metrics_stage   (base table, 14 cols)",,,logistics.logistics_on_search_metrics_stage,
bap_id,Unique identifier for the Buyer App (BAP).,"logistics.logistics_on_search_metrics_stage.""bap_id""",logistics.logistics_on_search_metrics_stage,
bpp_id,Unique identifier for the Seller App (BPP).,"logistics.logistics_on_search_metrics_stage.""bpp_id""",logistics.logistics_on_search_metrics_stage,
date,Timestamp or date indicating when date occurred.,"logistics.logistics_on_search_metrics_stage.""date""",logistics.logistics_on_search_metrics_stage,
s_category_id,Unique identifier for s category.,"logistics.logistics_on_search_metrics_stage.""s_category_id""",logistics.logistics_on_search_metrics_stage,
pick_up_pincode,Indian postal code (pincode).,"logistics.logistics_on_search_metrics_stage.""pick_up_pincode""",logistics.logistics_on_search_metrics_stage,
delivery_pincode,Indian postal code (pincode).,"logistics.logistics_on_search_metrics_stage.""delivery_pincode""",logistics.logistics_on_search_metrics_stage,
s_sync_response,Data representing the s sync response.,"logistics.logistics_on_search_metrics_stage.""s_sync_response""",logistics.logistics_on_search_metrics_stage,
on_search_received,Data representing the on search received.,"logistics.logistics_on_search_metrics_stage.""on_search_received""",logistics.logistics_on_search_metrics_stage,
on_search_error,Data representing the on search error.,"logistics.logistics_on_search_metrics_stage.""on_search_error""",logistics.logistics_on_search_metrics_stage,
review,Data representing the review.,"logistics.logistics_on_search_metrics_stage.""review""",logistics.logistics_on_search_metrics_stage,
success_review,Data representing the success review.,"logistics.logistics_on_search_metrics_stage.""success_review""",logistics.logistics_on_search_metrics_stage,
success_lsp,Logistics Service Provider reference.,"logistics.logistics_on_search_metrics_stage.""success_lsp""",logistics.logistics_on_search_metrics_stage,
snp_key,Data representing the snp key.,"logistics.logistics_on_search_metrics_stage.""snp_key""",logistics.logistics_on_search_metrics_stage,
lnp_key,Data representing the lnp key.,"logistics.logistics_on_search_metrics_stage.""lnp_key""",logistics.logistics_on_search_metrics_stage,
"▼ logistics_order   (view, 48 cols)",,,logistics.logistics_order,"WITH base_master AS (
         SELECT ml.bap_id,
            ml.bpp_id,
            ml.order_id,
            ml.transaction_id,
            ml.fulfillment_status,
            ml.cod_order,
            ml.date,
            ml.order_created_at,
            ml.cancellation_code,
            ml.latest_order_status,
            ml.retail_order_id,
            ml.pick_up_pincode,
            ml.delivery_pincode,
            ml.retail_category,
            ml.shipment_type,
            ml.motorable_distance,
            ml.provider_name,
            ml.pickup_tat,
            ml.rts_tat,
            ml.f_ready_to_ship_at_date,
            ml.f_at_pickup_from_date,
            ml.f_agent_assigned_at_date,
            ml.delivered_date,
            ml.cancelled_date,
            ml.picked_date,
            ml.drop_row,
            ml.row_updated,
            ml.promised_time_to_deliver,
            ml.fulfillment_type,
            ml.awb_number,
            ml.pick_up_lat,
            ml.pick_up_long,
                CASE
                    WHEN ml.delivered_date IS NULL AND ml.cancelled_date IS NOT NULL THEN 'Cancelled'::character varying
                    WHEN ml.delivered_date IS NOT NULL AND ml.cancelled_date IS NULL THEN 'Completed'::character varying
                    ELSE ml.latest_order_status
                END AS order_status
           FROM logistics.master_log ml
          WHERE ml.drop_row = 0
        ), txid AS (
         SELECT base_master.transaction_id,
            max(base_master.retail_order_id::text) AS roi
           FROM base_master
          WHERE base_master.retail_order_id IS NOT NULL
          GROUP BY base_master.transaction_id
        ), master_table AS (
         SELECT ml.bap_id,
            ml.bpp_id,
            ml.order_id,
            ml.transaction_id,
            ml.fulfillment_status,
            ml.cod_order,
            ml.date,
            ml.order_created_at,
            ml.cancellation_code,
            ml.latest_order_status,
            COALESCE(tx.roi, ml.retail_order_id::text)::character varying AS retail_order_id,
            ml.pick_up_pincode,
            ml.delivery_pincode,
            ml.retail_category,
            ml.shipment_type,
            ml.motorable_distance,
            ml.provider_name,
            ml.pickup_tat,
            ml.rts_tat,
            ml.f_ready_to_ship_at_date,
            ml.f_at_pickup_from_date,
            ml.f_agent_assigned_at_date,
            ml.delivered_date,
            ml.cancelled_date,
            ml.picked_date,
            ml.promised_time_to_deliver,
            ml.fulfillment_type,
            ml.awb_number,
            ml.order_status
           FROM base_master ml
             LEFT JOIN txid tx ON tx.transaction_id::text = ml.transaction_id::text
          WHERE NOT (ml.date >= '2024-05-01'::date AND ml.f_agent_assigned_at_date IS NULL AND ml.order_status::text = 'Cancelled'::text AND
                CASE
                    WHEN ml.bpp_id::text = 'ondc-lsp.olacabs.com'::text THEN 'P2P'::text
                    ELSE ml.shipment_type::text
                END = 'P2P'::text)
        ), base AS (
         SELECT COALESCE(l1.retail_order_id, l1.transaction_id) AS network_retail_order_id,
            l1.bpp_id,
            l1.order_created_at,
            l1.transaction_id,
            l1.order_id,
            l1.order_status,
            l1.f_agent_assigned_at_date,
            COALESCE(l1.f_at_pickup_from_date, l1.picked_date) AS pickup_date,
                CASE
                    WHEN l1.order_status::text = 'Completed'::text AND l1.f_agent_assigned_at_date IS NOT NULL AND COALESCE(l1.f_at_pickup_from_date, l1.picked_date) IS NOT NULL THEN 1
                    WHEN l1.order_status::text = 'Completed'::text AND l1.f_agent_assigned_at_date IS NOT NULL AND COALESCE(l1.f_at_pickup_from_date, l1.picked_date) IS NULL THEN 2
                    WHEN l1.order_status::text = 'Completed'::text AND l1.f_agent_assigned_at_date IS NULL AND COALESCE(l1.f_at_pickup_from_date, l1.picked_date) IS NOT NULL THEN 3
                    WHEN l1.order_status::text = 'Completed'::text AND l1.f_agent_assigned_at_date IS NULL AND COALESCE(l1.f_at_pickup_from_date, l1.picked_date) IS NULL THEN 4
                    WHEN (l1.order_status::text <> ALL (ARRAY['Completed'::text, 'Cancelled'::text])) AND l1.f_agent_assigned_at_date IS NOT NULL AND COALESCE(l1.f_at_pickup_from_date, l1.picked_date) IS NOT NULL THEN 5
                    WHEN (l1.order_status::text <> ALL (ARRAY['Completed'::text, 'Cancelled'::text])) AND l1.f_agent_assigned_at_date IS NOT NULL AND COALESCE(l1.f_at_pickup_from_date, l1.picked_date) IS NULL THEN 6
                    WHEN (l1.order_status::text <> ALL (ARRAY['Completed'::text, 'Cancelled'::text])) AND l1.f_agent_assigned_at_date IS NULL AND COALESCE(l1.f_at_pickup_from_date, l1.picked_date) IS NOT NULL THEN 7
                    WHEN (l1.order_status::text <> ALL (ARRAY['Completed'::text, 'Cancelled'::text])) AND l1.f_agent_assigned_at_date IS NULL AND COALESCE(l1.f_at_pickup_from_date, l1.picked_date) IS NULL THEN 8
                    WHEN l1.order_status::text = 'Cancelled'::text AND l1.f_agent_assigned_at_date IS NOT NULL AND COALESCE(l1.f_at_pickup_from_date, l1.picked_date) IS NOT NULL THEN 9
                    WHEN l1.order_status::text = 'Cancelled'::text AND l1.f_agent_assigned_at_date IS NOT NULL AND COALESCE(l1.f_at_pickup_from_date, l1.picked_date) IS NULL THEN 10
                    WHEN l1.order_status::text = 'Cancelled'::text AND l1.f_agent_assigned_at_date IS NULL AND COALESCE(l1.f_at_pickup_from_date, l1.picked_date) IS NOT NULL THEN 11
                    WHEN l1.order_status::text = 'Cancelled'::text AND l1.f_agent_assigned_at_date IS NULL AND COALESCE(l1.f_at_pickup_from_date, l1.picked_date) IS NULL THEN 12
                    ELSE 999
                END AS rank
           FROM master_table l1
        ), base_with_mark AS (
         SELECT base.network_retail_order_id,
            base.bpp_id,
            base.order_created_at,
            base.transaction_id,
            base.order_id,
            base.order_status,
            base.f_agent_assigned_at_date,
            base.pickup_date,
            base.rank,
                CASE base.rank
                    WHEN 1 THEN 'DAP'::text
                    WHEN 2 THEN 'DANP'::text
                    WHEN 3 THEN 'DNAP'::text
                    WHEN 4 THEN 'DNANP'::text
                    WHEN 5 THEN 'IPAP'::text
                    WHEN 6 THEN 'IPANP'::text
                    WHEN 7 THEN 'IPNAP'::text
                    WHEN 8 THEN 'IPNANP'::text
                    WHEN 9 THEN 'CAP'::text
                    WHEN 10 THEN 'CANP'::text
                    WHEN 11 THEN 'CNAP'::text
                    WHEN 12 THEN 'CNANP'::text
                    ELSE NULL::text
                END AS mark
           FROM base
        ), min_dedup AS (
         SELECT DISTINCT ON (t.network_retail_order_id) t.bpp_id,
            t.network_retail_order_id,
            t.transaction_id,
            t.order_id
           FROM ( SELECT base_with_mark.network_retail_order_id,
                    base_with_mark.bpp_id,
                    base_with_mark.order_created_at,
                    base_with_mark.transaction_id,
                    base_with_mark.order_id,
                    base_with_mark.order_status,
                    base_with_mark.f_agent_assigned_at_date,
                    base_with_mark.pickup_date,
                    base_with_mark.rank,
                    base_with_mark.mark,
                    min(base_with_mark.rank) OVER (PARTITION BY base_with_mark.network_retail_order_id) AS min_rank_val
                   FROM base_with_mark) t
          WHERE t.rank = t.min_rank_val
          ORDER BY t.network_retail_order_id, t.order_created_at DESC
        ), order_level_dedup AS (
         SELECT DISTINCT ON (order_level.""Network order id"") order_level.""Network order id"",
            order_level.""Buyer NP"",
            order_level.""Seller NP""
           FROM analytics_insight.order_level
          ORDER BY order_level.""Network order id""
        ), master_with_rownum AS (
         SELECT mt.bap_id,
            mt.bpp_id,
            mt.order_id,
            mt.transaction_id,
            mt.fulfillment_status,
            mt.cod_order,
            mt.date,
            mt.order_created_at,
            mt.cancellation_code,
            mt.latest_order_status,
            mt.retail_order_id,
            mt.pick_up_pincode,
            mt.delivery_pincode,
            mt.retail_category,
            mt.shipment_type,
            mt.motorable_distance,
            mt.provider_name,
            mt.pickup_tat,
            mt.rts_tat,
            mt.f_ready_to_ship_at_date,
            mt.f_at_pickup_from_date,
            mt.f_agent_assigned_at_date,
            mt.delivered_date,
            mt.cancelled_date,
            mt.picked_date,
            mt.promised_time_to_deliver,
            mt.fulfillment_type,
            mt.order_status,
            mt.awb_number AS awbnumber,
                CASE
                    WHEN md.transaction_id::text = mt.transaction_id::text AND COALESCE(mt.retail_order_id::text, mt.transaction_id::text) = md.network_retail_order_id::text AND md.order_id::text = mt.order_id::text THEN 1
                    ELSE 0
                END AS rn_retail,
            row_number() OVER (PARTITION BY mt.order_id, mt.transaction_id, mt.bap_id, mt.bpp_id, mt.order_created_at ORDER BY mt.order_created_at DESC) AS rn_order
           FROM master_table mt
             LEFT JOIN min_dedup md ON md.bpp_id::text = mt.bpp_id::text AND md.transaction_id::text = mt.transaction_id::text AND COALESCE(mt.retail_order_id::text, mt.transaction_id::text) = md.network_retail_order_id::text AND md.order_id::text = mt.order_id::text
        )
 SELECT mw.bap_id,
    mw.bpp_id,
        CASE
            WHEN mw.date >= (CURRENT_DATE - '6 mons'::interval) THEN mw.order_id
            ELSE NULL::character varying
        END AS order_id,
        CASE
            WHEN mw.date >= (CURRENT_DATE - '6 mons'::interval) THEN mw.transaction_id
            ELSE NULL::character varying
        END AS transaction_id,
    mw.fulfillment_status,
    mw.fulfillment_type,
    mw.cod_order,
    mw.date,
    mw.order_created_at,
    mw.cancellation_code,
    mw.order_status AS latest_order_status,
        CASE
            WHEN mw.date >= (CURRENT_DATE - '6 mons'::interval) THEN mw.retail_order_id
            ELSE NULL::character varying
        END AS retail_order_id,
    mw.pick_up_pincode,
    mw.delivery_pincode,
    mw.retail_category,
    mw.shipment_type,
    mw.motorable_distance,
    mw.provider_name,
    date_trunc('minute'::text, mw.pickup_tat) AS pickup_tat,
    date_trunc('minute'::text, mw.rts_tat) AS rts_tat,
        CASE
            WHEN mw.date >= (CURRENT_DATE - '6 mons'::interval) THEN date_trunc('minute'::text, mw.f_ready_to_ship_at_date)
            ELSE NULL::timestamp without time zone
        END AS f_ready_to_ship_at_date,
    date_trunc('minute'::text, mw.f_at_pickup_from_date) AS f_at_pickup_from_date,
    date_trunc('minute'::text, mw.f_agent_assigned_at_date) AS f_agent_assigned_at_date,
    date_trunc('minute'::text, mw.delivered_date) AS delivered_date,
    date_trunc('minute'::text, mw.cancelled_date) AS cancelled_date,
    date_trunc('minute'::text, mw.picked_date) AS picked_date,
    date_trunc('minute'::text, mw.promised_time_to_deliver) AS promised_time_to_deliver,
    mw.awbnumber,
    o.""Buyer NP"" AS buyer_np,
    o.""Seller NP"" AS retail_snp,
        CASE
            WHEN o.""Network order id"" IS NOT NULL THEN 1
            ELSE 0
        END AS ""Linked Orders"",
    mw.rn_retail AS dedup,
        CASE
            WHEN mw.rn_order = 1 THEN 1
            ELSE 0
        END AS order_count,
        CASE
            WHEN mw.order_status::text = 'Completed'::text AND mw.delivered_date IS NOT NULL AND mw.f_ready_to_ship_at_date IS NOT NULL THEN round(EXTRACT(epoch FROM mw.delivered_date - mw.f_ready_to_ship_at_date) / 60::numeric, 0)
            ELSE NULL::numeric
        END AS avg_del,
    round(EXTRACT(epoch FROM mw.promised_time_to_deliver - mw.order_created_at) / 60::numeric, 0) AS del_tat_duration,
        CASE
            WHEN mw.order_status::text = 'Completed'::text AND mw.delivered_date IS NOT NULL AND mw.f_ready_to_ship_at_date IS NOT NULL THEN
            CASE
                WHEN mw.delivered_date <= mw.promised_time_to_deliver THEN 1
                ELSE 0
            END
            ELSE NULL::integer
        END AS del_adherence,
        CASE
            WHEN mw.order_status::text = 'Completed'::text AND mw.delivered_date IS NOT NULL AND mw.f_ready_to_ship_at_date IS NOT NULL AND mw.promised_time_to_deliver IS NOT NULL AND mw.delivered_date > mw.promised_time_to_deliver THEN EXTRACT(epoch FROM mw.delivered_date - mw.promised_time_to_deliver)
            ELSE NULL::numeric
        END AS del_breach_diff,
        CASE
            WHEN mw.f_ready_to_ship_at_date IS NOT NULL THEN EXTRACT(epoch FROM mw.f_ready_to_ship_at_date - mw.order_created_at)
            ELSE NULL::numeric
        END AS rtsvscrt,
        CASE
            WHEN mw.picked_date IS NOT NULL THEN EXTRACT(epoch FROM COALESCE(mw.f_at_pickup_from_date, mw.picked_date) - mw.f_ready_to_ship_at_date)
            ELSE NULL::numeric
        END AS rtsvspck,
        CASE
            WHEN mw.order_status::text = 'Completed'::text AND mw.delivered_date IS NOT NULL AND mw.f_ready_to_ship_at_date IS NOT NULL THEN round(EXTRACT(epoch FROM mw.delivered_date - mw.f_ready_to_ship_at_date) / 60::numeric, 0)
            ELSE NULL::numeric
        END AS delage,
        CASE
            WHEN mw.order_status::text = 'Cancelled'::text THEN EXTRACT(epoch FROM mw.cancelled_date - mw.order_created_at)
            ELSE NULL::numeric
        END AS cancel_secs,
        CASE
            WHEN mw.order_status::text <> ALL (ARRAY['Completed'::text, 'Cancelled'::text]) THEN round(EXTRACT(epoch FROM now() - mw.order_created_at::timestamp with time zone) / 60::numeric, 0)
            ELSE NULL::numeric
        END AS in_process_ageing,
        CASE
            WHEN mw.f_at_pickup_from_date IS NOT NULL AND mw.picked_date IS NOT NULL THEN round(EXTRACT(epoch FROM mw.picked_date - mw.f_at_pickup_from_date) / 60::numeric, 0)
            ELSE NULL::numeric
        END AS rider_waiting,
        CASE
            WHEN mw.f_agent_assigned_at_date IS NOT NULL AND mw.f_ready_to_ship_at_date IS NOT NULL THEN round(EXTRACT(epoch FROM mw.f_agent_assigned_at_date - mw.f_ready_to_ship_at_date) / 60::numeric, 0)
            ELSE NULL::numeric
        END AS rider_assigning,
        CASE
            WHEN mw.pickup_tat IS NOT NULL AND (mw.f_at_pickup_from_date IS NOT NULL OR mw.picked_date IS NOT NULL) THEN
            CASE
                WHEN COALESCE(mw.f_at_pickup_from_date, mw.picked_date) <= mw.pickup_tat THEN 0
                ELSE 1
            END
            ELSE NULL::integer
        END AS pick_up_breached,
        CASE
            WHEN mw.pickup_tat IS NOT NULL AND (mw.f_at_pickup_from_date IS NOT NULL OR mw.picked_date IS NOT NULL) THEN EXTRACT(epoch FROM COALESCE(mw.f_at_pickup_from_date, mw.picked_date) - mw.pickup_tat)
            ELSE NULL::numeric
        END AS pick_up_tat_diff,
        CASE
            WHEN mw.rts_tat IS NOT NULL AND mw.f_ready_to_ship_at_date IS NOT NULL THEN
            CASE
                WHEN mw.f_ready_to_ship_at_date <= mw.rts_tat THEN 0
                ELSE 1
            END
            ELSE NULL::integer
        END AS rts_breached,
        CASE
            WHEN mw.rts_tat IS NOT NULL AND mw.f_ready_to_ship_at_date IS NOT NULL THEN EXTRACT(epoch FROM mw.f_ready_to_ship_at_date - mw.rts_tat)
            ELSE NULL::numeric
        END AS rts_tat_diff
   FROM master_with_rownum mw
     LEFT JOIN order_level_dedup o ON o.""Network order id""::text = mw.retail_order_id::text;"
bap_id,Unique identifier for the Buyer App (BAP).,"logistics.logistics_order.""bap_id""",logistics.logistics_order,
bpp_id,Unique identifier for the Seller App (BPP).,"logistics.logistics_order.""bpp_id""",logistics.logistics_order,
order_id,Unique identifier for order.,"logistics.logistics_order.""order_id""",logistics.logistics_order,
transaction_id,Unique ONDC transaction identifier.,"logistics.logistics_order.""transaction_id""",logistics.logistics_order,
fulfillment_status,Turn-Around-Time (TAT) measurement.,"logistics.logistics_order.""fulfillment_status""",logistics.logistics_order,
fulfillment_type,Data representing the fulfillment type.,"logistics.logistics_order.""fulfillment_type""",logistics.logistics_order,
cod_order,Data representing the cod order.,"logistics.logistics_order.""cod_order""",logistics.logistics_order,
date,Timestamp or date indicating when date occurred.,"logistics.logistics_order.""date""",logistics.logistics_order,
order_created_at,Timestamp when the record was created.,"logistics.logistics_order.""order_created_at""",logistics.logistics_order,
cancellation_code,Timestamp or date indicating when cancellation code occurred.,"logistics.logistics_order.""cancellation_code""",logistics.logistics_order,
latest_order_status,Turn-Around-Time (TAT) measurement.,"logistics.logistics_order.""latest_order_status""",logistics.logistics_order,
retail_order_id,Unique identifier for retail order.,"logistics.logistics_order.""retail_order_id""",logistics.logistics_order,
pick_up_pincode,Indian postal code (pincode).,"logistics.logistics_order.""pick_up_pincode""",logistics.logistics_order,
delivery_pincode,Indian postal code (pincode).,"logistics.logistics_order.""delivery_pincode""",logistics.logistics_order,
retail_category,Timestamp or date indicating when retail category occurred.,"logistics.logistics_order.""retail_category""",logistics.logistics_order,
shipment_type,Data representing the shipment type.,"logistics.logistics_order.""shipment_type""",logistics.logistics_order,
motorable_distance,Data representing the motorable distance.,"logistics.logistics_order.""motorable_distance""",logistics.logistics_order,
provider_name,Unique identifier for provider name.,"logistics.logistics_order.""provider_name""",logistics.logistics_order,
pickup_tat,Turn-Around-Time (TAT) measurement.,"logistics.logistics_order.""pickup_tat""",logistics.logistics_order,
rts_tat,Turn-Around-Time (TAT) measurement.,"logistics.logistics_order.""rts_tat""",logistics.logistics_order,
f_ready_to_ship_at_date,Timestamp or date indicating when f ready to ship at date occurred.,"logistics.logistics_order.""f_ready_to_ship_at_date""",logistics.logistics_order,
f_at_pickup_from_date,Timestamp or date indicating when f at pickup from date occurred.,"logistics.logistics_order.""f_at_pickup_from_date""",logistics.logistics_order,
f_agent_assigned_at_date,Timestamp or date indicating when f agent assigned at date occurred.,"logistics.logistics_order.""f_agent_assigned_at_date""",logistics.logistics_order,
delivered_date,Timestamp or date indicating when delivered date occurred.,"logistics.logistics_order.""delivered_date""",logistics.logistics_order,
cancelled_date,Timestamp or date indicating when cancelled date occurred.,"logistics.logistics_order.""cancelled_date""",logistics.logistics_order,
picked_date,Timestamp or date indicating when picked date occurred.,"logistics.logistics_order.""picked_date""",logistics.logistics_order,
promised_time_to_deliver,Timestamp or date indicating when promised time to deliver occurred.,"logistics.logistics_order.""promised_time_to_deliver""",logistics.logistics_order,
awbnumber,Data representing the awbnumber.,"logistics.logistics_order.""awbnumber""",logistics.logistics_order,
buyer_np,Data representing the buyer np.,"logistics.logistics_order.""buyer_np""",logistics.logistics_order,
retail_snp,Data representing the retail snp.,"logistics.logistics_order.""retail_snp""",logistics.logistics_order,
Linked Orders,Data representing the linked orders.,"logistics.logistics_order.""Linked Orders""",logistics.logistics_order,
dedup,Data representing the dedup.,"logistics.logistics_order.""dedup""",logistics.logistics_order,
order_count,Data representing the order count.,"logistics.logistics_order.""order_count""",logistics.logistics_order,
avg_del,Data representing the avg del.,"logistics.logistics_order.""avg_del""",logistics.logistics_order,
del_tat_duration,Turn-Around-Time (TAT) measurement.,"logistics.logistics_order.""del_tat_duration""",logistics.logistics_order,
del_adherence,Data representing the del adherence.,"logistics.logistics_order.""del_adherence""",logistics.logistics_order,
del_breach_diff,Data representing the del breach diff.,"logistics.logistics_order.""del_breach_diff""",logistics.logistics_order,
rtsvscrt,Data representing the rtsvscrt.,"logistics.logistics_order.""rtsvscrt""",logistics.logistics_order,
rtsvspck,Data representing the rtsvspck.,"logistics.logistics_order.""rtsvspck""",logistics.logistics_order,
delage,Data representing the delage.,"logistics.logistics_order.""delage""",logistics.logistics_order,
cancel_secs,Data representing the cancel secs.,"logistics.logistics_order.""cancel_secs""",logistics.logistics_order,
in_process_ageing,Data representing the in process ageing.,"logistics.logistics_order.""in_process_ageing""",logistics.logistics_order,
rider_waiting,Unique identifier for rider waiting.,"logistics.logistics_order.""rider_waiting""",logistics.logistics_order,
rider_assigning,Unique identifier for rider assigning.,"logistics.logistics_order.""rider_assigning""",logistics.logistics_order,
pick_up_breached,Data representing the pick up breached.,"logistics.logistics_order.""pick_up_breached""",logistics.logistics_order,
pick_up_tat_diff,Turn-Around-Time (TAT) measurement.,"logistics.logistics_order.""pick_up_tat_diff""",logistics.logistics_order,
rts_breached,Data representing the rts breached.,"logistics.logistics_order.""rts_breached""",logistics.logistics_order,
rts_tat_diff,Turn-Around-Time (TAT) measurement.,"logistics.logistics_order.""rts_tat_diff""",logistics.logistics_order,
"▼ logistics_order_bv   (view, 206 cols)",,,logistics.logistics_order_bv,"SELECT lo.bap_id,
    lo.bpp_id,
    lo.order_id,
    lo.transaction_id,
    lo.fulfillment_status,
    lo.fulfillment_type,
    lo.cod_order,
    lo.date,
    lo.order_created_at,
    lo.cancellation_code,
    lo.latest_order_status,
    lo.retail_order_id,
    lo.pick_up_pincode,
    lo.delivery_pincode,
    lo.retail_category,
    lo.shipment_type,
    lo.motorable_distance,
    lo.provider_name,
    lo.pickup_tat,
    lo.rts_tat,
    lo.f_ready_to_ship_at_date,
    lo.f_at_pickup_from_date,
    lo.f_agent_assigned_at_date,
    lo.delivered_date,
    lo.cancelled_date,
    lo.picked_date,
    lo.promised_time_to_deliver,
    lo.buyer_np,
    lo.retail_snp,
    lo.""Linked Orders"",
    lo.dedup,
    lo.order_count,
    lo.avg_del,
    lo.del_tat_duration,
    lo.del_adherence,
    lo.del_breach_diff,
    lo.rtsvscrt,
    lo.rtsvspck,
    lo.delage,
    lo.cancel_secs,
    lo.in_process_ageing,
    lo.rider_waiting,
    lo.rider_assigning,
    lo.pick_up_breached AS ""Pickup TAT Breached"",
    lo.pick_up_tat_diff,
    lo.rts_breached AS ""RTS Breached"",
    lo.rts_tat_diff,
        CASE
            WHEN lo.latest_order_status::text = 'Completed'::text THEN 'Delivered'::character varying
            WHEN lo.latest_order_status::text = 'Cancelled'::text THEN 'Cancelled'::character varying
            WHEN lo.latest_order_status::text <> ALL (ARRAY['Completed'::character varying::text, 'Cancelled'::character varying::text]) THEN 'In Process'::character varying
            ELSE lo.latest_order_status
        END AS order_status,
        CASE
            WHEN lo.retail_category::text = 'F&B'::text THEN 'F&B'::text
            ELSE 'Non-F&B'::text
        END AS ""Order Category"",
        CASE
            WHEN lo.picked_date IS NOT NULL THEN 'Yes'::text
            ELSE 'No'::text
        END AS ""Order Picked"",
        CASE
            WHEN lo.f_agent_assigned_at_date IS NOT NULL AND lo.f_ready_to_ship_at_date IS NOT NULL THEN
            CASE
                WHEN lo.f_agent_assigned_at_date <= lo.f_ready_to_ship_at_date THEN 'Before RTS'::text
                ELSE 'After RTS'::text
            END
            ELSE NULL::text
        END AS ""Rider Assignment Type"",
    lo.order_count AS confirmed,
        CASE
            WHEN lo.latest_order_status::text = 'Completed'::text THEN lo.order_count
            ELSE 0
        END AS delivered,
        CASE
            WHEN lo.latest_order_status::text = 'Cancelled'::text THEN lo.order_count
            ELSE 0
        END AS cancelled,
        CASE
            WHEN lo.latest_order_status::text <> ALL (ARRAY['Completed'::character varying::text, 'Cancelled'::character varying::text]) THEN lo.order_count
            ELSE 0
        END AS inprocess,
        CASE
            WHEN lo.latest_order_status::text = 'Cancelled'::text AND cc.attributed_to::text = 'Logistics Provider'::text THEN lo.order_count
            ELSE 0
        END AS logistics_cancelled,
        CASE
            WHEN lo.latest_order_status::text = 'Cancelled'::text AND cc.attributed_to::text = 'Buyer App'::text THEN lo.order_count
            ELSE 0
        END AS buyer_cancelled,
        CASE
            WHEN lo.latest_order_status::text = 'Cancelled'::text AND cc.attributed_to::text = 'Seller App'::text THEN lo.order_count
            ELSE 0
        END AS seller_cancelled,
        CASE
            WHEN lo.f_ready_to_ship_at_date IS NOT NULL THEN lo.order_count
            ELSE 0
        END AS ""Confirmed with RTS"",
        CASE
            WHEN lo.f_ready_to_ship_at_date IS NULL THEN lo.order_count
            ELSE 0
        END AS ""confirmed with No RTS"",
        CASE
            WHEN lo.cod_order::text = 'yes'::text THEN lo.order_count
            ELSE 0
        END AS ""COD Orders"",
        CASE
            WHEN lo.retail_order_id IS NOT NULL AND lo.dedup = 1 THEN lo.dedup::bigint
            ELSE 0::bigint
        END AS ""Unique retail orders by snp"",
        CASE
            WHEN lo.del_tat_duration IS NOT NULL THEN lo.del_tat_duration / 1440.0
            ELSE NULL::numeric
        END AS ""Promised TAT (in days)"",
        CASE
            WHEN lo.motorable_distance IS NOT NULL THEN lo.motorable_distance::numeric
            ELSE NULL::numeric
        END AS ""Avg Motorable Distance"",
        CASE
            WHEN lo.motorable_distance IS NULL THEN lo.order_count::numeric
            ELSE NULL::numeric
        END AS ""No Motorable Distance"",
        CASE
            WHEN lo.motorable_distance::numeric <= 3::numeric THEN lo.order_count::numeric
            ELSE 0::numeric
        END AS ""Within 0-3 kms"",
        CASE
            WHEN lo.motorable_distance::numeric > 3::numeric AND lo.motorable_distance::numeric <= 4::numeric THEN lo.order_count::numeric
            ELSE 0::numeric
        END AS ""Within 3-4 kms"",
        CASE
            WHEN lo.motorable_distance::numeric > 4::numeric AND lo.motorable_distance::numeric <= 5::numeric THEN lo.order_count::numeric
            ELSE 0::numeric
        END AS ""Within 4-5 kms"",
        CASE
            WHEN lo.motorable_distance::numeric > 5::numeric AND lo.motorable_distance::numeric <= 7::numeric THEN lo.order_count::numeric
            ELSE 0::numeric
        END AS ""Within 5-7 kms"",
        CASE
            WHEN lo.motorable_distance::numeric > 7::numeric AND lo.motorable_distance::numeric <= 10::numeric THEN lo.order_count::numeric
            ELSE 0::numeric
        END AS ""Within 7-10 kms"",
        CASE
            WHEN lo.motorable_distance::numeric > 10::numeric THEN lo.order_count::numeric
            ELSE 0::numeric
        END AS ""Beyond 10 kms"",
        CASE
            WHEN lo.del_adherence::numeric = 1::numeric THEN lo.order_count
            ELSE 0
        END AS ""Adherence %"",
        CASE
            WHEN lo.latest_order_status::text = 'Completed'::text AND lo.del_breach_diff::double precision > 0::double precision THEN lo.order_count
            ELSE 0
        END AS ""Breached"",
        CASE
            WHEN lo.latest_order_status::text = 'Completed'::text AND lo.del_breach_diff::double precision > 0::double precision AND lo.del_breach_diff::double precision <= 300::double precision THEN lo.order_count
            ELSE 0
        END AS ""Breached 0-5 mins"",
        CASE
            WHEN lo.latest_order_status::text = 'Completed'::text AND lo.del_breach_diff::double precision > 300::double precision AND lo.del_breach_diff::double precision <= 600::double precision THEN lo.order_count
            ELSE 0
        END AS ""Breached 5-10 mins"",
        CASE
            WHEN lo.latest_order_status::text = 'Completed'::text AND lo.del_breach_diff::double precision > 600::double precision AND lo.del_breach_diff::double precision <= 1200::double precision THEN lo.order_count
            ELSE 0
        END AS ""Breached 10-20 mins"",
        CASE
            WHEN lo.latest_order_status::text = 'Completed'::text AND lo.del_breach_diff::double precision > 1200::double precision AND lo.del_breach_diff::double precision <= 1800::double precision THEN lo.order_count
            ELSE 0
        END AS ""Breached 20-30 mins"",
        CASE
            WHEN lo.latest_order_status::text = 'Completed'::text AND lo.del_breach_diff::double precision > 1800::double precision THEN lo.order_count
            ELSE 0
        END AS ""Breached > 30 mins"",
        CASE
            WHEN lo.latest_order_status::text = 'Completed'::text AND lo.del_breach_diff::double precision > 0::double precision AND lo.del_breach_diff::double precision <= 900::double precision THEN lo.order_count
            ELSE 0
        END AS ""Breached 0-15 mins"",
        CASE
            WHEN lo.latest_order_status::text = 'Completed'::text AND lo.del_breach_diff::double precision > 900::double precision AND lo.del_breach_diff::double precision <= 1800::double precision THEN lo.order_count
            ELSE 0
        END AS ""Breached 15-30 mins"",
        CASE
            WHEN lo.latest_order_status::text = 'Completed'::text AND lo.del_breach_diff::double precision > 1800::double precision AND lo.del_breach_diff::double precision <= 3600::double precision THEN lo.order_count
            ELSE 0
        END AS ""Breached 30-60 mins"",
        CASE
            WHEN lo.latest_order_status::text = 'Completed'::text AND lo.del_breach_diff::double precision > 3600::double precision AND lo.del_breach_diff::double precision <= 7200::double precision THEN lo.order_count
            ELSE 0
        END AS ""Breached 1-2 hrs"",
        CASE
            WHEN lo.latest_order_status::text = 'Completed'::text AND lo.del_breach_diff::double precision > 7200::double precision AND lo.del_breach_diff::double precision <= 21600::double precision THEN lo.order_count
            ELSE 0
        END AS ""Breached 2-6 hrs"",
        CASE
            WHEN lo.latest_order_status::text = 'Completed'::text AND lo.del_breach_diff::double precision > 21600::double precision THEN lo.order_count
            ELSE 0
        END AS ""Breached >6 hrs"",
        CASE
            WHEN lo.latest_order_status::text = 'Completed'::text AND lo.del_breach_diff::double precision > 0::double precision AND lo.del_breach_diff::double precision < 86400::double precision THEN lo.order_count
            ELSE 0
        END AS ""Breached 0-1 day"",
        CASE
            WHEN lo.latest_order_status::text = 'Completed'::text AND lo.del_breach_diff::double precision > 86400::double precision AND lo.del_breach_diff::double precision <= 172800::double precision THEN lo.order_count
            ELSE 0
        END AS ""Breached 1-2 day"",
        CASE
            WHEN lo.latest_order_status::text = 'Completed'::text AND lo.del_breach_diff::double precision > 172800::double precision AND lo.del_breach_diff::double precision <= 259200::double precision THEN lo.order_count
            ELSE 0
        END AS ""Breached 2-3 day"",
        CASE
            WHEN lo.latest_order_status::text = 'Completed'::text AND lo.del_breach_diff::double precision > 259200::double precision AND lo.del_breach_diff::double precision <= 345600::double precision THEN lo.order_count
            ELSE 0
        END AS ""Breached 3-4 day"",
        CASE
            WHEN lo.latest_order_status::text = 'Completed'::text AND lo.del_breach_diff::double precision > 345600::double precision THEN lo.order_count
            ELSE 0
        END AS ""Breached > 4 day"",
        CASE
            WHEN lo.latest_order_status::text = 'Completed'::text AND lo.del_breach_diff::double precision > 0::double precision THEN lo.order_count
            ELSE 0
        END AS ""D TAT Breached"",
        CASE
            WHEN lo.shipment_type::text = 'P2H2P'::text THEN lo.avg_del / 1440.0
            ELSE NULL::numeric
        END AS ""Average Delivery Time for Intercity"",
        CASE
            WHEN lo.shipment_type::text = 'P2P'::text THEN lo.avg_del
            ELSE NULL::numeric
        END AS ""Average Delivery Time for Hyperlocal"",
        CASE
            WHEN lo.retail_category::text = 'F&B'::text THEN lo.avg_del
            ELSE NULL::numeric
        END AS ""Average Delivery Time for F&B"",
        CASE
            WHEN lo.rtsvspck::double precision >= 0::double precision AND lo.rtsvspck::double precision <= 600::double precision THEN lo.order_count
            ELSE 0
        END AS ""Picked Within 0-10 mins"",
        CASE
            WHEN lo.rtsvspck::double precision > 600::double precision AND lo.rtsvspck::double precision <= 1200::double precision THEN lo.order_count
            ELSE 0
        END AS ""Picked Within 10-20 mins"",
        CASE
            WHEN lo.rtsvspck::double precision > 1200::double precision AND lo.rtsvspck::double precision <= 1800::double precision THEN lo.order_count
            ELSE 0
        END AS ""Picked Within 20-30 mins"",
        CASE
            WHEN lo.rtsvspck::double precision > 1800::double precision AND lo.rtsvspck::double precision <= 3600::double precision THEN lo.order_count
            ELSE 0
        END AS ""Picked Within 30-60 mins"",
        CASE
            WHEN lo.rtsvspck::double precision > 3600::double precision AND lo.rtsvspck::double precision <= 7200::double precision THEN lo.order_count
            ELSE 0
        END AS ""Picked Within 60-120 mins"",
        CASE
            WHEN lo.rtsvspck::double precision > 7200::double precision THEN lo.order_count
            ELSE 0
        END AS ""Picked Beyond 120 mins"",
        CASE
            WHEN lo.f_ready_to_ship_at_date IS NOT NULL AND lo.rtsvspck::double precision >= 0::double precision AND lo.rtsvspck::double precision <= 3600::double precision THEN lo.order_count
            ELSE 0
        END AS ""Picked Within 0-1 hrs"",
        CASE
            WHEN lo.f_ready_to_ship_at_date IS NOT NULL AND lo.rtsvspck::double precision > 3600::double precision AND lo.rtsvspck::double precision <= 10800::double precision THEN lo.order_count
            ELSE 0
        END AS ""Picked Within 1-3 hrs"",
        CASE
            WHEN lo.f_ready_to_ship_at_date IS NOT NULL AND lo.rtsvspck::double precision > 10800::double precision AND lo.rtsvspck::double precision <= 18000::double precision THEN lo.order_count
            ELSE 0
        END AS ""Picked Within 3-5 hrs"",
        CASE
            WHEN lo.f_ready_to_ship_at_date IS NOT NULL AND lo.rtsvspck::double precision > 18000::double precision AND lo.rtsvspck::double precision <= 36000::double precision THEN lo.order_count
            ELSE 0
        END AS ""Picked Within 5-10 hrs"",
        CASE
            WHEN lo.f_ready_to_ship_at_date IS NOT NULL AND lo.rtsvspck::double precision > 36000::double precision THEN lo.order_count
            ELSE 0
        END AS ""Picked Above 10 hrs"",
        CASE
            WHEN lo.picked_date IS NOT NULL THEN lo.rtsvspck::double precision / 60.0::double precision
            ELSE NULL::double precision
        END AS ""Average Pickup Time"",
        CASE
            WHEN lo.retail_category::text = 'F&B'::text AND lo.picked_date IS NOT NULL THEN lo.rtsvspck::double precision / 60.0::double precision
            ELSE NULL::double precision
        END AS ""F&B Average Pickup Time (in mins)"",
        CASE
            WHEN lo.shipment_type::text = 'P2P'::text AND lo.retail_category::text <> 'F&B'::text AND lo.picked_date IS NOT NULL THEN lo.rtsvspck::double precision / 60.0::double precision
            ELSE NULL::double precision
        END AS ""Hyperlocal Non F&B Average Pickup Time (in mins)"",
        CASE
            WHEN lo.picked_date IS NOT NULL AND lo.shipment_type::text = 'P2H2P'::text THEN lo.rtsvspck::double precision / 86400.0::double precision
            ELSE NULL::double precision
        END AS ""Intercity Average Pickup Time (in days)"",
        CASE
            WHEN lo.shipment_type::text = 'P2H2P'::text AND lo.picked_date IS NOT NULL THEN lo.rtsvspck::double precision / 86400.0::double precision
            ELSE NULL::double precision
        END AS ""Intercity Average Pickup Time"",
        CASE
            WHEN lo.latest_order_status::text = 'Completed'::text AND lo.delage >= 0::numeric AND lo.delage <= 30::numeric THEN lo.order_count
            ELSE 0
        END AS ""Del 0-30 mins"",
        CASE
            WHEN lo.latest_order_status::text = 'Completed'::text AND lo.delage > 30::numeric AND lo.delage <= 35::numeric THEN lo.order_count
            ELSE 0
        END AS ""Del 30-35 mins"",
        CASE
            WHEN lo.latest_order_status::text = 'Completed'::text AND lo.delage > 35::numeric AND lo.delage <= 40::numeric THEN lo.order_count
            ELSE 0
        END AS ""Del 35-40 mins"",
        CASE
            WHEN lo.latest_order_status::text = 'Completed'::text AND lo.delage > 40::numeric AND lo.delage <= 45::numeric THEN lo.order_count
            ELSE 0
        END AS ""Del 40-45 mins"",
        CASE
            WHEN lo.latest_order_status::text = 'Completed'::text AND lo.delage > 45::numeric AND lo.delage <= 60::numeric THEN lo.order_count
            ELSE 0
        END AS ""Del 45-60 mins"",
        CASE
            WHEN lo.latest_order_status::text = 'Completed'::text AND lo.delage > 60::numeric THEN lo.order_count
            ELSE 0
        END AS ""Del Above 60 mins"",
        CASE
            WHEN lo.latest_order_status::text = 'Completed'::text AND lo.delage > 14400::numeric THEN lo.order_count
            ELSE 0
        END AS ""Del > 10 days"",
        CASE
            WHEN lo.latest_order_status::text = 'Completed'::text AND lo.delage >= 0::numeric AND lo.delage <= 4320::numeric THEN lo.order_count
            ELSE 0
        END AS ""Del 0-3 days"",
        CASE
            WHEN lo.latest_order_status::text = 'Completed'::text AND lo.delage > 4320::numeric AND lo.delage <= 7200::numeric THEN lo.order_count
            ELSE 0
        END AS ""Del 3-5 days"",
        CASE
            WHEN lo.latest_order_status::text = 'Completed'::text AND lo.delage > 7200::numeric AND lo.delage <= 10080::numeric THEN lo.order_count
            ELSE 0
        END AS ""Del 5-7 days"",
        CASE
            WHEN lo.latest_order_status::text = 'Completed'::text AND lo.delage > 10080::numeric AND lo.delage <= 14400::numeric THEN lo.order_count
            ELSE 0
        END AS ""Del 7-10 days"",
        CASE
            WHEN lo.latest_order_status::text = 'Completed'::text AND lo.retail_category::text = 'F&B'::text THEN lo.delage
            ELSE NULL::numeric
        END AS ""F&B Orders Average Delivery (in mins)"",
        CASE
            WHEN lo.latest_order_status::text = 'Completed'::text AND lo.shipment_type::text = 'P2H2P'::text THEN lo.delage::double precision / 1440::double precision
            ELSE NULL::double precision
        END AS ""Intercity Orders Average Delivery (in days)"",
        CASE
            WHEN lo.latest_order_status::text = 'Completed'::text AND lo.shipment_type::text = 'P2P'::text AND lo.retail_category::text <> 'F&B'::text THEN lo.delage
            ELSE NULL::numeric
        END AS ""Hyperlocal Non F&B Orders Average Delivery (in mins)"",
        CASE
            WHEN lo.latest_order_status::text = 'Completed'::text THEN lo.delage
            ELSE NULL::numeric
        END AS ""Average Delivery (in mins)"",
        CASE
            WHEN (lo.latest_order_status::text <> ALL (ARRAY['Completed'::character varying::text, 'Cancelled'::character varying::text])) AND lo.in_process_ageing > 0::numeric AND lo.in_process_ageing <= 1440::numeric THEN lo.order_count
            ELSE 0
        END AS ""Pending Within 0-1 days"",
        CASE
            WHEN (lo.latest_order_status::text <> ALL (ARRAY['Completed'::character varying::text, 'Cancelled'::character varying::text])) AND lo.in_process_ageing > 1440::numeric AND lo.in_process_ageing <= 2880::numeric THEN lo.order_count
            ELSE 0
        END AS ""Pending Within 1-2 days"",
        CASE
            WHEN (lo.latest_order_status::text <> ALL (ARRAY['Completed'::character varying::text, 'Cancelled'::character varying::text])) AND lo.in_process_ageing > 2880::numeric AND lo.in_process_ageing <= 4320::numeric THEN lo.order_count
            ELSE 0
        END AS ""Pending Within 2-3 days"",
        CASE
            WHEN (lo.latest_order_status::text <> ALL (ARRAY['Completed'::character varying::text, 'Cancelled'::character varying::text])) AND lo.in_process_ageing > 4320::numeric AND lo.in_process_ageing <= 5760::numeric THEN lo.order_count
            ELSE 0
        END AS ""Pending Within 3-4 days"",
        CASE
            WHEN (lo.latest_order_status::text <> ALL (ARRAY['Completed'::character varying::text, 'Cancelled'::character varying::text])) AND lo.in_process_ageing > 5760::numeric AND lo.in_process_ageing <= 7200::numeric THEN lo.order_count
            ELSE 0
        END AS ""Pending Within 4-5 days"",
        CASE
            WHEN (lo.latest_order_status::text <> ALL (ARRAY['Completed'::character varying::text, 'Cancelled'::character varying::text])) AND lo.in_process_ageing > 7200::numeric THEN lo.order_count
            ELSE 0
        END AS ""Pending Beyond 5 days"",
        CASE
            WHEN (lo.latest_order_status::text <> ALL (ARRAY['Completed'::character varying::text, 'Cancelled'::character varying::text])) AND lo.in_process_ageing > 0::numeric AND lo.in_process_ageing <= 2880::numeric THEN lo.order_count
            ELSE 0
        END AS ""Pending Within 0-2 days"",
        CASE
            WHEN (lo.latest_order_status::text <> ALL (ARRAY['Completed'::character varying::text, 'Cancelled'::character varying::text])) AND lo.in_process_ageing > 2880::numeric AND lo.in_process_ageing <= 7200::numeric THEN lo.order_count
            ELSE 0
        END AS ""Pending Within 2-5 days"",
        CASE
            WHEN (lo.latest_order_status::text <> ALL (ARRAY['Completed'::character varying::text, 'Cancelled'::character varying::text])) AND lo.in_process_ageing > 7200::numeric AND lo.in_process_ageing <= 14400::numeric THEN lo.order_count
            ELSE 0
        END AS ""Pending Within 5-10 days"",
        CASE
            WHEN (lo.latest_order_status::text <> ALL (ARRAY['Completed'::character varying::text, 'Cancelled'::character varying::text])) AND lo.in_process_ageing > 14400::numeric THEN lo.order_count
            ELSE 0
        END AS ""Pending Beyond 10 days"",
        CASE
            WHEN lo.rider_waiting > 0::numeric AND lo.rider_waiting <= 5::numeric AND lo.rider_waiting IS NOT NULL THEN lo.order_count
            ELSE 0
        END AS ""Waiting within 5 mins"",
        CASE
            WHEN lo.rider_waiting > 5::numeric AND lo.rider_waiting <= 10::numeric AND lo.rider_waiting IS NOT NULL THEN lo.order_count
            ELSE 0
        END AS ""Waiting 5-10 mins"",
        CASE
            WHEN lo.rider_waiting > 10::numeric AND lo.rider_waiting <= 20::numeric AND lo.rider_waiting IS NOT NULL THEN lo.order_count
            ELSE 0
        END AS ""Waiting 10-20 mins"",
        CASE
            WHEN lo.rider_waiting > 20::numeric AND lo.rider_waiting <= 30::numeric AND lo.rider_waiting IS NOT NULL THEN lo.order_count
            ELSE 0
        END AS ""Waiting 20-30 mins"",
        CASE
            WHEN lo.rider_waiting > 30::numeric AND lo.rider_waiting IS NOT NULL THEN lo.order_count
            ELSE 0
        END AS ""Above 30 mins"",
        CASE
            WHEN lo.retail_category::text <> 'F&B'::text AND lo.rider_waiting IS NOT NULL AND lo.rider_waiting::double precision >= 0::double precision THEN lo.rider_waiting::double precision
            ELSE NULL::double precision
        END AS ""Non F&B Orders Average Rider Waiting Time (in mins)"",
        CASE
            WHEN lo.retail_category::text = 'F&B'::text AND lo.rider_waiting IS NOT NULL AND lo.rider_waiting::double precision >= 0::double precision THEN lo.rider_waiting::double precision
            ELSE NULL::double precision
        END AS ""F&B Orders Average Rider Waiting Time (in mins)"",
        CASE
            WHEN lo.rider_waiting IS NOT NULL AND lo.rider_waiting::double precision >= 0::double precision THEN lo.rider_waiting::double precision
            ELSE NULL::double precision
        END AS ""Average Rider Waiting Time (in mins)"",
        CASE
            WHEN lo.rts_tat_diff::double precision > 0::double precision AND lo.rts_tat_diff::double precision <= 300::double precision AND lo.rts_tat_diff IS NOT NULL THEN lo.order_count
            ELSE 0
        END AS ""RTS Breached 0-5 mins"",
        CASE
            WHEN lo.rts_tat_diff::double precision > 300::double precision AND lo.rts_tat_diff::double precision <= 600::double precision AND lo.rts_tat_diff IS NOT NULL THEN lo.order_count
            ELSE 0
        END AS ""RTS Breached 5-10 mins"",
        CASE
            WHEN lo.rts_tat_diff::double precision > 600::double precision AND lo.rts_tat_diff::double precision <= 1200::double precision AND lo.rts_tat_diff IS NOT NULL THEN lo.order_count
            ELSE 0
        END AS ""RTS Breached 10-20 mins"",
        CASE
            WHEN lo.rts_tat_diff::double precision > 1200::double precision AND lo.rts_tat_diff::double precision <= 1800::double precision AND lo.rts_tat_diff IS NOT NULL THEN lo.order_count
            ELSE 0
        END AS ""RTS Breached 20-30 mins"",
        CASE
            WHEN lo.rts_tat_diff::double precision > 1800::double precision AND lo.rts_tat_diff IS NOT NULL THEN lo.order_count
            ELSE 0
        END AS ""RTS Breached Above 30 mins"",
        CASE
            WHEN lo.f_ready_to_ship_at_date IS NOT NULL AND lo.rts_tat_diff::double precision > 0::double precision AND lo.rts_tat_diff::double precision <= 86400::double precision AND lo.rts_tat_diff IS NOT NULL THEN lo.order_count
            ELSE 0
        END AS ""RTS Breached 0-1 days"",
        CASE
            WHEN lo.f_ready_to_ship_at_date IS NOT NULL AND lo.rts_tat_diff::double precision > 86400::double precision AND lo.rts_tat_diff::double precision <= 172800::double precision AND lo.rts_tat_diff IS NOT NULL THEN lo.order_count
            ELSE 0
        END AS ""RTS Breached 1-2 days"",
        CASE
            WHEN lo.f_ready_to_ship_at_date IS NOT NULL AND lo.rts_tat_diff::double precision > 172800::double precision AND lo.rts_tat_diff::double precision <= 259200::double precision AND lo.rts_tat_diff IS NOT NULL THEN lo.order_count
            ELSE 0
        END AS ""RTS Breached 2-3 days"",
        CASE
            WHEN lo.f_ready_to_ship_at_date IS NOT NULL AND lo.rts_tat_diff::double precision > 259200::double precision AND lo.rts_tat_diff::double precision <= 345600::double precision AND lo.rts_tat_diff IS NOT NULL THEN lo.order_count
            ELSE 0
        END AS ""RTS Breached 3-4 days"",
        CASE
            WHEN lo.f_ready_to_ship_at_date IS NOT NULL AND lo.rts_tat_diff::double precision > 345600::double precision AND lo.rts_tat_diff IS NOT NULL THEN lo.order_count
            ELSE 0
        END AS ""RTS Breached Above 4 days"",
        CASE
            WHEN lo.retail_category::text = 'F&B'::text THEN EXTRACT(epoch FROM lo.rts_tat - lo.order_created_at)::double precision / 60.0::double precision
            ELSE NULL::double precision
        END AS ""F&B Order Average RTS (in mins)"",
        CASE
            WHEN lo.retail_category::text <> 'F&B'::text AND lo.shipment_type::text = 'P2P'::text THEN EXTRACT(epoch FROM lo.rts_tat - lo.order_created_at)::double precision / 60.0::double precision
            ELSE NULL::double precision
        END AS ""Non F&B Hyperlocal Average RTS (in mins)"",
        CASE
            WHEN lo.shipment_type::text = 'P2H2P'::text THEN EXTRACT(epoch FROM lo.rts_tat - lo.order_created_at)::double precision / 60.0::double precision
            ELSE NULL::double precision
        END AS ""Intercity Average Promised RTS (in mins)"",
        CASE
            WHEN lo.pick_up_breached = 1 AND lo.pick_up_tat_diff::double precision > 0::double precision AND lo.pick_up_tat_diff::double precision <= 300::double precision AND lo.pick_up_tat_diff IS NOT NULL THEN lo.order_count
            ELSE 0
        END AS ""Pickup Breached 0-5 mins"",
        CASE
            WHEN lo.pick_up_breached = 1 AND lo.pick_up_tat_diff::double precision > 300::double precision AND lo.pick_up_tat_diff::double precision <= 600::double precision AND lo.pick_up_tat_diff IS NOT NULL THEN lo.order_count
            ELSE 0
        END AS ""Pickup Breached 5-10 mins"",
        CASE
            WHEN lo.pick_up_breached = 1 AND lo.pick_up_tat_diff::double precision > 600::double precision AND lo.pick_up_tat_diff::double precision <= 1200::double precision AND lo.pick_up_tat_diff IS NOT NULL THEN lo.order_count
            ELSE 0
        END AS ""Pickup Breached 10-20 mins"",
        CASE
            WHEN lo.pick_up_breached = 1 AND lo.pick_up_tat_diff::double precision > 1200::double precision AND lo.pick_up_tat_diff::double precision <= 1800::double precision AND lo.pick_up_tat_diff IS NOT NULL THEN lo.order_count
            ELSE 0
        END AS ""Pickup Breached 20-30 mins"",
        CASE
            WHEN lo.pick_up_breached = 1 AND lo.pick_up_tat_diff::double precision > 1800::double precision AND lo.pick_up_tat_diff IS NOT NULL THEN lo.order_count
            ELSE 0
        END AS ""Pickup Breached Above 30 mins"",
        CASE
            WHEN lo.f_ready_to_ship_at_date IS NOT NULL AND lo.pick_up_breached = 1 AND lo.pick_up_tat_diff::double precision > 0::double precision AND lo.pick_up_tat_diff::double precision <= 86400::double precision AND lo.pick_up_tat_diff IS NOT NULL THEN lo.order_count
            ELSE 0
        END AS ""Pickup Breached 0-1 days"",
        CASE
            WHEN lo.f_ready_to_ship_at_date IS NOT NULL AND lo.pick_up_breached = 1 AND lo.pick_up_tat_diff::double precision > 86400::double precision AND lo.pick_up_tat_diff::double precision <= 172800::double precision AND lo.pick_up_tat_diff IS NOT NULL THEN lo.order_count
            ELSE 0
        END AS ""Pickup Breached 1-2 days"",
        CASE
            WHEN lo.f_ready_to_ship_at_date IS NOT NULL AND lo.pick_up_breached = 1 AND lo.pick_up_tat_diff::double precision > 172800::double precision AND lo.pick_up_tat_diff::double precision <= 259200::double precision AND lo.pick_up_tat_diff IS NOT NULL THEN lo.order_count
            ELSE 0
        END AS ""Pickup Breached 2-3 days"",
        CASE
            WHEN lo.f_ready_to_ship_at_date IS NOT NULL AND lo.pick_up_breached = 1 AND lo.pick_up_tat_diff::double precision > 259200::double precision AND lo.pick_up_tat_diff::double precision <= 345600::double precision AND lo.pick_up_tat_diff IS NOT NULL THEN lo.order_count
            ELSE 0
        END AS ""Pickup Breached 3-4 days"",
        CASE
            WHEN lo.f_ready_to_ship_at_date IS NOT NULL AND lo.pick_up_breached = 1 AND lo.pick_up_tat_diff::double precision > 345600::double precision AND lo.pick_up_tat_diff::double precision <= 432000::double precision AND lo.pick_up_tat_diff IS NOT NULL THEN lo.order_count
            ELSE 0
        END AS ""Pickup Breached 4-5 days"",
        CASE
            WHEN lo.f_ready_to_ship_at_date IS NOT NULL AND lo.pick_up_breached = 1 AND lo.pick_up_tat_diff::double precision > 432000::double precision AND lo.pick_up_tat_diff IS NOT NULL THEN lo.order_count
            ELSE 0
        END AS ""Pickup Breached Above 5 days"",
        CASE
            WHEN lo.shipment_type::text = 'P2H2P'::text AND lo.f_ready_to_ship_at_date IS NOT NULL AND lo.pickup_tat IS NOT NULL THEN EXTRACT(epoch FROM lo.pickup_tat - lo.f_ready_to_ship_at_date)::double precision / 86400.0::double precision
            ELSE NULL::double precision
        END AS ""Intercity Order Average Pickup TAT (in days)"",
        CASE
            WHEN lo.shipment_type::text = 'P2P'::text AND lo.retail_category::text <> 'F&B'::text AND lo.f_ready_to_ship_at_date IS NOT NULL AND lo.pickup_tat IS NOT NULL THEN EXTRACT(epoch FROM lo.pickup_tat - lo.f_ready_to_ship_at_date)::double precision / 60.0::double precision
            ELSE NULL::double precision
        END AS ""Hyperlocal Non F&B Order Average Pickup TAT (in mins)"",
        CASE
            WHEN lo.retail_category::text = 'F&B'::text AND lo.f_ready_to_ship_at_date IS NOT NULL AND lo.pickup_tat IS NOT NULL THEN EXTRACT(epoch FROM lo.pickup_tat - lo.f_ready_to_ship_at_date)::double precision / 60.0::double precision
            ELSE NULL::double precision
        END AS ""F&B Order Average Pickup TAT (in mins)"",
        CASE
            WHEN lo.rider_assigning >= 0::numeric AND lo.rider_assigning < 1::numeric THEN lo.order_count
            ELSE 0
        END AS ""Assigned Within 0-1 mins"",
        CASE
            WHEN lo.rider_assigning >= 1::numeric AND lo.rider_assigning < 3::numeric THEN lo.order_count
            ELSE 0
        END AS ""Assigned Within 1-3 mins"",
        CASE
            WHEN lo.rider_assigning > 3::numeric AND lo.rider_assigning <= 5::numeric THEN lo.order_count
            ELSE 0
        END AS ""Assigned Within 3-5 mins"",
        CASE
            WHEN lo.rider_assigning >= 5::numeric AND lo.rider_assigning < 10::numeric THEN lo.order_count
            ELSE 0
        END AS ""Assigned Within 5-10 mins"",
        CASE
            WHEN lo.rider_assigning >= 10::numeric THEN lo.order_count
            ELSE 0
        END AS ""Assigned Beyond 10 mins"",
        CASE
            WHEN lo.rider_assigning < 1::numeric THEN lo.order_count
            ELSE 0
        END AS ""Assigned Within 1 mins"",
        CASE
            WHEN lo.rider_assigning > 60::numeric THEN lo.order_count
            ELSE 0
        END AS ""Assigned Within 1-3 hr"",
        CASE
            WHEN lo.rider_assigning >= 0::numeric THEN lo.order_count
            WHEN lo.f_agent_assigned_at_date IS NULL OR lo.f_ready_to_ship_at_date IS NULL THEN lo.order_count
            ELSE 0
        END AS ""Assign After RTS"",
        CASE
            WHEN lo.rider_assigning < 0::numeric THEN lo.order_count"
bap_id,Unique identifier for the Buyer App (BAP).,"logistics.logistics_order_bv.""bap_id""",logistics.logistics_order_bv,
bpp_id,Unique identifier for the Seller App (BPP).,"logistics.logistics_order_bv.""bpp_id""",logistics.logistics_order_bv,
order_id,Unique identifier for order.,"logistics.logistics_order_bv.""order_id""",logistics.logistics_order_bv,
transaction_id,Unique ONDC transaction identifier.,"logistics.logistics_order_bv.""transaction_id""",logistics.logistics_order_bv,
fulfillment_status,Turn-Around-Time (TAT) measurement.,"logistics.logistics_order_bv.""fulfillment_status""",logistics.logistics_order_bv,
fulfillment_type,Data representing the fulfillment type.,"logistics.logistics_order_bv.""fulfillment_type""",logistics.logistics_order_bv,
cod_order,Data representing the cod order.,"logistics.logistics_order_bv.""cod_order""",logistics.logistics_order_bv,
date,Timestamp or date indicating when date occurred.,"logistics.logistics_order_bv.""date""",logistics.logistics_order_bv,
order_created_at,Timestamp when the record was created.,"logistics.logistics_order_bv.""order_created_at""",logistics.logistics_order_bv,
cancellation_code,Timestamp or date indicating when cancellation code occurred.,"logistics.logistics_order_bv.""cancellation_code""",logistics.logistics_order_bv,
latest_order_status,Turn-Around-Time (TAT) measurement.,"logistics.logistics_order_bv.""latest_order_status""",logistics.logistics_order_bv,
retail_order_id,Unique identifier for retail order.,"logistics.logistics_order_bv.""retail_order_id""",logistics.logistics_order_bv,
pick_up_pincode,Indian postal code (pincode).,"logistics.logistics_order_bv.""pick_up_pincode""",logistics.logistics_order_bv,
delivery_pincode,Indian postal code (pincode).,"logistics.logistics_order_bv.""delivery_pincode""",logistics.logistics_order_bv,
retail_category,Timestamp or date indicating when retail category occurred.,"logistics.logistics_order_bv.""retail_category""",logistics.logistics_order_bv,
shipment_type,Data representing the shipment type.,"logistics.logistics_order_bv.""shipment_type""",logistics.logistics_order_bv,
motorable_distance,Data representing the motorable distance.,"logistics.logistics_order_bv.""motorable_distance""",logistics.logistics_order_bv,
provider_name,Unique identifier for provider name.,"logistics.logistics_order_bv.""provider_name""",logistics.logistics_order_bv,
pickup_tat,Turn-Around-Time (TAT) measurement.,"logistics.logistics_order_bv.""pickup_tat""",logistics.logistics_order_bv,
rts_tat,Turn-Around-Time (TAT) measurement.,"logistics.logistics_order_bv.""rts_tat""",logistics.logistics_order_bv,
f_ready_to_ship_at_date,Timestamp or date indicating when f ready to ship at date occurred.,"logistics.logistics_order_bv.""f_ready_to_ship_at_date""",logistics.logistics_order_bv,
f_at_pickup_from_date,Timestamp or date indicating when f at pickup from date occurred.,"logistics.logistics_order_bv.""f_at_pickup_from_date""",logistics.logistics_order_bv,
f_agent_assigned_at_date,Timestamp or date indicating when f agent assigned at date occurred.,"logistics.logistics_order_bv.""f_agent_assigned_at_date""",logistics.logistics_order_bv,
delivered_date,Timestamp or date indicating when delivered date occurred.,"logistics.logistics_order_bv.""delivered_date""",logistics.logistics_order_bv,
cancelled_date,Timestamp or date indicating when cancelled date occurred.,"logistics.logistics_order_bv.""cancelled_date""",logistics.logistics_order_bv,
picked_date,Timestamp or date indicating when picked date occurred.,"logistics.logistics_order_bv.""picked_date""",logistics.logistics_order_bv,
promised_time_to_deliver,Timestamp or date indicating when promised time to deliver occurred.,"logistics.logistics_order_bv.""promised_time_to_deliver""",logistics.logistics_order_bv,
buyer_np,Data representing the buyer np.,"logistics.logistics_order_bv.""buyer_np""",logistics.logistics_order_bv,
retail_snp,Data representing the retail snp.,"logistics.logistics_order_bv.""retail_snp""",logistics.logistics_order_bv,
Linked Orders,Data representing the linked orders.,"logistics.logistics_order_bv.""Linked Orders""",logistics.logistics_order_bv,
dedup,Data representing the dedup.,"logistics.logistics_order_bv.""dedup""",logistics.logistics_order_bv,
order_count,Data representing the order count.,"logistics.logistics_order_bv.""order_count""",logistics.logistics_order_bv,
avg_del,Data representing the avg del.,"logistics.logistics_order_bv.""avg_del""",logistics.logistics_order_bv,
del_tat_duration,Turn-Around-Time (TAT) measurement.,"logistics.logistics_order_bv.""del_tat_duration""",logistics.logistics_order_bv,
del_adherence,Data representing the del adherence.,"logistics.logistics_order_bv.""del_adherence""",logistics.logistics_order_bv,
del_breach_diff,Data representing the del breach diff.,"logistics.logistics_order_bv.""del_breach_diff""",logistics.logistics_order_bv,
rtsvscrt,Data representing the rtsvscrt.,"logistics.logistics_order_bv.""rtsvscrt""",logistics.logistics_order_bv,
rtsvspck,Data representing the rtsvspck.,"logistics.logistics_order_bv.""rtsvspck""",logistics.logistics_order_bv,
delage,Data representing the delage.,"logistics.logistics_order_bv.""delage""",logistics.logistics_order_bv,
cancel_secs,Data representing the cancel secs.,"logistics.logistics_order_bv.""cancel_secs""",logistics.logistics_order_bv,
in_process_ageing,Data representing the in process ageing.,"logistics.logistics_order_bv.""in_process_ageing""",logistics.logistics_order_bv,
rider_waiting,Unique identifier for rider waiting.,"logistics.logistics_order_bv.""rider_waiting""",logistics.logistics_order_bv,
rider_assigning,Unique identifier for rider assigning.,"logistics.logistics_order_bv.""rider_assigning""",logistics.logistics_order_bv,
Pickup TAT Breached,Turn-Around-Time (TAT) measurement.,"logistics.logistics_order_bv.""Pickup TAT Breached""",logistics.logistics_order_bv,
pick_up_tat_diff,Turn-Around-Time (TAT) measurement.,"logistics.logistics_order_bv.""pick_up_tat_diff""",logistics.logistics_order_bv,
RTS Breached,Data representing the rts breached.,"logistics.logistics_order_bv.""RTS Breached""",logistics.logistics_order_bv,
rts_tat_diff,Turn-Around-Time (TAT) measurement.,"logistics.logistics_order_bv.""rts_tat_diff""",logistics.logistics_order_bv,
order_status,Turn-Around-Time (TAT) measurement.,"logistics.logistics_order_bv.""order_status""",logistics.logistics_order_bv,
Order Category,Timestamp or date indicating when order category occurred.,"logistics.logistics_order_bv.""Order Category""",logistics.logistics_order_bv,
Order Picked,Data representing the order picked.,"logistics.logistics_order_bv.""Order Picked""",logistics.logistics_order_bv,
Rider Assignment Type,Data representing the rider assignment type.,"logistics.logistics_order_bv.""Rider Assignment Type""",logistics.logistics_order_bv,
confirmed,Data representing the confirmed.,"logistics.logistics_order_bv.""confirmed""",logistics.logistics_order_bv,
delivered,Data representing the delivered.,"logistics.logistics_order_bv.""delivered""",logistics.logistics_order_bv,
cancelled,Data representing the cancelled.,"logistics.logistics_order_bv.""cancelled""",logistics.logistics_order_bv,
inprocess,Data representing the inprocess.,"logistics.logistics_order_bv.""inprocess""",logistics.logistics_order_bv,
logistics_cancelled,Data representing the logistics cancelled.,"logistics.logistics_order_bv.""logistics_cancelled""",logistics.logistics_order_bv,
buyer_cancelled,Data representing the buyer cancelled.,"logistics.logistics_order_bv.""buyer_cancelled""",logistics.logistics_order_bv,
seller_cancelled,Data representing the seller cancelled.,"logistics.logistics_order_bv.""seller_cancelled""",logistics.logistics_order_bv,
Confirmed with RTS,Data representing the confirmed with rts.,"logistics.logistics_order_bv.""Confirmed with RTS""",logistics.logistics_order_bv,
confirmed with No RTS,Data representing the confirmed with no rts.,"logistics.logistics_order_bv.""confirmed with No RTS""",logistics.logistics_order_bv,
COD Orders,Data representing the cod orders.,"logistics.logistics_order_bv.""COD Orders""",logistics.logistics_order_bv,
Unique retail orders by snp,Data representing the unique retail orders by snp.,"logistics.logistics_order_bv.""Unique retail orders by snp""",logistics.logistics_order_bv,
Promised TAT (in days),Turn-Around-Time (TAT) measurement.,"logistics.logistics_order_bv.""Promised TAT (in days)""",logistics.logistics_order_bv,
Avg Motorable Distance,Data representing the avg motorable distance.,"logistics.logistics_order_bv.""Avg Motorable Distance""",logistics.logistics_order_bv,
No Motorable Distance,Data representing the no motorable distance.,"logistics.logistics_order_bv.""No Motorable Distance""",logistics.logistics_order_bv,
Within 0-3 kms,Data representing the within 0-3 kms.,"logistics.logistics_order_bv.""Within 0-3 kms""",logistics.logistics_order_bv,
Within 3-4 kms,Data representing the within 3-4 kms.,"logistics.logistics_order_bv.""Within 3-4 kms""",logistics.logistics_order_bv,
Within 4-5 kms,Data representing the within 4-5 kms.,"logistics.logistics_order_bv.""Within 4-5 kms""",logistics.logistics_order_bv,
Within 5-7 kms,Data representing the within 5-7 kms.,"logistics.logistics_order_bv.""Within 5-7 kms""",logistics.logistics_order_bv,
Within 7-10 kms,Data representing the within 7-10 kms.,"logistics.logistics_order_bv.""Within 7-10 kms""",logistics.logistics_order_bv,
Beyond 10 kms,Data representing the beyond 10 kms.,"logistics.logistics_order_bv.""Beyond 10 kms""",logistics.logistics_order_bv,
Adherence %,Data representing the adherence %.,"logistics.logistics_order_bv.""Adherence %""",logistics.logistics_order_bv,
Breached,Data representing the breached.,"logistics.logistics_order_bv.""Breached""",logistics.logistics_order_bv,
Breached 0-5 mins,Data representing the breached 0-5 mins.,"logistics.logistics_order_bv.""Breached 0-5 mins""",logistics.logistics_order_bv,
Breached 5-10 mins,Data representing the breached 5-10 mins.,"logistics.logistics_order_bv.""Breached 5-10 mins""",logistics.logistics_order_bv,
Breached 10-20 mins,Data representing the breached 10-20 mins.,"logistics.logistics_order_bv.""Breached 10-20 mins""",logistics.logistics_order_bv,
Breached 20-30 mins,Data representing the breached 20-30 mins.,"logistics.logistics_order_bv.""Breached 20-30 mins""",logistics.logistics_order_bv,
Breached > 30 mins,Data representing the breached > 30 mins.,"logistics.logistics_order_bv.""Breached > 30 mins""",logistics.logistics_order_bv,
Breached 0-15 mins,Data representing the breached 0-15 mins.,"logistics.logistics_order_bv.""Breached 0-15 mins""",logistics.logistics_order_bv,
Breached 15-30 mins,Data representing the breached 15-30 mins.,"logistics.logistics_order_bv.""Breached 15-30 mins""",logistics.logistics_order_bv,
Breached 30-60 mins,Data representing the breached 30-60 mins.,"logistics.logistics_order_bv.""Breached 30-60 mins""",logistics.logistics_order_bv,
Breached 1-2 hrs,Data representing the breached 1-2 hrs.,"logistics.logistics_order_bv.""Breached 1-2 hrs""",logistics.logistics_order_bv,
Breached 2-6 hrs,Data representing the breached 2-6 hrs.,"logistics.logistics_order_bv.""Breached 2-6 hrs""",logistics.logistics_order_bv,
Breached >6 hrs,Data representing the breached >6 hrs.,"logistics.logistics_order_bv.""Breached >6 hrs""",logistics.logistics_order_bv,
Breached 0-1 day,Data representing the breached 0-1 day.,"logistics.logistics_order_bv.""Breached 0-1 day""",logistics.logistics_order_bv,
Breached 1-2 day,Data representing the breached 1-2 day.,"logistics.logistics_order_bv.""Breached 1-2 day""",logistics.logistics_order_bv,
Breached 2-3 day,Data representing the breached 2-3 day.,"logistics.logistics_order_bv.""Breached 2-3 day""",logistics.logistics_order_bv,
Breached 3-4 day,Data representing the breached 3-4 day.,"logistics.logistics_order_bv.""Breached 3-4 day""",logistics.logistics_order_bv,
Breached > 4 day,Data representing the breached > 4 day.,"logistics.logistics_order_bv.""Breached > 4 day""",logistics.logistics_order_bv,
D TAT Breached,Turn-Around-Time (TAT) measurement.,"logistics.logistics_order_bv.""D TAT Breached""",logistics.logistics_order_bv,
Average Delivery Time for Intercity,City name for the given context.,"logistics.logistics_order_bv.""Average Delivery Time for Intercity""",logistics.logistics_order_bv,
Average Delivery Time for Hyperlocal,Timestamp or date indicating when average delivery time for hyperlocal occurred.,"logistics.logistics_order_bv.""Average Delivery Time for Hyperlocal""",logistics.logistics_order_bv,
Average Delivery Time for F&B,Timestamp or date indicating when average delivery time for f&b occurred.,"logistics.logistics_order_bv.""Average Delivery Time for F&B""",logistics.logistics_order_bv,
Picked Within 0-10 mins,Data representing the picked within 0-10 mins.,"logistics.logistics_order_bv.""Picked Within 0-10 mins""",logistics.logistics_order_bv,
Picked Within 10-20 mins,Data representing the picked within 10-20 mins.,"logistics.logistics_order_bv.""Picked Within 10-20 mins""",logistics.logistics_order_bv,
Picked Within 20-30 mins,Data representing the picked within 20-30 mins.,"logistics.logistics_order_bv.""Picked Within 20-30 mins""",logistics.logistics_order_bv,
Picked Within 30-60 mins,Data representing the picked within 30-60 mins.,"logistics.logistics_order_bv.""Picked Within 30-60 mins""",logistics.logistics_order_bv,
Picked Within 60-120 mins,Data representing the picked within 60-120 mins.,"logistics.logistics_order_bv.""Picked Within 60-120 mins""",logistics.logistics_order_bv,
Picked Beyond 120 mins,Data representing the picked beyond 120 mins.,"logistics.logistics_order_bv.""Picked Beyond 120 mins""",logistics.logistics_order_bv,
Picked Within 0-1 hrs,Data representing the picked within 0-1 hrs.,"logistics.logistics_order_bv.""Picked Within 0-1 hrs""",logistics.logistics_order_bv,
Picked Within 1-3 hrs,Data representing the picked within 1-3 hrs.,"logistics.logistics_order_bv.""Picked Within 1-3 hrs""",logistics.logistics_order_bv,
Picked Within 3-5 hrs,Data representing the picked within 3-5 hrs.,"logistics.logistics_order_bv.""Picked Within 3-5 hrs""",logistics.logistics_order_bv,
Picked Within 5-10 hrs,Data representing the picked within 5-10 hrs.,"logistics.logistics_order_bv.""Picked Within 5-10 hrs""",logistics.logistics_order_bv,
Picked Above 10 hrs,Data representing the picked above 10 hrs.,"logistics.logistics_order_bv.""Picked Above 10 hrs""",logistics.logistics_order_bv,
Average Pickup Time,Timestamp or date indicating when average pickup time occurred.,"logistics.logistics_order_bv.""Average Pickup Time""",logistics.logistics_order_bv,
F&B Average Pickup Time (in mins),Timestamp or date indicating when f&b average pickup time (in mins) occurred.,"logistics.logistics_order_bv.""F&B Average Pickup Time (in mins)""",logistics.logistics_order_bv,
Hyperlocal Non F&B Average Pickup Time (in mins),Timestamp or date indicating when hyperlocal non f&b average pickup time (in mins) occurred.,"logistics.logistics_order_bv.""Hyperlocal Non F&B Average Pickup Time (in mins)""",logistics.logistics_order_bv,
Intercity Average Pickup Time (in days),City name for the given context.,"logistics.logistics_order_bv.""Intercity Average Pickup Time (in days)""",logistics.logistics_order_bv,
Intercity Average Pickup Time,City name for the given context.,"logistics.logistics_order_bv.""Intercity Average Pickup Time""",logistics.logistics_order_bv,
Del 0-30 mins,Data representing the del 0-30 mins.,"logistics.logistics_order_bv.""Del 0-30 mins""",logistics.logistics_order_bv,
Del 30-35 mins,Data representing the del 30-35 mins.,"logistics.logistics_order_bv.""Del 30-35 mins""",logistics.logistics_order_bv,
Del 35-40 mins,Data representing the del 35-40 mins.,"logistics.logistics_order_bv.""Del 35-40 mins""",logistics.logistics_order_bv,
Del 40-45 mins,Data representing the del 40-45 mins.,"logistics.logistics_order_bv.""Del 40-45 mins""",logistics.logistics_order_bv,
Del 45-60 mins,Data representing the del 45-60 mins.,"logistics.logistics_order_bv.""Del 45-60 mins""",logistics.logistics_order_bv,
Del Above 60 mins,Data representing the del above 60 mins.,"logistics.logistics_order_bv.""Del Above 60 mins""",logistics.logistics_order_bv,
Del > 10 days,Data representing the del > 10 days.,"logistics.logistics_order_bv.""Del > 10 days""",logistics.logistics_order_bv,
Del 0-3 days,Data representing the del 0-3 days.,"logistics.logistics_order_bv.""Del 0-3 days""",logistics.logistics_order_bv,
Del 3-5 days,Data representing the del 3-5 days.,"logistics.logistics_order_bv.""Del 3-5 days""",logistics.logistics_order_bv,
Del 5-7 days,Data representing the del 5-7 days.,"logistics.logistics_order_bv.""Del 5-7 days""",logistics.logistics_order_bv,
Del 7-10 days,Data representing the del 7-10 days.,"logistics.logistics_order_bv.""Del 7-10 days""",logistics.logistics_order_bv,
F&B Orders Average Delivery (in mins),Data representing the f&b orders average delivery (in mins).,"logistics.logistics_order_bv.""F&B Orders Average Delivery (in mins)""",logistics.logistics_order_bv,
Intercity Orders Average Delivery (in days),City name for the given context.,"logistics.logistics_order_bv.""Intercity Orders Average Delivery (in days)""",logistics.logistics_order_bv,
Hyperlocal Non F&B Orders Average Delivery (in mins),Data representing the hyperlocal non f&b orders average delivery (in mins).,"logistics.logistics_order_bv.""Hyperlocal Non F&B Orders Average Delivery (in mins)""",logistics.logistics_order_bv,
Average Delivery (in mins),Data representing the average delivery (in mins).,"logistics.logistics_order_bv.""Average Delivery (in mins)""",logistics.logistics_order_bv,
Pending Within 0-1 days,Data representing the pending within 0-1 days.,"logistics.logistics_order_bv.""Pending Within 0-1 days""",logistics.logistics_order_bv,
Pending Within 1-2 days,Data representing the pending within 1-2 days.,"logistics.logistics_order_bv.""Pending Within 1-2 days""",logistics.logistics_order_bv,
Pending Within 2-3 days,Data representing the pending within 2-3 days.,"logistics.logistics_order_bv.""Pending Within 2-3 days""",logistics.logistics_order_bv,
Pending Within 3-4 days,Data representing the pending within 3-4 days.,"logistics.logistics_order_bv.""Pending Within 3-4 days""",logistics.logistics_order_bv,
Pending Within 4-5 days,Data representing the pending within 4-5 days.,"logistics.logistics_order_bv.""Pending Within 4-5 days""",logistics.logistics_order_bv,
Pending Beyond 5 days,Data representing the pending beyond 5 days.,"logistics.logistics_order_bv.""Pending Beyond 5 days""",logistics.logistics_order_bv,
Pending Within 0-2 days,Data representing the pending within 0-2 days.,"logistics.logistics_order_bv.""Pending Within 0-2 days""",logistics.logistics_order_bv,
Pending Within 2-5 days,Data representing the pending within 2-5 days.,"logistics.logistics_order_bv.""Pending Within 2-5 days""",logistics.logistics_order_bv,
Pending Within 5-10 days,Data representing the pending within 5-10 days.,"logistics.logistics_order_bv.""Pending Within 5-10 days""",logistics.logistics_order_bv,
Pending Beyond 10 days,Data representing the pending beyond 10 days.,"logistics.logistics_order_bv.""Pending Beyond 10 days""",logistics.logistics_order_bv,
Waiting within 5 mins,Data representing the waiting within 5 mins.,"logistics.logistics_order_bv.""Waiting within 5 mins""",logistics.logistics_order_bv,
Waiting 5-10 mins,Data representing the waiting 5-10 mins.,"logistics.logistics_order_bv.""Waiting 5-10 mins""",logistics.logistics_order_bv,
Waiting 10-20 mins,Data representing the waiting 10-20 mins.,"logistics.logistics_order_bv.""Waiting 10-20 mins""",logistics.logistics_order_bv,
Waiting 20-30 mins,Data representing the waiting 20-30 mins.,"logistics.logistics_order_bv.""Waiting 20-30 mins""",logistics.logistics_order_bv,
Above 30 mins,Data representing the above 30 mins.,"logistics.logistics_order_bv.""Above 30 mins""",logistics.logistics_order_bv,
Non F&B Orders Average Rider Waiting Time (in mins),Timestamp or date indicating when non f&b orders average rider waiting time (in mins) occurred.,"logistics.logistics_order_bv.""Non F&B Orders Average Rider Waiting Time (in mins)""",logistics.logistics_order_bv,
F&B Orders Average Rider Waiting Time (in mins),Timestamp or date indicating when f&b orders average rider waiting time (in mins) occurred.,"logistics.logistics_order_bv.""F&B Orders Average Rider Waiting Time (in mins)""",logistics.logistics_order_bv,
Average Rider Waiting Time (in mins),Timestamp or date indicating when average rider waiting time (in mins) occurred.,"logistics.logistics_order_bv.""Average Rider Waiting Time (in mins)""",logistics.logistics_order_bv,
RTS Breached 0-5 mins,Data representing the rts breached 0-5 mins.,"logistics.logistics_order_bv.""RTS Breached 0-5 mins""",logistics.logistics_order_bv,
RTS Breached 5-10 mins,Data representing the rts breached 5-10 mins.,"logistics.logistics_order_bv.""RTS Breached 5-10 mins""",logistics.logistics_order_bv,
RTS Breached 10-20 mins,Data representing the rts breached 10-20 mins.,"logistics.logistics_order_bv.""RTS Breached 10-20 mins""",logistics.logistics_order_bv,
RTS Breached 20-30 mins,Data representing the rts breached 20-30 mins.,"logistics.logistics_order_bv.""RTS Breached 20-30 mins""",logistics.logistics_order_bv,
RTS Breached Above 30 mins,Data representing the rts breached above 30 mins.,"logistics.logistics_order_bv.""RTS Breached Above 30 mins""",logistics.logistics_order_bv,
RTS Breached 0-1 days,Data representing the rts breached 0-1 days.,"logistics.logistics_order_bv.""RTS Breached 0-1 days""",logistics.logistics_order_bv,
RTS Breached 1-2 days,Data representing the rts breached 1-2 days.,"logistics.logistics_order_bv.""RTS Breached 1-2 days""",logistics.logistics_order_bv,
RTS Breached 2-3 days,Data representing the rts breached 2-3 days.,"logistics.logistics_order_bv.""RTS Breached 2-3 days""",logistics.logistics_order_bv,
RTS Breached 3-4 days,Data representing the rts breached 3-4 days.,"logistics.logistics_order_bv.""RTS Breached 3-4 days""",logistics.logistics_order_bv,
RTS Breached Above 4 days,Data representing the rts breached above 4 days.,"logistics.logistics_order_bv.""RTS Breached Above 4 days""",logistics.logistics_order_bv,
F&B Order Average RTS (in mins),Data representing the f&b order average rts (in mins).,"logistics.logistics_order_bv.""F&B Order Average RTS (in mins)""",logistics.logistics_order_bv,
Non F&B Hyperlocal Average RTS (in mins),Data representing the non f&b hyperlocal average rts (in mins).,"logistics.logistics_order_bv.""Non F&B Hyperlocal Average RTS (in mins)""",logistics.logistics_order_bv,
Intercity Average Promised RTS (in mins),City name for the given context.,"logistics.logistics_order_bv.""Intercity Average Promised RTS (in mins)""",logistics.logistics_order_bv,
Pickup Breached 0-5 mins,Data representing the pickup breached 0-5 mins.,"logistics.logistics_order_bv.""Pickup Breached 0-5 mins""",logistics.logistics_order_bv,
Pickup Breached 5-10 mins,Data representing the pickup breached 5-10 mins.,"logistics.logistics_order_bv.""Pickup Breached 5-10 mins""",logistics.logistics_order_bv,
Pickup Breached 10-20 mins,Data representing the pickup breached 10-20 mins.,"logistics.logistics_order_bv.""Pickup Breached 10-20 mins""",logistics.logistics_order_bv,
Pickup Breached 20-30 mins,Data representing the pickup breached 20-30 mins.,"logistics.logistics_order_bv.""Pickup Breached 20-30 mins""",logistics.logistics_order_bv,
Pickup Breached Above 30 mins,Data representing the pickup breached above 30 mins.,"logistics.logistics_order_bv.""Pickup Breached Above 30 mins""",logistics.logistics_order_bv,
Pickup Breached 0-1 days,Data representing the pickup breached 0-1 days.,"logistics.logistics_order_bv.""Pickup Breached 0-1 days""",logistics.logistics_order_bv,
Pickup Breached 1-2 days,Data representing the pickup breached 1-2 days.,"logistics.logistics_order_bv.""Pickup Breached 1-2 days""",logistics.logistics_order_bv,
Pickup Breached 2-3 days,Data representing the pickup breached 2-3 days.,"logistics.logistics_order_bv.""Pickup Breached 2-3 days""",logistics.logistics_order_bv,
Pickup Breached 3-4 days,Data representing the pickup breached 3-4 days.,"logistics.logistics_order_bv.""Pickup Breached 3-4 days""",logistics.logistics_order_bv,
Pickup Breached 4-5 days,Data representing the pickup breached 4-5 days.,"logistics.logistics_order_bv.""Pickup Breached 4-5 days""",logistics.logistics_order_bv,
Pickup Breached Above 5 days,Data representing the pickup breached above 5 days.,"logistics.logistics_order_bv.""Pickup Breached Above 5 days""",logistics.logistics_order_bv,
Intercity Order Average Pickup TAT (in days),Turn-Around-Time (TAT) measurement.,"logistics.logistics_order_bv.""Intercity Order Average Pickup TAT (in days)""",logistics.logistics_order_bv,
Hyperlocal Non F&B Order Average Pickup TAT (in mins),Turn-Around-Time (TAT) measurement.,"logistics.logistics_order_bv.""Hyperlocal Non F&B Order Average Pickup TAT (in mins)""",logistics.logistics_order_bv,
F&B Order Average Pickup TAT (in mins),Turn-Around-Time (TAT) measurement.,"logistics.logistics_order_bv.""F&B Order Average Pickup TAT (in mins)""",logistics.logistics_order_bv,
Assigned Within 0-1 mins,Data representing the assigned within 0-1 mins.,"logistics.logistics_order_bv.""Assigned Within 0-1 mins""",logistics.logistics_order_bv,
Assigned Within 1-3 mins,Data representing the assigned within 1-3 mins.,"logistics.logistics_order_bv.""Assigned Within 1-3 mins""",logistics.logistics_order_bv,
Assigned Within 3-5 mins,Data representing the assigned within 3-5 mins.,"logistics.logistics_order_bv.""Assigned Within 3-5 mins""",logistics.logistics_order_bv,
Assigned Within 5-10 mins,Data representing the assigned within 5-10 mins.,"logistics.logistics_order_bv.""Assigned Within 5-10 mins""",logistics.logistics_order_bv,
Assigned Beyond 10 mins,Data representing the assigned beyond 10 mins.,"logistics.logistics_order_bv.""Assigned Beyond 10 mins""",logistics.logistics_order_bv,
Assigned Within 1 mins,Data representing the assigned within 1 mins.,"logistics.logistics_order_bv.""Assigned Within 1 mins""",logistics.logistics_order_bv,
Assigned Within 1-3 hr,Data representing the assigned within 1-3 hr.,"logistics.logistics_order_bv.""Assigned Within 1-3 hr""",logistics.logistics_order_bv,
Assign After RTS,Data representing the assign after rts.,"logistics.logistics_order_bv.""Assign After RTS""",logistics.logistics_order_bv,
Assign Before RTS,Data representing the assign before rts.,"logistics.logistics_order_bv.""Assign Before RTS""",logistics.logistics_order_bv,
Average time to Rider Assignment,Timestamp or date indicating when average time to rider assignment occurred.,"logistics.logistics_order_bv.""Average time to Rider Assignment""",logistics.logistics_order_bv,
Rider Assignment (F&B),Data representing the rider assignment (f&b).,"logistics.logistics_order_bv.""Rider Assignment (F&B)""",logistics.logistics_order_bv,
Hyperlocal Non F&B Average Rider Assignment (in mins),Data representing the hyperlocal non f&b average rider assignment (in mins).,"logistics.logistics_order_bv.""Hyperlocal Non F&B Average Rider Assignment (in mins)""",logistics.logistics_order_bv,
Intercity Rider Assignment (in mins),City name for the given context.,"logistics.logistics_order_bv.""Intercity Rider Assignment (in mins)""",logistics.logistics_order_bv,
RTS Within 0-10 mins,Data representing the rts within 0-10 mins.,"logistics.logistics_order_bv.""RTS Within 0-10 mins""",logistics.logistics_order_bv,
RTS Within 10-20 mins,Data representing the rts within 10-20 mins.,"logistics.logistics_order_bv.""RTS Within 10-20 mins""",logistics.logistics_order_bv,
RTS Within 20-30 mins,Data representing the rts within 20-30 mins.,"logistics.logistics_order_bv.""RTS Within 20-30 mins""",logistics.logistics_order_bv,
RTS Within 30-60 mins,Data representing the rts within 30-60 mins.,"logistics.logistics_order_bv.""RTS Within 30-60 mins""",logistics.logistics_order_bv,
RTS Within 60-120 mins,Data representing the rts within 60-120 mins.,"logistics.logistics_order_bv.""RTS Within 60-120 mins""",logistics.logistics_order_bv,
RTS Above 120 mins,Data representing the rts above 120 mins.,"logistics.logistics_order_bv.""RTS Above 120 mins""",logistics.logistics_order_bv,
RTS Within 0-10 hrs,Data representing the rts within 0-10 hrs.,"logistics.logistics_order_bv.""RTS Within 0-10 hrs""",logistics.logistics_order_bv,
RTS Within 10-24 hrs,Data representing the rts within 10-24 hrs.,"logistics.logistics_order_bv.""RTS Within 10-24 hrs""",logistics.logistics_order_bv,
RTS Within 1 - 3 Days,Data representing the rts within 1 - 3 days.,"logistics.logistics_order_bv.""RTS Within 1 - 3 Days""",logistics.logistics_order_bv,
RTS Within >3 Days,Data representing the rts within >3 days.,"logistics.logistics_order_bv.""RTS Within >3 Days""",logistics.logistics_order_bv,
Average Ready To Ship,Data representing the average ready to ship.,"logistics.logistics_order_bv.""Average Ready To Ship""",logistics.logistics_order_bv,
F&B Average RTS (in mins),Data representing the f&b average rts (in mins).,"logistics.logistics_order_bv.""F&B Average RTS (in mins)""",logistics.logistics_order_bv,
Hyperlocal Average RTS (in mins),Data representing the hyperlocal average rts (in mins).,"logistics.logistics_order_bv.""Hyperlocal Average RTS (in mins)""",logistics.logistics_order_bv,
Intercity Average RTS (in days),City name for the given context.,"logistics.logistics_order_bv.""Intercity Average RTS (in days)""",logistics.logistics_order_bv,
Logistics Network Partner,Data representing the logistics network partner.,"logistics.logistics_order_bv.""Logistics Network Partner""",logistics.logistics_order_bv,
Seller NP,Data representing the seller np.,"logistics.logistics_order_bv.""Seller NP""",logistics.logistics_order_bv,
Pick Up State,Turn-Around-Time (TAT) measurement.,"logistics.logistics_order_bv.""Pick Up State""",logistics.logistics_order_bv,
Delivery State,Turn-Around-Time (TAT) measurement.,"logistics.logistics_order_bv.""Delivery State""",logistics.logistics_order_bv,
Pick Up City,City name for the given context.,"logistics.logistics_order_bv.""Pick Up City""",logistics.logistics_order_bv,
Delivery City,City name for the given context.,"logistics.logistics_order_bv.""Delivery City""",logistics.logistics_order_bv,
Pick Up Tier,Data representing the pick up tier.,"logistics.logistics_order_bv.""Pick Up Tier""",logistics.logistics_order_bv,
Delivery Tier,Data representing the delivery tier.,"logistics.logistics_order_bv.""Delivery Tier""",logistics.logistics_order_bv,
Pick Up Zone,Data representing the pick up zone.,"logistics.logistics_order_bv.""Pick Up Zone""",logistics.logistics_order_bv,
Delivery Zone,Data representing the delivery zone.,"logistics.logistics_order_bv.""Delivery Zone""",logistics.logistics_order_bv,
"▼ logistics_order_dummy   (view, 48 cols)",,,logistics.logistics_order_dummy,"WITH base_master AS (
         SELECT ml.bap_id,
            ml.bpp_id,
            ml.order_id,
            ml.transaction_id,
            ml.fulfillment_status,
            ml.cod_order,
            ml.date,
            ml.order_created_at,
            ml.cancellation_code,
            ml.latest_order_status,
            ml.retail_order_id,
            ml.pick_up_pincode,
            ml.delivery_pincode,
            ml.retail_category,
            ml.shipment_type,
            ml.motorable_distance,
            ml.provider_name,
            ml.pickup_tat,
            ml.rts_tat,
            ml.f_ready_to_ship_at_date,
            ml.f_at_pickup_from_date,
            ml.f_agent_assigned_at_date,
            ml.delivered_date,
            ml.cancelled_date,
            ml.picked_date,
            ml.drop_row,
            ml.row_updated,
            ml.promised_time_to_deliver,
            ml.fulfillment_type,
            ml.awb_number,
            ml.pick_up_lat,
            ml.pick_up_long,
                CASE
                    WHEN ml.delivered_date IS NULL AND ml.cancelled_date IS NOT NULL THEN 'Cancelled'::character varying
                    WHEN ml.delivered_date IS NOT NULL AND ml.cancelled_date IS NULL THEN 'Completed'::character varying
                    ELSE ml.latest_order_status
                END AS order_status
           FROM logistics.master_log ml
          WHERE ml.drop_row = 0 AND ml.date >= '2026-01-01'::date
        ), master_table AS (
         SELECT ml.bap_id,
            ml.bpp_id,
            ml.order_id,
            ml.transaction_id,
            ml.fulfillment_status,
            ml.cod_order,
            ml.date,
            ml.order_created_at,
            ml.cancellation_code,
            ml.latest_order_status,
            ml.retail_order_id,
            ml.pick_up_pincode,
            ml.delivery_pincode,
            ml.retail_category,
            ml.shipment_type,
            ml.motorable_distance,
            ml.provider_name,
            ml.pickup_tat,
            ml.rts_tat,
            ml.f_ready_to_ship_at_date,
            ml.f_at_pickup_from_date,
            ml.f_agent_assigned_at_date,
            ml.delivered_date,
            ml.cancelled_date,
            ml.picked_date,
            ml.promised_time_to_deliver,
            ml.fulfillment_type,
            ml.awb_number,
            ml.order_status
           FROM base_master ml
          WHERE NOT (ml.date >= '2024-05-01'::date AND ml.f_agent_assigned_at_date IS NULL AND ml.order_status::text = 'Cancelled'::text AND
                CASE
                    WHEN ml.bpp_id::text = 'ondc-lsp.olacabs.com'::text THEN 'P2P'::character varying
                    ELSE ml.shipment_type
                END::text = 'P2P'::text)
        ), base AS (
         SELECT COALESCE(l1.retail_order_id, l1.order_id) AS network_retail_order_id,
            l1.bpp_id,
            l1.order_created_at,
            l1.transaction_id,
            l1.order_id,
                CASE
                    WHEN l1.order_status::text = 'Completed'::text AND l1.f_agent_assigned_at_date IS NOT NULL AND COALESCE(l1.f_at_pickup_from_date, l1.picked_date) IS NOT NULL THEN 'DAP'::text
                    WHEN l1.order_status::text = 'Completed'::text AND l1.f_agent_assigned_at_date IS NOT NULL AND COALESCE(l1.f_at_pickup_from_date, l1.picked_date) IS NULL THEN 'DANP'::text
                    WHEN l1.order_status::text = 'Completed'::text AND l1.f_agent_assigned_at_date IS NULL AND COALESCE(l1.f_at_pickup_from_date, l1.picked_date) IS NOT NULL THEN 'DNAP'::text
                    WHEN l1.order_status::text = 'Completed'::text AND l1.f_agent_assigned_at_date IS NULL AND COALESCE(l1.f_at_pickup_from_date, l1.picked_date) IS NULL THEN 'DNANP'::text
                    WHEN (l1.order_status::text <> ALL (ARRAY['Completed'::character varying::text, 'Cancelled'::character varying::text])) AND l1.f_agent_assigned_at_date IS NOT NULL AND COALESCE(l1.f_at_pickup_from_date, l1.picked_date) IS NOT NULL THEN 'IPAP'::text
                    WHEN (l1.order_status::text <> ALL (ARRAY['Completed'::character varying::text, 'Cancelled'::character varying::text])) AND l1.f_agent_assigned_at_date IS NOT NULL AND COALESCE(l1.f_at_pickup_from_date, l1.picked_date) IS NULL THEN 'IPANP'::text
                    WHEN (l1.order_status::text <> ALL (ARRAY['Completed'::character varying::text, 'Cancelled'::character varying::text])) AND l1.f_agent_assigned_at_date IS NULL AND COALESCE(l1.f_at_pickup_from_date, l1.picked_date) IS NOT NULL THEN 'IPNAP'::text
                    WHEN (l1.order_status::text <> ALL (ARRAY['Completed'::character varying::text, 'Cancelled'::character varying::text])) AND l1.f_agent_assigned_at_date IS NULL AND COALESCE(l1.f_at_pickup_from_date, l1.picked_date) IS NULL THEN 'IPNANP'::text
                    WHEN l1.order_status::text = 'Cancelled'::text AND l1.f_agent_assigned_at_date IS NOT NULL AND COALESCE(l1.f_at_pickup_from_date, l1.picked_date) IS NOT NULL THEN 'CAP'::text
                    WHEN l1.order_status::text = 'Cancelled'::text AND l1.f_agent_assigned_at_date IS NOT NULL AND COALESCE(l1.f_at_pickup_from_date, l1.picked_date) IS NULL THEN 'CANP'::text
                    WHEN l1.order_status::text = 'Cancelled'::text AND l1.f_agent_assigned_at_date IS NULL AND COALESCE(l1.f_at_pickup_from_date, l1.picked_date) IS NOT NULL THEN 'CNAP'::text
                    WHEN l1.order_status::text = 'Cancelled'::text AND l1.f_agent_assigned_at_date IS NULL AND COALESCE(l1.f_at_pickup_from_date, l1.picked_date) IS NULL THEN 'CNANP'::text
                    ELSE NULL::text
                END AS mark,
                CASE
                    WHEN l1.order_status::text = 'Completed'::text AND l1.f_agent_assigned_at_date IS NOT NULL AND COALESCE(l1.f_at_pickup_from_date, l1.picked_date) IS NOT NULL THEN 1
                    WHEN l1.order_status::text = 'Completed'::text AND l1.f_agent_assigned_at_date IS NOT NULL AND COALESCE(l1.f_at_pickup_from_date, l1.picked_date) IS NULL THEN 2
                    WHEN l1.order_status::text = 'Completed'::text AND l1.f_agent_assigned_at_date IS NULL AND COALESCE(l1.f_at_pickup_from_date, l1.picked_date) IS NOT NULL THEN 3
                    WHEN l1.order_status::text = 'Completed'::text AND l1.f_agent_assigned_at_date IS NULL AND COALESCE(l1.f_at_pickup_from_date, l1.picked_date) IS NULL THEN 4
                    WHEN (l1.order_status::text <> ALL (ARRAY['Completed'::character varying::text, 'Cancelled'::character varying::text])) AND l1.f_agent_assigned_at_date IS NOT NULL AND COALESCE(l1.f_at_pickup_from_date, l1.picked_date) IS NOT NULL THEN 5
                    WHEN (l1.order_status::text <> ALL (ARRAY['Completed'::character varying::text, 'Cancelled'::character varying::text])) AND l1.f_agent_assigned_at_date IS NOT NULL AND COALESCE(l1.f_at_pickup_from_date, l1.picked_date) IS NULL THEN 6
                    WHEN (l1.order_status::text <> ALL (ARRAY['Completed'::character varying::text, 'Cancelled'::character varying::text])) AND l1.f_agent_assigned_at_date IS NULL AND COALESCE(l1.f_at_pickup_from_date, l1.picked_date) IS NOT NULL THEN 7
                    WHEN (l1.order_status::text <> ALL (ARRAY['Completed'::character varying::text, 'Cancelled'::character varying::text])) AND l1.f_agent_assigned_at_date IS NULL AND COALESCE(l1.f_at_pickup_from_date, l1.picked_date) IS NULL THEN 8
                    WHEN l1.order_status::text = 'Cancelled'::text AND l1.f_agent_assigned_at_date IS NOT NULL AND COALESCE(l1.f_at_pickup_from_date, l1.picked_date) IS NOT NULL THEN 9
                    WHEN l1.order_status::text = 'Cancelled'::text AND l1.f_agent_assigned_at_date IS NOT NULL AND COALESCE(l1.f_at_pickup_from_date, l1.picked_date) IS NULL THEN 10
                    WHEN l1.order_status::text = 'Cancelled'::text AND l1.f_agent_assigned_at_date IS NULL AND COALESCE(l1.f_at_pickup_from_date, l1.picked_date) IS NOT NULL THEN 11
                    WHEN l1.order_status::text = 'Cancelled'::text AND l1.f_agent_assigned_at_date IS NULL AND COALESCE(l1.f_at_pickup_from_date, l1.picked_date) IS NULL THEN 12
                    ELSE 999
                END AS rank
           FROM master_table l1
        ), final AS (
         SELECT base.network_retail_order_id,
            base.transaction_id,
            base.bpp_id,
            min(base.rank) AS rank
           FROM base
          GROUP BY base.network_retail_order_id, base.transaction_id, base.bpp_id
        ), min_rank AS (
         SELECT base.network_retail_order_id,
            min(base.rank) AS min_rank
           FROM base
          GROUP BY base.network_retail_order_id
        ), base_dedup AS (
         SELECT f.network_retail_order_id,
            f.bpp_id,
            f.order_created_at,
            f.transaction_id,
            f.order_id,
            f.mark,
            f.rank,
            row_number() OVER (PARTITION BY f.network_retail_order_id ORDER BY f.order_created_at DESC) AS rn
           FROM base f
             JOIN min_rank m ON f.network_retail_order_id::text = m.network_retail_order_id::text AND f.rank = m.min_rank
        ), min_dedup AS (
         SELECT base_dedup.bpp_id,
            base_dedup.network_retail_order_id,
            base_dedup.transaction_id,
            base_dedup.order_id
           FROM base_dedup
          WHERE base_dedup.rn = 1
        ), master_with_rownum AS (
         SELECT mt.bap_id,
            mt.bpp_id,
            mt.order_id,
            mt.transaction_id,
            mt.fulfillment_status,
            mt.cod_order,
            mt.date,
            mt.order_created_at,
            mt.cancellation_code,
            mt.latest_order_status,
            mt.retail_order_id,
            mt.pick_up_pincode,
            mt.delivery_pincode,
            mt.retail_category,
            mt.shipment_type,
            mt.motorable_distance,
            mt.provider_name,
            mt.pickup_tat,
            mt.rts_tat,
            mt.f_ready_to_ship_at_date,
            mt.f_at_pickup_from_date,
            mt.f_agent_assigned_at_date,
            mt.delivered_date,
            mt.cancelled_date,
            mt.picked_date,
            mt.promised_time_to_deliver,
            mt.fulfillment_type,
            mt.order_status,
            mt.awb_number AS awbnumber,
                CASE
                    WHEN md.transaction_id::text = mt.transaction_id::text AND COALESCE(mt.retail_order_id::text, mt.order_id::text) = md.network_retail_order_id::text AND md.order_id::text = mt.order_id::text THEN 1
                    ELSE 0
                END AS rn_retail,
            row_number() OVER (PARTITION BY mt.order_id, mt.transaction_id, mt.bap_id, mt.bpp_id, mt.order_created_at ORDER BY mt.order_created_at DESC) AS rn_order
           FROM master_table mt
             LEFT JOIN min_dedup md ON md.bpp_id::text = mt.bpp_id::text AND md.transaction_id::text = mt.transaction_id::text AND COALESCE(mt.retail_order_id::text, mt.order_id::text) = md.network_retail_order_id::text AND md.order_id::text = mt.order_id::text
        )
 SELECT mw.bap_id,
    mw.bpp_id,
        CASE
            WHEN mw.date >= (CURRENT_DATE - '6 mons'::interval) THEN mw.order_id
            ELSE NULL::character varying
        END AS order_id,
        CASE
            WHEN mw.date >= (CURRENT_DATE - '6 mons'::interval) THEN mw.transaction_id
            ELSE NULL::character varying
        END AS transaction_id,
    mw.fulfillment_status,
    mw.fulfillment_type,
    mw.cod_order,
    mw.date,
    mw.order_created_at,
    mw.cancellation_code,
    mw.order_status AS latest_order_status,
        CASE
            WHEN mw.date >= (CURRENT_DATE - '6 mons'::interval) THEN mw.retail_order_id
            ELSE NULL::character varying
        END AS retail_order_id,
    mw.pick_up_pincode,
    mw.delivery_pincode,
    mw.retail_category,
    mw.shipment_type,
    mw.motorable_distance,
    mw.provider_name,
    date_trunc('minute'::text, mw.pickup_tat) AS pickup_tat,
    date_trunc('minute'::text, mw.rts_tat) AS rts_tat,
        CASE
            WHEN mw.date >= (CURRENT_DATE - '6 mons'::interval) THEN date_trunc('minute'::text, mw.f_ready_to_ship_at_date)
            ELSE NULL::timestamp without time zone
        END AS f_ready_to_ship_at_date,
    date_trunc('minute'::text, mw.f_at_pickup_from_date) AS f_at_pickup_from_date,
    date_trunc('minute'::text, mw.f_agent_assigned_at_date) AS f_agent_assigned_at_date,
    date_trunc('minute'::text, mw.delivered_date) AS delivered_date,
    date_trunc('minute'::text, mw.cancelled_date) AS cancelled_date,
    date_trunc('minute'::text, mw.picked_date) AS picked_date,
    date_trunc('minute'::text, mw.promised_time_to_deliver) AS promised_time_to_deliver,
    mw.awbnumber,
    o.""Buyer NP"" AS buyer_np,
    o.""Seller NP"" AS retail_snp,
        CASE
            WHEN o.""Network order id"" IS NULL THEN 0
            ELSE 1
        END AS ""Linked Orders"",
    mw.rn_retail AS dedup,
        CASE
            WHEN mw.rn_order = 1 THEN 1
            ELSE 0
        END AS order_count,
        CASE
            WHEN mw.order_status::text = 'Completed'::text AND mw.delivered_date IS NOT NULL AND mw.f_ready_to_ship_at_date IS NOT NULL THEN round(EXTRACT(epoch FROM mw.delivered_date - mw.f_ready_to_ship_at_date) / 60::numeric, 0)
            ELSE NULL::numeric
        END AS avg_del,
    round(EXTRACT(epoch FROM mw.promised_time_to_deliver - mw.order_created_at) / 60::numeric, 0) AS del_tat_duration,
        CASE
            WHEN mw.order_status::text = 'Completed'::text AND mw.delivered_date IS NOT NULL AND mw.f_ready_to_ship_at_date IS NOT NULL THEN
            CASE
                WHEN mw.delivered_date <= mw.promised_time_to_deliver THEN 1
                ELSE 0
            END
            ELSE NULL::integer
        END AS del_adherence,
        CASE
            WHEN mw.order_status::text = 'Completed'::text AND mw.delivered_date IS NOT NULL AND mw.f_ready_to_ship_at_date IS NOT NULL AND mw.promised_time_to_deliver IS NOT NULL AND mw.delivered_date > mw.promised_time_to_deliver THEN EXTRACT(epoch FROM mw.delivered_date - mw.promised_time_to_deliver)
            ELSE NULL::numeric
        END AS del_breach_diff,
        CASE
            WHEN mw.f_ready_to_ship_at_date IS NOT NULL THEN EXTRACT(epoch FROM mw.f_ready_to_ship_at_date - mw.order_created_at)
            ELSE NULL::numeric
        END AS rtsvscrt,
        CASE
            WHEN mw.picked_date IS NOT NULL THEN EXTRACT(epoch FROM COALESCE(mw.f_at_pickup_from_date, mw.picked_date) - mw.f_ready_to_ship_at_date)
            ELSE NULL::numeric
        END AS rtsvspck,
        CASE
            WHEN mw.order_status::text = 'Completed'::text AND mw.delivered_date IS NOT NULL AND mw.f_ready_to_ship_at_date IS NOT NULL THEN round(EXTRACT(epoch FROM mw.delivered_date - mw.f_ready_to_ship_at_date) / 60::numeric, 0)
            ELSE NULL::numeric
        END AS delage,
        CASE
            WHEN mw.order_status::text = 'Cancelled'::text THEN EXTRACT(epoch FROM mw.cancelled_date - mw.order_created_at)
            ELSE NULL::numeric
        END AS cancel_secs,
        CASE
            WHEN mw.order_status::text <> ALL (ARRAY['Completed'::character varying::text, 'Cancelled'::character varying::text]) THEN round(EXTRACT(epoch FROM now() - mw.order_created_at::timestamp with time zone) / 60::numeric, 0)
            ELSE NULL::numeric
        END AS in_process_ageing,
        CASE
            WHEN mw.f_at_pickup_from_date IS NOT NULL AND mw.picked_date IS NOT NULL THEN round(EXTRACT(epoch FROM mw.picked_date - mw.f_at_pickup_from_date) / 60::numeric, 0)
            ELSE NULL::numeric
        END AS rider_waiting,
        CASE
            WHEN mw.f_agent_assigned_at_date IS NOT NULL AND mw.f_ready_to_ship_at_date IS NOT NULL THEN round(EXTRACT(epoch FROM mw.f_agent_assigned_at_date - mw.f_ready_to_ship_at_date) / 60::numeric, 0)
            ELSE NULL::numeric
        END AS rider_assigning,
        CASE
            WHEN mw.pickup_tat IS NOT NULL AND (mw.f_at_pickup_from_date IS NOT NULL OR mw.picked_date IS NOT NULL) THEN
            CASE
                WHEN COALESCE(mw.f_at_pickup_from_date, mw.picked_date) <= mw.pickup_tat THEN 0
                ELSE 1
            END
            ELSE NULL::integer
        END AS pick_up_breached,
        CASE
            WHEN mw.pickup_tat IS NOT NULL AND (mw.f_at_pickup_from_date IS NOT NULL OR mw.picked_date IS NOT NULL) THEN EXTRACT(epoch FROM COALESCE(mw.f_at_pickup_from_date, mw.picked_date) - mw.pickup_tat)
            ELSE NULL::numeric
        END AS pick_up_tat_diff,
        CASE
            WHEN mw.rts_tat IS NOT NULL AND mw.f_ready_to_ship_at_date IS NOT NULL THEN
            CASE
                WHEN mw.f_ready_to_ship_at_date <= mw.rts_tat THEN 0
                ELSE 1
            END
            ELSE NULL::integer
        END AS rts_breached,
        CASE
            WHEN mw.rts_tat IS NOT NULL AND mw.f_ready_to_ship_at_date IS NOT NULL THEN EXTRACT(epoch FROM mw.f_ready_to_ship_at_date - mw.rts_tat)
            ELSE NULL::numeric
        END AS rts_tat_diff
   FROM master_with_rownum mw
     LEFT JOIN analytics_insight.order_level o ON o.""Network order id""::text = mw.retail_order_id::text AND o.""Date"" >= '2026-01-01'::date;"
bap_id,Unique identifier for the Buyer App (BAP).,"logistics.logistics_order_dummy.""bap_id""",logistics.logistics_order_dummy,
bpp_id,Unique identifier for the Seller App (BPP).,"logistics.logistics_order_dummy.""bpp_id""",logistics.logistics_order_dummy,
order_id,Unique identifier for order.,"logistics.logistics_order_dummy.""order_id""",logistics.logistics_order_dummy,
transaction_id,Unique ONDC transaction identifier.,"logistics.logistics_order_dummy.""transaction_id""",logistics.logistics_order_dummy,
fulfillment_status,Turn-Around-Time (TAT) measurement.,"logistics.logistics_order_dummy.""fulfillment_status""",logistics.logistics_order_dummy,
fulfillment_type,Data representing the fulfillment type.,"logistics.logistics_order_dummy.""fulfillment_type""",logistics.logistics_order_dummy,
cod_order,Data representing the cod order.,"logistics.logistics_order_dummy.""cod_order""",logistics.logistics_order_dummy,
date,Timestamp or date indicating when date occurred.,"logistics.logistics_order_dummy.""date""",logistics.logistics_order_dummy,
order_created_at,Timestamp when the record was created.,"logistics.logistics_order_dummy.""order_created_at""",logistics.logistics_order_dummy,
cancellation_code,Timestamp or date indicating when cancellation code occurred.,"logistics.logistics_order_dummy.""cancellation_code""",logistics.logistics_order_dummy,
latest_order_status,Turn-Around-Time (TAT) measurement.,"logistics.logistics_order_dummy.""latest_order_status""",logistics.logistics_order_dummy,
retail_order_id,Unique identifier for retail order.,"logistics.logistics_order_dummy.""retail_order_id""",logistics.logistics_order_dummy,
pick_up_pincode,Indian postal code (pincode).,"logistics.logistics_order_dummy.""pick_up_pincode""",logistics.logistics_order_dummy,
delivery_pincode,Indian postal code (pincode).,"logistics.logistics_order_dummy.""delivery_pincode""",logistics.logistics_order_dummy,
retail_category,Timestamp or date indicating when retail category occurred.,"logistics.logistics_order_dummy.""retail_category""",logistics.logistics_order_dummy,
shipment_type,Data representing the shipment type.,"logistics.logistics_order_dummy.""shipment_type""",logistics.logistics_order_dummy,
motorable_distance,Data representing the motorable distance.,"logistics.logistics_order_dummy.""motorable_distance""",logistics.logistics_order_dummy,
provider_name,Unique identifier for provider name.,"logistics.logistics_order_dummy.""provider_name""",logistics.logistics_order_dummy,
pickup_tat,Turn-Around-Time (TAT) measurement.,"logistics.logistics_order_dummy.""pickup_tat""",logistics.logistics_order_dummy,
rts_tat,Turn-Around-Time (TAT) measurement.,"logistics.logistics_order_dummy.""rts_tat""",logistics.logistics_order_dummy,
f_ready_to_ship_at_date,Timestamp or date indicating when f ready to ship at date occurred.,"logistics.logistics_order_dummy.""f_ready_to_ship_at_date""",logistics.logistics_order_dummy,
f_at_pickup_from_date,Timestamp or date indicating when f at pickup from date occurred.,"logistics.logistics_order_dummy.""f_at_pickup_from_date""",logistics.logistics_order_dummy,
f_agent_assigned_at_date,Timestamp or date indicating when f agent assigned at date occurred.,"logistics.logistics_order_dummy.""f_agent_assigned_at_date""",logistics.logistics_order_dummy,
delivered_date,Timestamp or date indicating when delivered date occurred.,"logistics.logistics_order_dummy.""delivered_date""",logistics.logistics_order_dummy,
cancelled_date,Timestamp or date indicating when cancelled date occurred.,"logistics.logistics_order_dummy.""cancelled_date""",logistics.logistics_order_dummy,
picked_date,Timestamp or date indicating when picked date occurred.,"logistics.logistics_order_dummy.""picked_date""",logistics.logistics_order_dummy,
promised_time_to_deliver,Timestamp or date indicating when promised time to deliver occurred.,"logistics.logistics_order_dummy.""promised_time_to_deliver""",logistics.logistics_order_dummy,
awbnumber,Data representing the awbnumber.,"logistics.logistics_order_dummy.""awbnumber""",logistics.logistics_order_dummy,
buyer_np,Data representing the buyer np.,"logistics.logistics_order_dummy.""buyer_np""",logistics.logistics_order_dummy,
retail_snp,Data representing the retail snp.,"logistics.logistics_order_dummy.""retail_snp""",logistics.logistics_order_dummy,
Linked Orders,Data representing the linked orders.,"logistics.logistics_order_dummy.""Linked Orders""",logistics.logistics_order_dummy,
dedup,Data representing the dedup.,"logistics.logistics_order_dummy.""dedup""",logistics.logistics_order_dummy,
order_count,Data representing the order count.,"logistics.logistics_order_dummy.""order_count""",logistics.logistics_order_dummy,
avg_del,Data representing the avg del.,"logistics.logistics_order_dummy.""avg_del""",logistics.logistics_order_dummy,
del_tat_duration,Turn-Around-Time (TAT) measurement.,"logistics.logistics_order_dummy.""del_tat_duration""",logistics.logistics_order_dummy,
del_adherence,Data representing the del adherence.,"logistics.logistics_order_dummy.""del_adherence""",logistics.logistics_order_dummy,
del_breach_diff,Data representing the del breach diff.,"logistics.logistics_order_dummy.""del_breach_diff""",logistics.logistics_order_dummy,
rtsvscrt,Data representing the rtsvscrt.,"logistics.logistics_order_dummy.""rtsvscrt""",logistics.logistics_order_dummy,
rtsvspck,Data representing the rtsvspck.,"logistics.logistics_order_dummy.""rtsvspck""",logistics.logistics_order_dummy,
delage,Data representing the delage.,"logistics.logistics_order_dummy.""delage""",logistics.logistics_order_dummy,
cancel_secs,Data representing the cancel secs.,"logistics.logistics_order_dummy.""cancel_secs""",logistics.logistics_order_dummy,
in_process_ageing,Data representing the in process ageing.,"logistics.logistics_order_dummy.""in_process_ageing""",logistics.logistics_order_dummy,
rider_waiting,Unique identifier for rider waiting.,"logistics.logistics_order_dummy.""rider_waiting""",logistics.logistics_order_dummy,
rider_assigning,Unique identifier for rider assigning.,"logistics.logistics_order_dummy.""rider_assigning""",logistics.logistics_order_dummy,
pick_up_breached,Data representing the pick up breached.,"logistics.logistics_order_dummy.""pick_up_breached""",logistics.logistics_order_dummy,
pick_up_tat_diff,Turn-Around-Time (TAT) measurement.,"logistics.logistics_order_dummy.""pick_up_tat_diff""",logistics.logistics_order_dummy,
rts_breached,Data representing the rts breached.,"logistics.logistics_order_dummy.""rts_breached""",logistics.logistics_order_dummy,
rts_tat_diff,Turn-Around-Time (TAT) measurement.,"logistics.logistics_order_dummy.""rts_tat_diff""",logistics.logistics_order_dummy,
"▼ logistics_order_igm   (base table, 26 cols)",,,logistics.logistics_order_igm,CREATE INDEX idx_logistics_igm_ticket_key ON logistics.logistics_order_igm USING btree (ticket_key)
bap_id,Unique identifier for the Buyer App (BAP).,"logistics.logistics_order_igm.""bap_id""",logistics.logistics_order_igm,
bpp_id,Unique identifier for the Seller App (BPP).,"logistics.logistics_order_igm.""bpp_id""",logistics.logistics_order_igm,
igm_key,Data representing the igm key.,"logistics.logistics_order_igm.""igm_key""",logistics.logistics_order_igm,
ticket_created_date,Timestamp or date indicating when ticket created date occurred.,"logistics.logistics_order_igm.""ticket_created_date""",logistics.logistics_order_igm,
Date,Timestamp or date indicating when date occurred.,"logistics.logistics_order_igm.""Date""",logistics.logistics_order_igm,
domain,"The ONDC network domain (e.g., retail, logistics).","logistics.logistics_order_igm.""domain""",logistics.logistics_order_igm,
network_issue_id,Data representing the network issue id.,"logistics.logistics_order_igm.""network_issue_id""",logistics.logistics_order_igm,
ticket_category,Timestamp or date indicating when ticket category occurred.,"logistics.logistics_order_igm.""ticket_category""",logistics.logistics_order_igm,
ticket_sub_category,Timestamp or date indicating when ticket sub category occurred.,"logistics.logistics_order_igm.""ticket_sub_category""",logistics.logistics_order_igm,
Resolved,Data representing the resolved.,"logistics.logistics_order_igm.""Resolved""",logistics.logistics_order_igm,
network_order_id,Data representing the network order id.,"logistics.logistics_order_igm.""network_order_id""",logistics.logistics_order_igm,
ticket_key,Data representing the ticket key.,"logistics.logistics_order_igm.""ticket_key""",logistics.logistics_order_igm,
ticket_source,Data representing the ticket source.,"logistics.logistics_order_igm.""ticket_source""",logistics.logistics_order_igm,
ticket count,Data representing the ticket count.,"logistics.logistics_order_igm.""ticket count""",logistics.logistics_order_igm,
ticket_raiser,Data representing the ticket raiser.,"logistics.logistics_order_igm.""ticket_raiser""",logistics.logistics_order_igm,
ticket_expected_resolution_time,Timestamp or date indicating when ticket expected resolution time occurred.,"logistics.logistics_order_igm.""ticket_expected_resolution_time""",logistics.logistics_order_igm,
ticket_status,Turn-Around-Time (TAT) measurement.,"logistics.logistics_order_igm.""ticket_status""",logistics.logistics_order_igm,
Closed date,Timestamp or date indicating when closed date occurred.,"logistics.logistics_order_igm.""Closed date""",logistics.logistics_order_igm,
r_action_ticket_resolved_date,Timestamp or date indicating when r action ticket resolved date occurred.,"logistics.logistics_order_igm.""r_action_ticket_resolved_date""",logistics.logistics_order_igm,
on_issue_error_code,Error code associated with a failure or issue.,"logistics.logistics_order_igm.""on_issue_error_code""",logistics.logistics_order_igm,
issue_sync_response,Data representing the issue sync response.,"logistics.logistics_order_igm.""issue_sync_response""",logistics.logistics_order_igm,
tat_diff(open),Turn-Around-Time (TAT) measurement.,"logistics.logistics_order_igm.""tat_diff(open)""",logistics.logistics_order_igm,
sec_diff(open),Data representing the sec diff(open).,"logistics.logistics_order_igm.""sec_diff(open)""",logistics.logistics_order_igm,
min_diff(resolved),Data representing the min diff(resolved).,"logistics.logistics_order_igm.""min_diff(resolved)""",logistics.logistics_order_igm,
tat_diff(res),Turn-Around-Time (TAT) measurement.,"logistics.logistics_order_igm.""tat_diff(res)""",logistics.logistics_order_igm,
modified_date,Timestamp or date indicating when modified date occurred.,"logistics.logistics_order_igm.""modified_date""",logistics.logistics_order_igm,
"▼ logistics_order_igm_stage   (base table, 25 cols)",,,logistics.logistics_order_igm_stage,
bap_id,Unique identifier for the Buyer App (BAP).,"logistics.logistics_order_igm_stage.""bap_id""",logistics.logistics_order_igm_stage,
bpp_id,Unique identifier for the Seller App (BPP).,"logistics.logistics_order_igm_stage.""bpp_id""",logistics.logistics_order_igm_stage,
igm_key,Data representing the igm key.,"logistics.logistics_order_igm_stage.""igm_key""",logistics.logistics_order_igm_stage,
ticket_created_date,Timestamp or date indicating when ticket created date occurred.,"logistics.logistics_order_igm_stage.""ticket_created_date""",logistics.logistics_order_igm_stage,
Date,Timestamp or date indicating when date occurred.,"logistics.logistics_order_igm_stage.""Date""",logistics.logistics_order_igm_stage,
domain,"The ONDC network domain (e.g., retail, logistics).","logistics.logistics_order_igm_stage.""domain""",logistics.logistics_order_igm_stage,
network_issue_id,Data representing the network issue id.,"logistics.logistics_order_igm_stage.""network_issue_id""",logistics.logistics_order_igm_stage,
ticket_category,Timestamp or date indicating when ticket category occurred.,"logistics.logistics_order_igm_stage.""ticket_category""",logistics.logistics_order_igm_stage,
ticket_sub_category,Timestamp or date indicating when ticket sub category occurred.,"logistics.logistics_order_igm_stage.""ticket_sub_category""",logistics.logistics_order_igm_stage,
Resolved,Data representing the resolved.,"logistics.logistics_order_igm_stage.""Resolved""",logistics.logistics_order_igm_stage,
network_order_id,Data representing the network order id.,"logistics.logistics_order_igm_stage.""network_order_id""",logistics.logistics_order_igm_stage,
ticket_key,Data representing the ticket key.,"logistics.logistics_order_igm_stage.""ticket_key""",logistics.logistics_order_igm_stage,
ticket_source,Data representing the ticket source.,"logistics.logistics_order_igm_stage.""ticket_source""",logistics.logistics_order_igm_stage,
ticket count,Data representing the ticket count.,"logistics.logistics_order_igm_stage.""ticket count""",logistics.logistics_order_igm_stage,
ticket_raiser,Data representing the ticket raiser.,"logistics.logistics_order_igm_stage.""ticket_raiser""",logistics.logistics_order_igm_stage,
ticket_expected_resolution_time,Timestamp or date indicating when ticket expected resolution time occurred.,"logistics.logistics_order_igm_stage.""ticket_expected_resolution_time""",logistics.logistics_order_igm_stage,
ticket_status,Turn-Around-Time (TAT) measurement.,"logistics.logistics_order_igm_stage.""ticket_status""",logistics.logistics_order_igm_stage,
Closed date,Timestamp or date indicating when closed date occurred.,"logistics.logistics_order_igm_stage.""Closed date""",logistics.logistics_order_igm_stage,
r_action_ticket_resolved_date,Timestamp or date indicating when r action ticket resolved date occurred.,"logistics.logistics_order_igm_stage.""r_action_ticket_resolved_date""",logistics.logistics_order_igm_stage,
on_issue_error_code,Error code associated with a failure or issue.,"logistics.logistics_order_igm_stage.""on_issue_error_code""",logistics.logistics_order_igm_stage,
issue_sync_response,Data representing the issue sync response.,"logistics.logistics_order_igm_stage.""issue_sync_response""",logistics.logistics_order_igm_stage,
tat_diff(open),Turn-Around-Time (TAT) measurement.,"logistics.logistics_order_igm_stage.""tat_diff(open)""",logistics.logistics_order_igm_stage,
sec_diff(open),Data representing the sec diff(open).,"logistics.logistics_order_igm_stage.""sec_diff(open)""",logistics.logistics_order_igm_stage,
min_diff(resolved),Data representing the min diff(resolved).,"logistics.logistics_order_igm_stage.""min_diff(resolved)""",logistics.logistics_order_igm_stage,
tat_diff(res),Turn-Around-Time (TAT) measurement.,"logistics.logistics_order_igm_stage.""tat_diff(res)""",logistics.logistics_order_igm_stage,
"▼ logistics_order_inc_stage   (base table, 32 cols)",,,logistics.logistics_order_inc_stage,
bap_id,Unique identifier for the Buyer App (BAP).,"logistics.logistics_order_inc_stage.""bap_id""",logistics.logistics_order_inc_stage,
bpp_id,Unique identifier for the Seller App (BPP).,"logistics.logistics_order_inc_stage.""bpp_id""",logistics.logistics_order_inc_stage,
order_id,Unique identifier for order.,"logistics.logistics_order_inc_stage.""order_id""",logistics.logistics_order_inc_stage,
transaction_id,Unique ONDC transaction identifier.,"logistics.logistics_order_inc_stage.""transaction_id""",logistics.logistics_order_inc_stage,
fulfillment_status,Turn-Around-Time (TAT) measurement.,"logistics.logistics_order_inc_stage.""fulfillment_status""",logistics.logistics_order_inc_stage,
cod_order,Boolean flag indicating cod order.,"logistics.logistics_order_inc_stage.""cod_order""",logistics.logistics_order_inc_stage,
date,Timestamp or date indicating when date occurred.,"logistics.logistics_order_inc_stage.""date""",logistics.logistics_order_inc_stage,
order_created_at,Timestamp when the record was created.,"logistics.logistics_order_inc_stage.""order_created_at""",logistics.logistics_order_inc_stage,
cancellation_code,Timestamp or date indicating when cancellation code occurred.,"logistics.logistics_order_inc_stage.""cancellation_code""",logistics.logistics_order_inc_stage,
latest_order_status,Turn-Around-Time (TAT) measurement.,"logistics.logistics_order_inc_stage.""latest_order_status""",logistics.logistics_order_inc_stage,
retail_order_id,Unique identifier for retail order.,"logistics.logistics_order_inc_stage.""retail_order_id""",logistics.logistics_order_inc_stage,
pick_up_pincode,Indian postal code (pincode).,"logistics.logistics_order_inc_stage.""pick_up_pincode""",logistics.logistics_order_inc_stage,
delivery_pincode,Indian postal code (pincode).,"logistics.logistics_order_inc_stage.""delivery_pincode""",logistics.logistics_order_inc_stage,
retail_category,Timestamp or date indicating when retail category occurred.,"logistics.logistics_order_inc_stage.""retail_category""",logistics.logistics_order_inc_stage,
shipment_type,Data representing the shipment type.,"logistics.logistics_order_inc_stage.""shipment_type""",logistics.logistics_order_inc_stage,
motorable_distance,Data representing the motorable distance.,"logistics.logistics_order_inc_stage.""motorable_distance""",logistics.logistics_order_inc_stage,
provider_name,Unique identifier for provider name.,"logistics.logistics_order_inc_stage.""provider_name""",logistics.logistics_order_inc_stage,
pickup_tat,Turn-Around-Time (TAT) measurement.,"logistics.logistics_order_inc_stage.""pickup_tat""",logistics.logistics_order_inc_stage,
rts_tat,Turn-Around-Time (TAT) measurement.,"logistics.logistics_order_inc_stage.""rts_tat""",logistics.logistics_order_inc_stage,
f_ready_to_ship_at_date,Timestamp or date indicating when f ready to ship at date occurred.,"logistics.logistics_order_inc_stage.""f_ready_to_ship_at_date""",logistics.logistics_order_inc_stage,
f_at_pickup_from_date,Timestamp or date indicating when f at pickup from date occurred.,"logistics.logistics_order_inc_stage.""f_at_pickup_from_date""",logistics.logistics_order_inc_stage,
f_agent_assigned_at_date,Timestamp or date indicating when f agent assigned at date occurred.,"logistics.logistics_order_inc_stage.""f_agent_assigned_at_date""",logistics.logistics_order_inc_stage,
delivered_date,Timestamp or date indicating when delivered date occurred.,"logistics.logistics_order_inc_stage.""delivered_date""",logistics.logistics_order_inc_stage,
cancelled_date,Timestamp or date indicating when cancelled date occurred.,"logistics.logistics_order_inc_stage.""cancelled_date""",logistics.logistics_order_inc_stage,
picked_date,Timestamp or date indicating when picked date occurred.,"logistics.logistics_order_inc_stage.""picked_date""",logistics.logistics_order_inc_stage,
drop_row,Data representing the drop row.,"logistics.logistics_order_inc_stage.""drop_row""",logistics.logistics_order_inc_stage,
row_updated,Timestamp or date indicating when row updated occurred.,"logistics.logistics_order_inc_stage.""row_updated""",logistics.logistics_order_inc_stage,
promised_time_to_deliver,Timestamp or date indicating when promised time to deliver occurred.,"logistics.logistics_order_inc_stage.""promised_time_to_deliver""",logistics.logistics_order_inc_stage,
fulfillment_type,Data representing the fulfillment type.,"logistics.logistics_order_inc_stage.""fulfillment_type""",logistics.logistics_order_inc_stage,
awb_number,Data representing the awb number.,"logistics.logistics_order_inc_stage.""awb_number""",logistics.logistics_order_inc_stage,
pick_up_lat,Timestamp or date indicating when pick up lat occurred.,"logistics.logistics_order_inc_stage.""pick_up_lat""",logistics.logistics_order_inc_stage,
pick_up_long,Data representing the pick up long.,"logistics.logistics_order_inc_stage.""pick_up_long""",logistics.logistics_order_inc_stage,
"▼ logistics_order_new   (view, 46 cols)",,,logistics.logistics_order_new,"WITH base_master AS (
         SELECT ml.bap_id,
            ml.bpp_id,
            ml.order_id,
            ml.transaction_id,
            ml.fulfillment_status,
            ml.cod_order,
            ml.date,
            ml.order_created_at,
            ml.cancellation_code,
            ml.latest_order_status,
            ml.retail_order_id,
            ml.pick_up_pincode,
            ml.delivery_pincode,
            ml.retail_category,
            ml.shipment_type,
            ml.motorable_distance,
            ml.provider_name,
            ml.pickup_tat,
            ml.rts_tat,
            ml.f_ready_to_ship_at_date,
            ml.f_at_pickup_from_date,
            ml.f_agent_assigned_at_date,
            ml.delivered_date,
            ml.cancelled_date,
            ml.picked_date,
            ml.promised_time_to_deliver,
            ml.fulfillment_type,
            ml.awb_number,
            ml.pick_up_lat,
            ml.pick_up_long,
                CASE
                    WHEN ml.delivered_date IS NULL AND ml.cancelled_date IS NOT NULL THEN 'Cancelled'::character varying
                    WHEN ml.delivered_date IS NOT NULL AND ml.cancelled_date IS NULL THEN 'Completed'::character varying
                    ELSE ml.latest_order_status
                END AS order_status
           FROM logistics.master_log ml
          WHERE ml.drop_row = 0 AND ml.date >= '2026-01-01'::date
        ), txid AS (
         SELECT base_master.bap_id,
            base_master.transaction_id,
            max(base_master.retail_order_id::text) AS roi
           FROM base_master
          WHERE base_master.retail_order_id IS NOT NULL
          GROUP BY base_master.bap_id, base_master.transaction_id
        ), master_table AS (
         SELECT ml.bap_id,
            ml.bpp_id,
            ml.order_id,
            ml.transaction_id,
            ml.fulfillment_status,
            ml.cod_order,
            ml.date,
            ml.order_created_at,
            ml.cancellation_code,
            ml.latest_order_status,
            COALESCE(tx.roi, ml.retail_order_id::text)::character varying AS retail_order_id,
            ml.pick_up_pincode,
            ml.delivery_pincode,
            ml.retail_category,
            ml.shipment_type,
            ml.motorable_distance,
            ml.provider_name,
            ml.pickup_tat,
            ml.rts_tat,
            ml.f_ready_to_ship_at_date,
            ml.f_at_pickup_from_date,
            ml.f_agent_assigned_at_date,
            ml.delivered_date,
            ml.cancelled_date,
            ml.picked_date,
            ml.promised_time_to_deliver,
            ml.fulfillment_type,
            ml.awb_number,
            ml.order_status
           FROM base_master ml
             LEFT JOIN txid tx ON tx.transaction_id::text = ml.transaction_id::text AND tx.bap_id::text = ml.bap_id::text
          WHERE NOT (ml.date >= '2024-05-01'::date AND ml.f_agent_assigned_at_date IS NULL AND ml.order_status::text = 'Cancelled'::text AND
                CASE
                    WHEN ml.bpp_id::text = 'ondc-lsp.olacabs.com'::text THEN 'P2P'::text
                    ELSE ml.shipment_type::text
                END = 'P2P'::text)
        ), base AS (
         SELECT COALESCE(l1.retail_order_id, l1.transaction_id) AS network_retail_order_id,
            l1.bpp_id,
            l1.bap_id,
            l1.order_created_at,
            l1.transaction_id,
            l1.order_id,
            l1.order_status,
            l1.f_agent_assigned_at_date,
            COALESCE(l1.f_at_pickup_from_date, l1.picked_date) AS pickup_date,
                CASE
                    WHEN l1.order_status::text = 'Completed'::text AND l1.f_agent_assigned_at_date IS NOT NULL AND COALESCE(l1.f_at_pickup_from_date, l1.picked_date) IS NOT NULL THEN 1
                    WHEN l1.order_status::text = 'Completed'::text AND l1.f_agent_assigned_at_date IS NOT NULL AND COALESCE(l1.f_at_pickup_from_date, l1.picked_date) IS NULL THEN 2
                    WHEN l1.order_status::text = 'Completed'::text AND l1.f_agent_assigned_at_date IS NULL AND COALESCE(l1.f_at_pickup_from_date, l1.picked_date) IS NOT NULL THEN 3
                    WHEN l1.order_status::text = 'Completed'::text AND l1.f_agent_assigned_at_date IS NULL AND COALESCE(l1.f_at_pickup_from_date, l1.picked_date) IS NULL THEN 4
                    WHEN (l1.order_status::text <> ALL (ARRAY['Completed'::text, 'Cancelled'::text])) AND l1.f_agent_assigned_at_date IS NOT NULL AND COALESCE(l1.f_at_pickup_from_date, l1.picked_date) IS NOT NULL THEN 5
                    WHEN (l1.order_status::text <> ALL (ARRAY['Completed'::text, 'Cancelled'::text])) AND l1.f_agent_assigned_at_date IS NOT NULL AND COALESCE(l1.f_at_pickup_from_date, l1.picked_date) IS NULL THEN 6
                    WHEN (l1.order_status::text <> ALL (ARRAY['Completed'::text, 'Cancelled'::text])) AND l1.f_agent_assigned_at_date IS NULL AND COALESCE(l1.f_at_pickup_from_date, l1.picked_date) IS NOT NULL THEN 7
                    WHEN (l1.order_status::text <> ALL (ARRAY['Completed'::text, 'Cancelled'::text])) AND l1.f_agent_assigned_at_date IS NULL AND COALESCE(l1.f_at_pickup_from_date, l1.picked_date) IS NULL THEN 8
                    WHEN l1.order_status::text = 'Cancelled'::text AND l1.f_agent_assigned_at_date IS NOT NULL AND COALESCE(l1.f_at_pickup_from_date, l1.picked_date) IS NOT NULL THEN 9
                    WHEN l1.order_status::text = 'Cancelled'::text AND l1.f_agent_assigned_at_date IS NOT NULL AND COALESCE(l1.f_at_pickup_from_date, l1.picked_date) IS NULL THEN 10
                    WHEN l1.order_status::text = 'Cancelled'::text AND l1.f_agent_assigned_at_date IS NULL AND COALESCE(l1.f_at_pickup_from_date, l1.picked_date) IS NOT NULL THEN 11
                    WHEN l1.order_status::text = 'Cancelled'::text AND l1.f_agent_assigned_at_date IS NULL AND COALESCE(l1.f_at_pickup_from_date, l1.picked_date) IS NULL THEN 12
                    ELSE 999
                END AS rank
           FROM master_table l1
        ), min_dedup AS (
         SELECT DISTINCT ON (t.bpp_id, t.network_retail_order_id) t.bpp_id,
            t.network_retail_order_id,
            t.transaction_id,
            t.order_id
           FROM ( SELECT base.network_retail_order_id,
                    base.bpp_id,
                    base.bap_id,
                    base.order_created_at,
                    base.transaction_id,
                    base.order_id,
                    base.order_status,
                    base.f_agent_assigned_at_date,
                    base.pickup_date,
                    base.rank,
                    min(base.rank) OVER (PARTITION BY base.bpp_id, base.network_retail_order_id) AS min_rank_val
                   FROM base) t
          WHERE t.rank = t.min_rank_val
          ORDER BY t.bpp_id, t.network_retail_order_id, t.order_created_at DESC
        ), master_with_rownum AS (
         SELECT mt.bap_id,
            mt.bpp_id,
            mt.order_id,
            mt.transaction_id,
            mt.fulfillment_status,
            mt.cod_order,
            mt.date,
            mt.order_created_at,
            mt.cancellation_code,
            mt.latest_order_status,
            mt.retail_order_id,
            mt.pick_up_pincode,
            mt.delivery_pincode,
            mt.retail_category,
            mt.shipment_type,
            mt.motorable_distance,
            mt.provider_name,
            mt.pickup_tat,
            mt.rts_tat,
            mt.f_ready_to_ship_at_date,
            mt.f_at_pickup_from_date,
            mt.f_agent_assigned_at_date,
            mt.delivered_date,
            mt.cancelled_date,
            mt.picked_date,
            mt.promised_time_to_deliver,
            mt.fulfillment_type,
            mt.order_status,
            mt.awb_number AS awbnumber,
            mt.date >= (CURRENT_DATE - '6 mons'::interval) AS within_6_months,
                CASE
                    WHEN md.transaction_id::text = mt.transaction_id::text AND COALESCE(mt.retail_order_id::text, mt.transaction_id::text) = md.network_retail_order_id::text AND md.order_id::text = mt.order_id::text THEN 1
                    ELSE 0
                END AS rn_retail,
            row_number() OVER (PARTITION BY mt.order_id, mt.transaction_id, mt.bap_id, mt.bpp_id, mt.order_created_at ORDER BY mt.order_created_at DESC) AS rn_order
           FROM master_table mt
             LEFT JOIN min_dedup md ON md.bpp_id::text = mt.bpp_id::text AND md.transaction_id::text = mt.transaction_id::text AND COALESCE(mt.retail_order_id::text, mt.transaction_id::text) = md.network_retail_order_id::text AND md.order_id::text = mt.order_id::text
        )
 SELECT bap_id,
    bpp_id,
        CASE
            WHEN within_6_months THEN order_id
            ELSE NULL::character varying
        END AS order_id,
        CASE
            WHEN within_6_months THEN transaction_id
            ELSE NULL::character varying
        END AS transaction_id,
    fulfillment_status,
    fulfillment_type,
    cod_order,
    date,
    order_created_at,
    cancellation_code,
    order_status AS latest_order_status,
        CASE
            WHEN within_6_months THEN retail_order_id
            ELSE NULL::character varying
        END AS retail_order_id,
    pick_up_pincode,
    delivery_pincode,
    retail_category,
    shipment_type,
    motorable_distance,
    provider_name,
    date_trunc('minute'::text, pickup_tat) AS pickup_tat,
    date_trunc('minute'::text, rts_tat) AS rts_tat,
        CASE
            WHEN within_6_months THEN date_trunc('minute'::text, f_ready_to_ship_at_date)
            ELSE NULL::timestamp without time zone
        END AS f_ready_to_ship_at_date,
    date_trunc('minute'::text, f_at_pickup_from_date) AS f_at_pickup_from_date,
    date_trunc('minute'::text, f_agent_assigned_at_date) AS f_agent_assigned_at_date,
    date_trunc('minute'::text, delivered_date) AS delivered_date,
    date_trunc('minute'::text, cancelled_date) AS cancelled_date,
    date_trunc('minute'::text, picked_date) AS picked_date,
    date_trunc('minute'::text, promised_time_to_deliver) AS promised_time_to_deliver,
    awbnumber,
        CASE
            WHEN (EXISTS ( SELECT 1
               FROM analytics_insight.order_level o
              WHERE o.""Network order id""::text = mw.retail_order_id::text AND o.""Date"" >= '2026-01-01'::date)) THEN 1
            ELSE 0
        END AS ""Linked Orders"",
    rn_retail AS dedup,
        CASE
            WHEN rn_order = 1 THEN 1
            ELSE 0
        END AS order_count,
        CASE
            WHEN order_status::text = 'Completed'::text AND delivered_date IS NOT NULL AND f_ready_to_ship_at_date IS NOT NULL THEN round(EXTRACT(epoch FROM delivered_date - f_ready_to_ship_at_date) / 60::numeric, 0)
            ELSE NULL::numeric
        END AS avg_del,
    round(EXTRACT(epoch FROM promised_time_to_deliver - order_created_at) / 60::numeric, 0) AS del_tat_duration,
        CASE
            WHEN order_status::text = 'Completed'::text AND delivered_date IS NOT NULL AND f_ready_to_ship_at_date IS NOT NULL THEN
            CASE
                WHEN delivered_date <= promised_time_to_deliver THEN 1
                ELSE 0
            END
            ELSE NULL::integer
        END AS del_adherence,
        CASE
            WHEN order_status::text = 'Completed'::text AND delivered_date IS NOT NULL AND f_ready_to_ship_at_date IS NOT NULL AND promised_time_to_deliver IS NOT NULL AND delivered_date > promised_time_to_deliver THEN EXTRACT(epoch FROM delivered_date - promised_time_to_deliver)
            ELSE NULL::numeric
        END AS del_breach_diff,
        CASE
            WHEN f_ready_to_ship_at_date IS NOT NULL THEN EXTRACT(epoch FROM f_ready_to_ship_at_date - order_created_at)
            ELSE NULL::numeric
        END AS rtsvscrt,
        CASE
            WHEN picked_date IS NOT NULL THEN EXTRACT(epoch FROM COALESCE(f_at_pickup_from_date, picked_date) - f_ready_to_ship_at_date)
            ELSE NULL::numeric
        END AS rtsvspck,
        CASE
            WHEN order_status::text = 'Completed'::text AND delivered_date IS NOT NULL AND f_ready_to_ship_at_date IS NOT NULL THEN round(EXTRACT(epoch FROM delivered_date - f_ready_to_ship_at_date) / 60::numeric, 0)
            ELSE NULL::numeric
        END AS delage,
        CASE
            WHEN order_status::text = 'Cancelled'::text THEN EXTRACT(epoch FROM cancelled_date - order_created_at)
            ELSE NULL::numeric
        END AS cancel_secs,
        CASE
            WHEN order_status::text <> ALL (ARRAY['Completed'::text, 'Cancelled'::text]) THEN round(EXTRACT(epoch FROM now() - order_created_at::timestamp with time zone) / 60::numeric, 0)
            ELSE NULL::numeric
        END AS in_process_ageing,
        CASE
            WHEN f_at_pickup_from_date IS NOT NULL AND picked_date IS NOT NULL THEN round(EXTRACT(epoch FROM picked_date - f_at_pickup_from_date) / 60::numeric, 0)
            ELSE NULL::numeric
        END AS rider_waiting,
        CASE
            WHEN f_agent_assigned_at_date IS NOT NULL AND f_ready_to_ship_at_date IS NOT NULL THEN round(EXTRACT(epoch FROM f_agent_assigned_at_date - f_ready_to_ship_at_date) / 60::numeric, 0)
            ELSE NULL::numeric
        END AS rider_assigning,
        CASE
            WHEN pickup_tat IS NOT NULL AND (f_at_pickup_from_date IS NOT NULL OR picked_date IS NOT NULL) THEN
            CASE
                WHEN COALESCE(f_at_pickup_from_date, picked_date) <= pickup_tat THEN 0
                ELSE 1
            END
            ELSE NULL::integer
        END AS pick_up_breached,
        CASE
            WHEN pickup_tat IS NOT NULL AND (f_at_pickup_from_date IS NOT NULL OR picked_date IS NOT NULL) THEN EXTRACT(epoch FROM COALESCE(f_at_pickup_from_date, picked_date) - pickup_tat)
            ELSE NULL::numeric
        END AS pick_up_tat_diff,
        CASE
            WHEN rts_tat IS NOT NULL AND f_ready_to_ship_at_date IS NOT NULL THEN
            CASE
                WHEN f_ready_to_ship_at_date <= rts_tat THEN 0
                ELSE 1
            END
            ELSE NULL::integer
        END AS rts_breached,
        CASE
            WHEN rts_tat IS NOT NULL AND f_ready_to_ship_at_date IS NOT NULL THEN EXTRACT(epoch FROM f_ready_to_ship_at_date - rts_tat)
            ELSE NULL::numeric
        END AS rts_tat_diff
   FROM master_with_rownum mw;"
bap_id,Unique identifier for the Buyer App (BAP).,"logistics.logistics_order_new.""bap_id""",logistics.logistics_order_new,
bpp_id,Unique identifier for the Seller App (BPP).,"logistics.logistics_order_new.""bpp_id""",logistics.logistics_order_new,
order_id,Unique identifier for order.,"logistics.logistics_order_new.""order_id""",logistics.logistics_order_new,
transaction_id,Unique ONDC transaction identifier.,"logistics.logistics_order_new.""transaction_id""",logistics.logistics_order_new,
fulfillment_status,Turn-Around-Time (TAT) measurement.,"logistics.logistics_order_new.""fulfillment_status""",logistics.logistics_order_new,
fulfillment_type,Data representing the fulfillment type.,"logistics.logistics_order_new.""fulfillment_type""",logistics.logistics_order_new,
cod_order,Data representing the cod order.,"logistics.logistics_order_new.""cod_order""",logistics.logistics_order_new,
date,Timestamp or date indicating when date occurred.,"logistics.logistics_order_new.""date""",logistics.logistics_order_new,
order_created_at,Timestamp when the record was created.,"logistics.logistics_order_new.""order_created_at""",logistics.logistics_order_new,
cancellation_code,Timestamp or date indicating when cancellation code occurred.,"logistics.logistics_order_new.""cancellation_code""",logistics.logistics_order_new,
latest_order_status,Turn-Around-Time (TAT) measurement.,"logistics.logistics_order_new.""latest_order_status""",logistics.logistics_order_new,
retail_order_id,Unique identifier for retail order.,"logistics.logistics_order_new.""retail_order_id""",logistics.logistics_order_new,
pick_up_pincode,Indian postal code (pincode).,"logistics.logistics_order_new.""pick_up_pincode""",logistics.logistics_order_new,
delivery_pincode,Indian postal code (pincode).,"logistics.logistics_order_new.""delivery_pincode""",logistics.logistics_order_new,
retail_category,Timestamp or date indicating when retail category occurred.,"logistics.logistics_order_new.""retail_category""",logistics.logistics_order_new,
shipment_type,Data representing the shipment type.,"logistics.logistics_order_new.""shipment_type""",logistics.logistics_order_new,
motorable_distance,Data representing the motorable distance.,"logistics.logistics_order_new.""motorable_distance""",logistics.logistics_order_new,
provider_name,Unique identifier for provider name.,"logistics.logistics_order_new.""provider_name""",logistics.logistics_order_new,
pickup_tat,Turn-Around-Time (TAT) measurement.,"logistics.logistics_order_new.""pickup_tat""",logistics.logistics_order_new,
rts_tat,Turn-Around-Time (TAT) measurement.,"logistics.logistics_order_new.""rts_tat""",logistics.logistics_order_new,
f_ready_to_ship_at_date,Timestamp or date indicating when f ready to ship at date occurred.,"logistics.logistics_order_new.""f_ready_to_ship_at_date""",logistics.logistics_order_new,
f_at_pickup_from_date,Timestamp or date indicating when f at pickup from date occurred.,"logistics.logistics_order_new.""f_at_pickup_from_date""",logistics.logistics_order_new,
f_agent_assigned_at_date,Timestamp or date indicating when f agent assigned at date occurred.,"logistics.logistics_order_new.""f_agent_assigned_at_date""",logistics.logistics_order_new,
delivered_date,Timestamp or date indicating when delivered date occurred.,"logistics.logistics_order_new.""delivered_date""",logistics.logistics_order_new,
cancelled_date,Timestamp or date indicating when cancelled date occurred.,"logistics.logistics_order_new.""cancelled_date""",logistics.logistics_order_new,
picked_date,Timestamp or date indicating when picked date occurred.,"logistics.logistics_order_new.""picked_date""",logistics.logistics_order_new,
promised_time_to_deliver,Timestamp or date indicating when promised time to deliver occurred.,"logistics.logistics_order_new.""promised_time_to_deliver""",logistics.logistics_order_new,
awbnumber,Data representing the awbnumber.,"logistics.logistics_order_new.""awbnumber""",logistics.logistics_order_new,
Linked Orders,Data representing the linked orders.,"logistics.logistics_order_new.""Linked Orders""",logistics.logistics_order_new,
dedup,Data representing the dedup.,"logistics.logistics_order_new.""dedup""",logistics.logistics_order_new,
order_count,Data representing the order count.,"logistics.logistics_order_new.""order_count""",logistics.logistics_order_new,
avg_del,Data representing the avg del.,"logistics.logistics_order_new.""avg_del""",logistics.logistics_order_new,
del_tat_duration,Turn-Around-Time (TAT) measurement.,"logistics.logistics_order_new.""del_tat_duration""",logistics.logistics_order_new,
del_adherence,Data representing the del adherence.,"logistics.logistics_order_new.""del_adherence""",logistics.logistics_order_new,
del_breach_diff,Data representing the del breach diff.,"logistics.logistics_order_new.""del_breach_diff""",logistics.logistics_order_new,
rtsvscrt,Data representing the rtsvscrt.,"logistics.logistics_order_new.""rtsvscrt""",logistics.logistics_order_new,
rtsvspck,Data representing the rtsvspck.,"logistics.logistics_order_new.""rtsvspck""",logistics.logistics_order_new,
delage,Data representing the delage.,"logistics.logistics_order_new.""delage""",logistics.logistics_order_new,
cancel_secs,Data representing the cancel secs.,"logistics.logistics_order_new.""cancel_secs""",logistics.logistics_order_new,
in_process_ageing,Data representing the in process ageing.,"logistics.logistics_order_new.""in_process_ageing""",logistics.logistics_order_new,
rider_waiting,Unique identifier for rider waiting.,"logistics.logistics_order_new.""rider_waiting""",logistics.logistics_order_new,
rider_assigning,Unique identifier for rider assigning.,"logistics.logistics_order_new.""rider_assigning""",logistics.logistics_order_new,
pick_up_breached,Data representing the pick up breached.,"logistics.logistics_order_new.""pick_up_breached""",logistics.logistics_order_new,
pick_up_tat_diff,Turn-Around-Time (TAT) measurement.,"logistics.logistics_order_new.""pick_up_tat_diff""",logistics.logistics_order_new,
rts_breached,Data representing the rts breached.,"logistics.logistics_order_new.""rts_breached""",logistics.logistics_order_new,
rts_tat_diff,Turn-Around-Time (TAT) measurement.,"logistics.logistics_order_new.""rts_tat_diff""",logistics.logistics_order_new,
"▼ logistics_stck   (view, 20 cols)",,,logistics.logistics_stck,"WITH table1 AS (
         SELECT master_log.bap_id,
            master_log.bpp_id,
            master_log.order_id,
            master_log.transaction_id,
            master_log.date,
            master_log.order_created_at,
            master_log.cancellation_code,
            master_log.retail_order_id,
            master_log.pick_up_pincode,
            master_log.delivery_pincode,
            master_log.retail_category,
            master_log.shipment_type,
            master_log.provider_name,
                CASE
                    WHEN master_log.f_agent_assigned_at_date IS NULL THEN 0
                    ELSE 1
                END AS assigned,
            master_log.cancelled_date,
            master_log.picked_date,
                CASE
                    WHEN master_log.delivered_date IS NULL AND master_log.cancelled_date IS NOT NULL THEN 'Cancelled'::character varying
                    WHEN master_log.delivered_date IS NOT NULL AND master_log.cancelled_date IS NULL THEN 'Completed'::character varying
                    ELSE master_log.latest_order_status
                END AS order_status,
            row_number() OVER (PARTITION BY (COALESCE(master_log.retail_order_id, master_log.order_id)) ORDER BY master_log.order_created_at DESC) AS dedup,
            row_number() OVER (PARTITION BY master_log.order_id, master_log.transaction_id, master_log.bap_id, master_log.bpp_id, master_log.order_created_at ORDER BY master_log.order_created_at DESC) AS rn_order
           FROM logistics.master_log
          WHERE master_log.date >= (date(now()) - '30 days'::interval day) AND master_log.drop_row = 0
        )
 SELECT t1.bap_id,
    t1.bpp_id,
    t1.order_id,
    t1.retail_order_id,
    t1.transaction_id,
    t1.date,
    t1.order_created_at,
    t1.cancellation_code,
    t1.order_status AS latest_order_status,
        CASE
            WHEN t2.""Network order id"" IS NULL THEN 'Independent'::text
            ELSE 'Linked'::text
        END AS ""Linked"",
    t1.shipment_type,
    COALESCE(t1.provider_name, 'Undefined'::character varying) AS provider_name,
    t1.pick_up_pincode,
    t1.delivery_pincode,
    t1.retail_category,
    t1.assigned,
    t1.cancelled_date,
    t1.picked_date,
    t1.dedup,
    t1.rn_order
   FROM table1 t1
     LEFT JOIN analytics_insight.order_level_60days_mv t2 ON t1.retail_order_id::text = t2.""Network order id""::text;"
bap_id,Unique identifier for the Buyer App (BAP).,"logistics.logistics_stck.""bap_id""",logistics.logistics_stck,
bpp_id,Unique identifier for the Seller App (BPP).,"logistics.logistics_stck.""bpp_id""",logistics.logistics_stck,
order_id,Unique identifier for order.,"logistics.logistics_stck.""order_id""",logistics.logistics_stck,
retail_order_id,Unique identifier for retail order.,"logistics.logistics_stck.""retail_order_id""",logistics.logistics_stck,
transaction_id,Unique ONDC transaction identifier.,"logistics.logistics_stck.""transaction_id""",logistics.logistics_stck,
date,Timestamp or date indicating when date occurred.,"logistics.logistics_stck.""date""",logistics.logistics_stck,
order_created_at,Timestamp when the record was created.,"logistics.logistics_stck.""order_created_at""",logistics.logistics_stck,
cancellation_code,Timestamp or date indicating when cancellation code occurred.,"logistics.logistics_stck.""cancellation_code""",logistics.logistics_stck,
latest_order_status,Turn-Around-Time (TAT) measurement.,"logistics.logistics_stck.""latest_order_status""",logistics.logistics_stck,
Linked,Data representing the linked.,"logistics.logistics_stck.""Linked""",logistics.logistics_stck,
shipment_type,Data representing the shipment type.,"logistics.logistics_stck.""shipment_type""",logistics.logistics_stck,
provider_name,Unique identifier for provider name.,"logistics.logistics_stck.""provider_name""",logistics.logistics_stck,
pick_up_pincode,Indian postal code (pincode).,"logistics.logistics_stck.""pick_up_pincode""",logistics.logistics_stck,
delivery_pincode,Indian postal code (pincode).,"logistics.logistics_stck.""delivery_pincode""",logistics.logistics_stck,
retail_category,Timestamp or date indicating when retail category occurred.,"logistics.logistics_stck.""retail_category""",logistics.logistics_stck,
assigned,Data representing the assigned.,"logistics.logistics_stck.""assigned""",logistics.logistics_stck,
cancelled_date,Timestamp or date indicating when cancelled date occurred.,"logistics.logistics_stck.""cancelled_date""",logistics.logistics_stck,
picked_date,Timestamp or date indicating when picked date occurred.,"logistics.logistics_stck.""picked_date""",logistics.logistics_stck,
dedup,Data representing the dedup.,"logistics.logistics_stck.""dedup""",logistics.logistics_stck,
rn_order,Data representing the rn order.,"logistics.logistics_stck.""rn_order""",logistics.logistics_stck,
"▼ logistics_stck_1   (view, 23 cols)",,,logistics.logistics_stck_1,"WITH base AS (
         SELECT master_log.bap_id,
            master_log.bpp_id,
            master_log.order_id,
            master_log.transaction_id,
            master_log.date,
            master_log.order_created_at,
            master_log.cancellation_code,
            COALESCE(master_log.retail_order_id, master_log.order_id) AS retail_order_id,
            master_log.pick_up_pincode,
            master_log.delivery_pincode,
            master_log.retail_category,
            master_log.shipment_type,
            master_log.f_agent_assigned_at_date,
            master_log.cancelled_date,
            master_log.picked_date,
            master_log.delivered_date,
                CASE
                    WHEN master_log.f_agent_assigned_at_date IS NULL THEN 0
                    ELSE 1
                END AS assigned,
                CASE
                    WHEN master_log.delivered_date IS NULL AND master_log.cancelled_date IS NOT NULL THEN 'Cancelled'::character varying
                    WHEN master_log.delivered_date IS NOT NULL AND master_log.cancelled_date IS NULL THEN 'Completed'::character varying
                    ELSE master_log.latest_order_status
                END AS order_status
           FROM logistics.master_log
          WHERE master_log.date = (date(now()) - '1 day'::interval day) AND master_log.drop_row = 0
        ), table1 AS (
         SELECT master_log.bap_id,
            master_log.bpp_id,
            master_log.order_id,
            master_log.transaction_id,
            master_log.date,
            master_log.order_created_at,
            master_log.cancellation_code,
            master_log.retail_order_id,
            master_log.pick_up_pincode,
            master_log.delivery_pincode,
            master_log.retail_category,
            master_log.shipment_type,
            master_log.f_agent_assigned_at_date,
            master_log.cancelled_date,
            master_log.picked_date,
            master_log.delivered_date,
            master_log.assigned,
            master_log.order_status,
            row_number() OVER (PARTITION BY master_log.order_id, master_log.transaction_id, master_log.bap_id, master_log.bpp_id, master_log.order_created_at ORDER BY master_log.order_created_at DESC) AS rn_order,
                CASE
                    WHEN master_log.date >= '2024-05-01'::date AND master_log.assigned = 0 AND master_log.order_status::text = 'Cancelled'::text AND
                    CASE
                        WHEN master_log.bpp_id::text = 'ondc-lsp.olacabs.com'::text THEN 'P2P'::character varying
                        ELSE master_log.shipment_type
                    END::text = 'P2P'::text THEN 1
                    ELSE 0
                END AS stockout,
                CASE
                    WHEN t2.""Network order id"" IS NULL THEN 'Independent'::text
                    ELSE 'Linked'::text
                END AS ""Linked""
           FROM base master_log
             LEFT JOIN analytics_insight.order_level t2 ON t2.""Network order id""::text = master_log.retail_order_id::text AND t2.""Date"" >= (date(now()) - '1 day'::interval day)
        )
 SELECT bap_id,
    bpp_id,
    order_id,
    transaction_id,
    date,
    order_created_at,
    cancellation_code,
    retail_order_id,
    pick_up_pincode,
    delivery_pincode,
    retail_category,
    shipment_type,
    f_agent_assigned_at_date,
    cancelled_date,
    picked_date,
    delivered_date,
    assigned,
    order_status AS latest_order_status,
    rn_order,
    stockout,
    ""Linked"",
    row_number() OVER (PARTITION BY (
        CASE
            WHEN stockout = 0 THEN retail_order_id
            ELSE NULL::character varying
        END) ORDER BY order_created_at DESC) AS dedup,
    row_number() OVER (PARTITION BY retail_order_id ORDER BY order_created_at DESC) AS tech_dedup
   FROM table1;"
bap_id,Unique identifier for the Buyer App (BAP).,"logistics.logistics_stck_1.""bap_id""",logistics.logistics_stck_1,
bpp_id,Unique identifier for the Seller App (BPP).,"logistics.logistics_stck_1.""bpp_id""",logistics.logistics_stck_1,
order_id,Unique identifier for order.,"logistics.logistics_stck_1.""order_id""",logistics.logistics_stck_1,
transaction_id,Unique ONDC transaction identifier.,"logistics.logistics_stck_1.""transaction_id""",logistics.logistics_stck_1,
date,Timestamp or date indicating when date occurred.,"logistics.logistics_stck_1.""date""",logistics.logistics_stck_1,
order_created_at,Timestamp when the record was created.,"logistics.logistics_stck_1.""order_created_at""",logistics.logistics_stck_1,
cancellation_code,Timestamp or date indicating when cancellation code occurred.,"logistics.logistics_stck_1.""cancellation_code""",logistics.logistics_stck_1,
retail_order_id,Unique identifier for retail order.,"logistics.logistics_stck_1.""retail_order_id""",logistics.logistics_stck_1,
pick_up_pincode,Indian postal code (pincode).,"logistics.logistics_stck_1.""pick_up_pincode""",logistics.logistics_stck_1,
delivery_pincode,Indian postal code (pincode).,"logistics.logistics_stck_1.""delivery_pincode""",logistics.logistics_stck_1,
retail_category,Timestamp or date indicating when retail category occurred.,"logistics.logistics_stck_1.""retail_category""",logistics.logistics_stck_1,
shipment_type,Data representing the shipment type.,"logistics.logistics_stck_1.""shipment_type""",logistics.logistics_stck_1,
f_agent_assigned_at_date,Timestamp or date indicating when f agent assigned at date occurred.,"logistics.logistics_stck_1.""f_agent_assigned_at_date""",logistics.logistics_stck_1,
cancelled_date,Timestamp or date indicating when cancelled date occurred.,"logistics.logistics_stck_1.""cancelled_date""",logistics.logistics_stck_1,
picked_date,Timestamp or date indicating when picked date occurred.,"logistics.logistics_stck_1.""picked_date""",logistics.logistics_stck_1,
delivered_date,Timestamp or date indicating when delivered date occurred.,"logistics.logistics_stck_1.""delivered_date""",logistics.logistics_stck_1,
assigned,Data representing the assigned.,"logistics.logistics_stck_1.""assigned""",logistics.logistics_stck_1,
latest_order_status,Turn-Around-Time (TAT) measurement.,"logistics.logistics_stck_1.""latest_order_status""",logistics.logistics_stck_1,
rn_order,Data representing the rn order.,"logistics.logistics_stck_1.""rn_order""",logistics.logistics_stck_1,
stockout,Data representing the stockout.,"logistics.logistics_stck_1.""stockout""",logistics.logistics_stck_1,
Linked,Data representing the linked.,"logistics.logistics_stck_1.""Linked""",logistics.logistics_stck_1,
dedup,Data representing the dedup.,"logistics.logistics_stck_1.""dedup""",logistics.logistics_stck_1,
tech_dedup,Data representing the tech dedup.,"logistics.logistics_stck_1.""tech_dedup""",logistics.logistics_stck_1,
"▼ logistics_stck_60_days   (view, 19 cols)",,,logistics.logistics_stck_60_days,"WITH table1 AS (
         SELECT master_log.bap_id,
            master_log.bpp_id,
            master_log.order_id,
            master_log.transaction_id,
            master_log.date,
            master_log.order_created_at,
            master_log.cancellation_code,
            master_log.retail_order_id,
            master_log.pick_up_pincode,
            master_log.delivery_pincode,
            master_log.retail_category,
            master_log.shipment_type,
            master_log.provider_name,
            master_log.assigned,
            master_log.cancelled_date,
            master_log.picked_date,
            master_log.order_status,
            master_log.dedup,
            master_log.rn_order
           FROM logistics.master_log_60days_mv master_log
        )
 SELECT t1.bap_id,
    t1.bpp_id,
    t1.order_id,
    t1.transaction_id,
    t1.date,
    t1.order_created_at,
    t1.cancellation_code,
    t1.order_status AS latest_order_status,
        CASE
            WHEN t2.""Network order id"" IS NULL THEN 'Independent'::text
            ELSE 'Linked'::text
        END AS ""Linked"",
    t1.shipment_type,
    COALESCE(t1.provider_name, 'Undefined'::character varying) AS provider_name,
    t1.pick_up_pincode,
    t1.delivery_pincode,
    t1.retail_category,
    t1.assigned,
    t1.cancelled_date,
    t1.picked_date,
    t1.dedup,
    t1.rn_order
   FROM table1 t1
     LEFT JOIN analytics_insight.order_level_60days_mv t2 ON t1.retail_order_id::text = t2.""Network order id""::text;"
bap_id,Unique identifier for the Buyer App (BAP).,"logistics.logistics_stck_60_days.""bap_id""",logistics.logistics_stck_60_days,
bpp_id,Unique identifier for the Seller App (BPP).,"logistics.logistics_stck_60_days.""bpp_id""",logistics.logistics_stck_60_days,
order_id,Unique identifier for order.,"logistics.logistics_stck_60_days.""order_id""",logistics.logistics_stck_60_days,
transaction_id,Unique ONDC transaction identifier.,"logistics.logistics_stck_60_days.""transaction_id""",logistics.logistics_stck_60_days,
date,Timestamp or date indicating when date occurred.,"logistics.logistics_stck_60_days.""date""",logistics.logistics_stck_60_days,
order_created_at,Timestamp when the record was created.,"logistics.logistics_stck_60_days.""order_created_at""",logistics.logistics_stck_60_days,
cancellation_code,Timestamp or date indicating when cancellation code occurred.,"logistics.logistics_stck_60_days.""cancellation_code""",logistics.logistics_stck_60_days,
latest_order_status,Turn-Around-Time (TAT) measurement.,"logistics.logistics_stck_60_days.""latest_order_status""",logistics.logistics_stck_60_days,
Linked,Data representing the linked.,"logistics.logistics_stck_60_days.""Linked""",logistics.logistics_stck_60_days,
shipment_type,Data representing the shipment type.,"logistics.logistics_stck_60_days.""shipment_type""",logistics.logistics_stck_60_days,
provider_name,Unique identifier for provider name.,"logistics.logistics_stck_60_days.""provider_name""",logistics.logistics_stck_60_days,
pick_up_pincode,Indian postal code (pincode).,"logistics.logistics_stck_60_days.""pick_up_pincode""",logistics.logistics_stck_60_days,
delivery_pincode,Indian postal code (pincode).,"logistics.logistics_stck_60_days.""delivery_pincode""",logistics.logistics_stck_60_days,
retail_category,Timestamp or date indicating when retail category occurred.,"logistics.logistics_stck_60_days.""retail_category""",logistics.logistics_stck_60_days,
assigned,Data representing the assigned.,"logistics.logistics_stck_60_days.""assigned""",logistics.logistics_stck_60_days,
cancelled_date,Timestamp or date indicating when cancelled date occurred.,"logistics.logistics_stck_60_days.""cancelled_date""",logistics.logistics_stck_60_days,
picked_date,Timestamp or date indicating when picked date occurred.,"logistics.logistics_stck_60_days.""picked_date""",logistics.logistics_stck_60_days,
dedup,Data representing the dedup.,"logistics.logistics_stck_60_days.""dedup""",logistics.logistics_stck_60_days,
rn_order,Data representing the rn order.,"logistics.logistics_stck_60_days.""rn_order""",logistics.logistics_stck_60_days,
"▼ logistics_stck_6_days   (view, 19 cols)",,,logistics.logistics_stck_6_days,"WITH table1 AS (
         SELECT master_log.bap_id,
            master_log.bpp_id,
            master_log.order_id,
            master_log.transaction_id,
            master_log.date,
            master_log.order_created_at,
            master_log.cancellation_code,
            master_log.retail_order_id,
            master_log.pick_up_pincode,
            master_log.delivery_pincode,
            master_log.retail_category,
            master_log.shipment_type,
            master_log.provider_name,
            master_log.assigned,
            master_log.cancelled_date,
            master_log.picked_date,
            master_log.order_status,
            master_log.dedup,
            master_log.rn_order
           FROM logistics.master_log_60days_dummy master_log
        )
 SELECT t1.bap_id,
    t1.bpp_id,
    t1.order_id,
    t1.transaction_id,
    t1.date,
    t1.order_created_at,
    t1.cancellation_code,
    t1.order_status AS latest_order_status,
        CASE
            WHEN t2.""Network order id"" IS NULL THEN 'Independent'::text
            ELSE 'Linked'::text
        END AS ""Linked"",
    t1.shipment_type,
    COALESCE(t1.provider_name, 'Undefined'::character varying) AS provider_name,
    t1.pick_up_pincode,
    t1.delivery_pincode,
    t1.retail_category,
    t1.assigned,
    t1.cancelled_date,
    t1.picked_date,
    t1.dedup,
    t1.rn_order
   FROM table1 t1
     LEFT JOIN analytics_insight.order_level_60days_mv t2 ON t1.retail_order_id = t2.""Network order id""::text;"
bap_id,Unique identifier for the Buyer App (BAP).,"logistics.logistics_stck_6_days.""bap_id""",logistics.logistics_stck_6_days,
bpp_id,Unique identifier for the Seller App (BPP).,"logistics.logistics_stck_6_days.""bpp_id""",logistics.logistics_stck_6_days,
order_id,Unique identifier for order.,"logistics.logistics_stck_6_days.""order_id""",logistics.logistics_stck_6_days,
transaction_id,Unique ONDC transaction identifier.,"logistics.logistics_stck_6_days.""transaction_id""",logistics.logistics_stck_6_days,
date,Timestamp or date indicating when date occurred.,"logistics.logistics_stck_6_days.""date""",logistics.logistics_stck_6_days,
order_created_at,Timestamp when the record was created.,"logistics.logistics_stck_6_days.""order_created_at""",logistics.logistics_stck_6_days,
cancellation_code,Timestamp or date indicating when cancellation code occurred.,"logistics.logistics_stck_6_days.""cancellation_code""",logistics.logistics_stck_6_days,
latest_order_status,Turn-Around-Time (TAT) measurement.,"logistics.logistics_stck_6_days.""latest_order_status""",logistics.logistics_stck_6_days,
Linked,Data representing the linked.,"logistics.logistics_stck_6_days.""Linked""",logistics.logistics_stck_6_days,
shipment_type,Data representing the shipment type.,"logistics.logistics_stck_6_days.""shipment_type""",logistics.logistics_stck_6_days,
provider_name,Unique identifier for provider name.,"logistics.logistics_stck_6_days.""provider_name""",logistics.logistics_stck_6_days,
pick_up_pincode,Indian postal code (pincode).,"logistics.logistics_stck_6_days.""pick_up_pincode""",logistics.logistics_stck_6_days,
delivery_pincode,Indian postal code (pincode).,"logistics.logistics_stck_6_days.""delivery_pincode""",logistics.logistics_stck_6_days,
retail_category,Timestamp or date indicating when retail category occurred.,"logistics.logistics_stck_6_days.""retail_category""",logistics.logistics_stck_6_days,
assigned,Data representing the assigned.,"logistics.logistics_stck_6_days.""assigned""",logistics.logistics_stck_6_days,
cancelled_date,Timestamp or date indicating when cancelled date occurred.,"logistics.logistics_stck_6_days.""cancelled_date""",logistics.logistics_stck_6_days,
picked_date,Timestamp or date indicating when picked date occurred.,"logistics.logistics_stck_6_days.""picked_date""",logistics.logistics_stck_6_days,
dedup,Data representing the dedup.,"logistics.logistics_stck_6_days.""dedup""",logistics.logistics_stck_6_days,
rn_order,Data representing the rn order.,"logistics.logistics_stck_6_days.""rn_order""",logistics.logistics_stck_6_days,
"▼ logistics_stock_bv   (view, 95 cols)",,,logistics.logistics_stock_bv,"SELECT s.bap_id,
    s.bpp_id,
    s.order_id,
    s.transaction_id,
    s.date,
    s.order_created_at,
    s.cancellation_code,
    s.latest_order_status,
    s.""Linked"",
    s.shipment_type,
    s.provider_name,
    s.pick_up_pincode,
    s.delivery_pincode,
    s.retail_category,
    s.assigned,
    s.cancelled_date,
    s.picked_date,
    s.dedup,
    s.rn_order,
    cc.attributed_to AS ""Cancellation Attributed to"",
    cc.by AS ""Cancellation By"",
        CASE
            WHEN s.cancelled_date IS NOT NULL THEN EXTRACT(epoch FROM s.cancelled_date - s.order_created_at)
            ELSE NULL::numeric
        END AS ""Cancel sec"",
    lnp.logistics_np_name AS ""Logistics NP Name"",
    lnp.lnp_mask AS ""LNP Mask"",
    lnp.tsp_powered AS ""TSP Powered"",
    s.rn_order AS ""Overall"",
    s.rn_order AS ""Overall Orders"",
    s.rn_order AS ""Overall Orders Dedup"",
        CASE
            WHEN s.dedup = 1 THEN s.rn_order
            ELSE 0::bigint
        END AS ""Overall Deduped"",
        CASE
            WHEN s.latest_order_status::text = 'Cancelled'::text THEN s.rn_order
            ELSE 0::bigint
        END AS ""Cancelled Overall"",
        CASE
            WHEN s.assigned = 1 AND s.dedup = 1 THEN s.rn_order
            ELSE 0::bigint
        END AS ""Driver Assigned"",
        CASE
            WHEN s.dedup = 1 AND s.latest_order_status::text = 'Completed'::text THEN s.rn_order
            ELSE 0::bigint
        END AS ""Delivered Ded"",
        CASE
            WHEN s.assigned = 1 AND s.dedup = 1 AND s.picked_date IS NOT NULL AND s.latest_order_status::text = 'Cancelled'::text THEN s.rn_order
            ELSE 0::bigint
        END AS ""Post assgn Post Pickup SO Dedup Cancelled"",
        CASE
            WHEN s.assigned = 0 AND s.dedup = 1 THEN s.rn_order
            ELSE 0::bigint
        END AS ""Preassigned SO Dedup"",
        CASE
            WHEN s.latest_order_status::text = 'Cancelled'::text AND s.assigned = 0 AND s.dedup = 1 THEN s.rn_order
            ELSE 0::bigint
        END AS ""Pre Assigned SO"",
        CASE
            WHEN s.latest_order_status::text = 'Cancelled'::text AND s.dedup = 1 AND s.assigned = 1 THEN s.rn_order
            ELSE 0::bigint
        END AS ""Post Assigned SO Dedup"",
        CASE
            WHEN NOT (s.date >= '2024-05-01'::date AND s.assigned = 0 AND upper(s.latest_order_status::text) = 'CANCELLED'::text AND
            CASE
                WHEN s.bpp_id::text = 'ondc-lsp.olacabs.com'::text THEN 'P2P'::character varying
                ELSE s.shipment_type
            END::text = 'P2P'::text) THEN s.rn_order
            ELSE 0::bigint
        END AS ""Confirmed"",
        CASE
            WHEN s.dedup = 1 AND s.assigned = 0 AND cc.attributed_to::text = 'Buyer App'::text THEN s.rn_order
            ELSE 0::bigint
        END AS ""Buyer Led SO Dedup PA"",
        CASE
            WHEN s.dedup = 1 AND cc.attributed_to::text = 'Seller App'::text THEN s.rn_order
            ELSE 0::bigint
        END AS ""Merchant Led SO Dedup"",
        CASE
            WHEN s.assigned = 0 AND s.dedup = 1 AND s.latest_order_status::text = 'Cancelled'::text AND cc.attributed_to::text = 'Buyer App'::text THEN s.rn_order
            ELSE 0::bigint
        END AS ""Buyer Led SO Preassgn"",
        CASE
            WHEN s.assigned = 0 AND s.dedup = 1 AND s.latest_order_status::text = 'Cancelled'::text AND cc.attributed_to::text = 'Buyer App'::text AND cc.by::text = 'Seller App'::text THEN s.rn_order
            ELSE 0::bigint
        END AS ""Buyer Led - Seller by"",
        CASE
            WHEN s.assigned = 0 AND s.dedup = 1 AND s.latest_order_status::text = 'Cancelled'::text AND cc.by::text = 'Logistics Provider'::text THEN s.rn_order
            ELSE 0::bigint
        END AS ""Log By Pre Assigned SO"",
        CASE
            WHEN s.assigned = 1 AND s.dedup = 1 AND s.latest_order_status::text = 'Cancelled'::text AND cc.attributed_to::text = 'Logistics Provider'::text AND cc.by::text = 'Buyer App'::text THEN s.rn_order
            ELSE 0::bigint
        END AS ""Logistics Led - Buyer by(PA)"",
        CASE
            WHEN s.latest_order_status::text = 'Cancelled'::text AND s.assigned = 1 AND s.dedup = 1 AND s.picked_date IS NULL AND cc.attributed_to::text = 'Logistics Provider'::text AND
            CASE
                WHEN s.cancelled_date IS NOT NULL THEN EXTRACT(epoch FROM s.cancelled_date - s.order_created_at)
                ELSE NULL::numeric
            END < 1200::numeric THEN s.rn_order
            ELSE 0::bigint
        END AS ""LSP Led SO (Postassgn) < 20 mins (Not Picked)"",
        CASE
            WHEN s.latest_order_status::text = 'Cancelled'::text AND s.assigned = 0 AND s.dedup = 1 AND cc.attributed_to::text = 'Seller App'::text AND
            CASE
                WHEN s.cancelled_date IS NOT NULL THEN EXTRACT(epoch FROM s.cancelled_date - s.order_created_at)
                ELSE NULL::numeric
            END >= 900::numeric AND
            CASE
                WHEN s.cancelled_date IS NOT NULL THEN EXTRACT(epoch FROM s.cancelled_date - s.order_created_at)
                ELSE NULL::numeric
            END < 1200::numeric THEN s.rn_order
            ELSE 0::bigint
        END AS ""Merchant Led SO (Preassgn) 15-20 mins"",
        CASE
            WHEN s.latest_order_status::text = 'Cancelled'::text AND s.assigned = 0 AND s.dedup = 1 AND cc.attributed_to::text = 'Seller App'::text AND
            CASE
                WHEN s.cancelled_date IS NOT NULL THEN EXTRACT(epoch FROM s.cancelled_date - s.order_created_at)
                ELSE NULL::numeric
            END >= 600::numeric AND
            CASE
                WHEN s.cancelled_date IS NOT NULL THEN EXTRACT(epoch FROM s.cancelled_date - s.order_created_at)
                ELSE NULL::numeric
            END < 900::numeric THEN s.rn_order
            ELSE 0::bigint
        END AS ""Merchant Led SO (Preassgn) 10-15 mins"",
        CASE
            WHEN s.latest_order_status::text = 'Cancelled'::text AND s.assigned = 1 AND s.picked_date IS NULL AND s.dedup = 1 AND cc.attributed_to::text = 'Seller App'::text AND
            CASE
                WHEN s.cancelled_date IS NOT NULL THEN EXTRACT(epoch FROM s.cancelled_date - s.order_created_at)
                ELSE NULL::numeric
            END >= 120::numeric THEN s.rn_order
            ELSE 0::bigint
        END AS ""Merchant Led SO (Postassgn) > 2 mins (Not Picked)"",
        CASE
            WHEN s.latest_order_status::text = 'Cancelled'::text AND s.assigned = 1 AND s.picked_date IS NOT NULL AND s.dedup = 1 AND cc.attributed_to::text = 'Seller App'::text AND
            CASE
                WHEN s.cancelled_date IS NOT NULL THEN EXTRACT(epoch FROM s.cancelled_date - s.order_created_at)
                ELSE NULL::numeric
            END >= 120::numeric THEN s.rn_order
            ELSE 0::bigint
        END AS ""Merchant Led SO (Postassgn) > 2 mins (Picked)"",
        CASE
            WHEN s.latest_order_status::text = 'Cancelled'::text AND cc.attributed_to::text = 'Logistics Provider'::text AND s.dedup = 1 AND s.assigned = 1 THEN s.rn_order
            ELSE 0::bigint
        END AS ""Log Led SO Postassgn"",
        CASE
            WHEN s.latest_order_status::text = 'Cancelled'::text AND cc.by::text = 'Logistics Provider'::text AND s.dedup = 1 AND s.assigned = 1 THEN s.rn_order
            ELSE 0::bigint
        END AS ""Log By SO Postassgn"",
        CASE
            WHEN s.latest_order_status::text = 'Cancelled'::text AND s.assigned = 1 AND s.dedup = 1 AND s.picked_date IS NULL AND cc.attributed_to::text = 'Logistics Provider'::text AND
            CASE
                WHEN s.cancelled_date IS NOT NULL THEN EXTRACT(epoch FROM s.cancelled_date - s.order_created_at)
                ELSE NULL::numeric
            END > 1200::numeric THEN s.rn_order
            ELSE 0::bigint
        END AS ""LSP Led SO (Postassgn) > 20 mins (Not Picked)"",
        CASE
            WHEN s.latest_order_status::text = 'Cancelled'::text AND s.assigned = 0 AND s.dedup = 1 AND cc.attributed_to::text = 'Logistics Provider'::text AND
            CASE
                WHEN s.cancelled_date IS NOT NULL THEN EXTRACT(epoch FROM s.cancelled_date - s.order_created_at)
                ELSE NULL::numeric
            END < 120::numeric THEN s.rn_order
            ELSE 0::bigint
        END AS ""LSP Led SO (Preassgn) 0-2 mins"",
        CASE
            WHEN s.latest_order_status::text = 'Cancelled'::text AND s.assigned = 0 AND s.dedup = 1 AND cc.attributed_to::text = 'Logistics Provider'::text AND
            CASE
                WHEN s.cancelled_date IS NOT NULL THEN EXTRACT(epoch FROM s.cancelled_date - s.order_created_at)
                ELSE NULL::numeric
            END >= 120::numeric AND
            CASE
                WHEN s.cancelled_date IS NOT NULL THEN EXTRACT(epoch FROM s.cancelled_date - s.order_created_at)
                ELSE NULL::numeric
            END < 300::numeric THEN s.rn_order
            ELSE 0::bigint
        END AS ""LSP Led SO (Preassgn) 2-5 mins"",
        CASE
            WHEN s.latest_order_status::text = 'Cancelled'::text AND s.assigned = 0 AND s.dedup = 1 AND cc.attributed_to::text = 'Logistics Provider'::text AND
            CASE
                WHEN s.cancelled_date IS NOT NULL THEN EXTRACT(epoch FROM s.cancelled_date - s.order_created_at)
                ELSE NULL::numeric
            END >= 300::numeric THEN s.rn_order
            ELSE 0::bigint
        END AS ""LSP Led SO (Preassgn) >5 mins"",
        CASE
            WHEN s.latest_order_status::text = 'Cancelled'::text AND s.assigned = 1 AND s.dedup = 1 AND cc.attributed_to::text = 'Logistics Provider'::text AND
            CASE
                WHEN s.cancelled_date IS NOT NULL THEN EXTRACT(epoch FROM s.cancelled_date - s.order_created_at)
                ELSE NULL::numeric
            END < 120::numeric THEN s.rn_order
            ELSE 0::bigint
        END AS ""LSP Led SO (Postassgn) 0-2 mins"",
        CASE
            WHEN s.latest_order_status::text = 'Cancelled'::text AND s.assigned = 1 AND s.dedup = 1 AND cc.attributed_to::text = 'Seller App'::text AND
            CASE
                WHEN s.cancelled_date IS NOT NULL THEN EXTRACT(epoch FROM s.cancelled_date - s.order_created_at)
                ELSE NULL::numeric
            END < 120::numeric THEN s.rn_order
            ELSE 0::bigint
        END AS ""Merchant Led SO (Postassgn) 0-2 mins"",
        CASE
            WHEN s.latest_order_status::text = 'Cancelled'::text AND s.assigned = 0 AND s.dedup = 1 AND cc.attributed_to::text = 'Seller App'::text AND
            CASE
                WHEN s.cancelled_date IS NOT NULL THEN EXTRACT(epoch FROM s.cancelled_date - s.order_created_at)
                ELSE NULL::numeric
            END >= 1200::numeric AND
            CASE
                WHEN s.cancelled_date IS NOT NULL THEN EXTRACT(epoch FROM s.cancelled_date - s.order_created_at)
                ELSE NULL::numeric
            END < 1800::numeric THEN s.rn_order
            ELSE 0::bigint
        END AS ""Merchant Led SO (Preassgn) 20-30 mins"",
        CASE
            WHEN s.latest_order_status::text = 'Cancelled'::text AND s.assigned = 0 AND s.dedup = 1 AND cc.attributed_to::text = 'Seller App'::text AND
            CASE
                WHEN s.cancelled_date IS NOT NULL THEN EXTRACT(epoch FROM s.cancelled_date - s.order_created_at)
                ELSE NULL::numeric
            END >= 1800::numeric THEN s.rn_order
            ELSE 0::bigint
        END AS ""Merchant Led SO (Preassgn) >30 mins"",
        CASE
            WHEN s.latest_order_status::text = 'Cancelled'::text AND s.assigned = 0 AND s.dedup = 1 AND cc.attributed_to::text = 'Seller App'::text AND
            CASE
                WHEN s.cancelled_date IS NOT NULL THEN EXTRACT(epoch FROM s.cancelled_date - s.order_created_at)
                ELSE NULL::numeric
            END >= 360::numeric AND
            CASE
                WHEN s.cancelled_date IS NOT NULL THEN EXTRACT(epoch FROM s.cancelled_date - s.order_created_at)
                ELSE NULL::numeric
            END < 600::numeric THEN s.rn_order
            ELSE 0::bigint
        END AS ""Merchant Led SO (Preassgn) 6-10 mins"",
        CASE
            WHEN s.latest_order_status::text = 'Cancelled'::text AND s.assigned = 0 AND s.dedup = 1 AND cc.attributed_to::text = 'Seller App'::text AND
            CASE
                WHEN s.cancelled_date IS NOT NULL THEN EXTRACT(epoch FROM s.cancelled_date - s.order_created_at)
                ELSE NULL::numeric
            END >= 120::numeric AND
            CASE
                WHEN s.cancelled_date IS NOT NULL THEN EXTRACT(epoch FROM s.cancelled_date - s.order_created_at)
                ELSE NULL::numeric
            END < 360::numeric THEN s.rn_order
            ELSE 0::bigint
        END AS ""Merchant Led SO (Preassgn) 2-6 mins"",
        CASE
            WHEN s.latest_order_status::text = 'Cancelled'::text AND s.assigned = 0 AND s.dedup = 1 AND cc.attributed_to::text = 'Seller App'::text AND
            CASE
                WHEN s.cancelled_date IS NOT NULL THEN EXTRACT(epoch FROM s.cancelled_date - s.order_created_at)
                ELSE NULL::numeric
            END < 120::numeric THEN s.rn_order
            ELSE 0::bigint
        END AS ""Merchant Led SO (Preassgn) 0-2 mins"",
        CASE
            WHEN s.assigned = 1 AND s.dedup = 1 AND s.latest_order_status::text = 'Cancelled'::text AND cc.attributed_to::text = 'Logistics Provider'::text THEN s.rn_order
            ELSE 0::bigint
        END AS ""Logistics Led Post Assigned Cancel"",
        CASE
            WHEN s.assigned = 1 AND s.dedup = 1 AND s.latest_order_status::text = 'Cancelled'::text AND cc.attributed_to::text = 'Buyer App'::text AND cc.by::text = 'Seller App'::text THEN s.rn_order
            ELSE 0::bigint
        END AS ""Buyer Led - Seller by(PA)"",
        CASE
            WHEN s.assigned = 0 AND s.dedup = 1 AND s.latest_order_status::text = 'Cancelled'::text AND cc.attributed_to::text = 'Seller App'::text AND cc.by::text = 'Seller App'::text THEN s.rn_order
            ELSE 0::bigint
        END AS ""Merchant Led - Seller by"",
        CASE
            WHEN s.assigned = 0 AND s.dedup = 1 AND s.latest_order_status::text = 'Cancelled'::text AND cc.by::text = 'Seller App'::text THEN s.rn_order
            ELSE 0::bigint
        END AS ""Merchant By Pre Assigned SO"",
        CASE
            WHEN s.assigned = 0 AND s.dedup = 1 AND s.latest_order_status::text = 'Cancelled'::text AND cc.attributed_to::text = 'Logistics Provider'::text AND cc.by::text = 'Seller App'::text THEN s.rn_order
            ELSE 0::bigint
        END AS ""Logistics Led - Seller by"",
        CASE
            WHEN s.assigned = 0 AND s.dedup = 1 AND s.latest_order_status::text = 'Cancelled'::text AND cc.attributed_to::text = 'Seller App'::text AND cc.by::text = 'Buyer App'::text THEN s.rn_order
            ELSE 0::bigint
        END AS ""Merchant Led - Buyer by"",
        CASE
            WHEN s.assigned = 1 AND s.dedup = 1 AND s.latest_order_status::text = 'Cancelled'::text AND cc.attributed_to::text = 'Seller App'::text AND cc.by::text = 'Logistics Provider'::text THEN s.rn_order
            ELSE 0::bigint
        END AS ""Merchant Led - Logistics by (Post Assigned)"",
        CASE
            WHEN s.assigned = 1 AND s.dedup = 1 AND s.latest_order_status::text = 'Cancelled'::text AND cc.attributed_to::text = 'Seller App'::text AND cc.by::text = 'Buyer App'::text THEN s.rn_order
            ELSE 0::bigint
        END AS ""Merchant Led - Buyer by (PA)"",
        CASE
            WHEN s.assigned = 0 AND s.dedup = 1 AND s.latest_order_status::text = 'Cancelled'::text AND cc.attributed_to::text = 'Logistics Provider'::text AND cc.by::text = 'Logistics Provider'::text THEN s.rn_order
            ELSE 0::bigint
        END AS ""Logistics Led - Logistics by"",
        CASE
            WHEN s.assigned = 0 AND s.dedup = 1 AND s.latest_order_status::text = 'Cancelled'::text AND cc.attributed_to::text = 'Logistics Provider'::text AND cc.by::text = 'Buyer App'::text THEN s.rn_order
            ELSE 0::bigint
        END AS ""Logistics Led - Buyer by"",
        CASE
            WHEN s.assigned = 1 AND s.dedup = 1 AND s.latest_order_status::text = 'Cancelled'::text AND cc.attributed_to::text = 'Logistics Provider'::text AND cc.by::text = 'Seller App'::text THEN s.rn_order
            ELSE 0::bigint
        END AS ""Logistics Led - Seller by(PA)"",
        CASE
            WHEN s.assigned = 1 AND s.dedup = 1 AND s.latest_order_status::text = 'Cancelled'::text AND cc.attributed_to::text = 'Buyer App'::text AND cc.by::text = 'Logistics Provider'::text THEN s.rn_order
            ELSE 0::bigint
        END AS ""Buyer Led - Logistics by(PA)"",
        CASE
            WHEN s.assigned = 0 AND s.dedup = 1 AND s.latest_order_status::text = 'Cancelled'::text AND cc.by::text = 'Logistics Provider'::text THEN s.rn_order
            ELSE 0::bigint
        END AS ""Logistics By SO Dedup Preassigned"",
        CASE
            WHEN s.assigned = 1 AND s.dedup = 1 AND s.latest_order_status::text = 'Cancelled'::text AND cc.attributed_to::text = 'Buyer App'::text THEN s.rn_order
            ELSE 0::bigint
        END AS ""Buyer Led Post Assigned Cancel"",
        CASE
            WHEN s.assigned = 1 AND s.dedup = 1 AND s.latest_order_status::text = 'Cancelled'::text AND cc.attributed_to::text = 'Logistics Provider'::text AND cc.by::text = 'Logistics Provider'::text THEN s.rn_order
            ELSE 0::bigint
        END AS ""Logistics Led - Logistics by(PA)"",
        CASE
            WHEN s.assigned = 0 AND s.dedup = 1 AND s.latest_order_status::text = 'Cancelled'::text AND cc.attributed_to::text = 'Seller App'::text THEN s.rn_order
            ELSE 0::bigint
        END AS ""Merchant Led Pre Assigned SO"",
        CASE
            WHEN s.assigned = 1 AND s.dedup = 1 AND s.latest_order_status::text = 'Cancelled'::text AND cc.attributed_to::text = 'Buyer App'::text AND cc.by::text = 'Buyer App'::text THEN s.rn_order
            ELSE 0::bigint
        END AS ""Buyer Led - Buyer by(PA)"",
        CASE
            WHEN s.assigned = 0 AND s.dedup = 1 AND s.latest_order_status::text = 'Cancelled'::text AND cc.attributed_to::text = 'Buyer App'::text AND cc.by::text = 'Logistics Provider'::text THEN s.rn_order
            ELSE 0::bigint
        END AS ""Buyer Led - Logistics by"",
        CASE
            WHEN s.assigned = 0 AND s.dedup = 1 AND s.latest_order_status::text = 'Cancelled'::text AND cc.attributed_to::text = 'Logistics Provider'::text THEN s.rn_order
            ELSE 0::bigint
        END AS ""Logistics Led SO Dedup"",
        CASE
            WHEN s.assigned = 1 AND s.dedup = 1 AND s.latest_order_status::text = 'Cancelled'::text AND cc.attributed_to::text = 'Seller App'::text THEN s.rn_order
            ELSE 0::bigint
        END AS ""Merchant Led Post Assigned Cancel"",
        CASE
            WHEN s.latest_order_status::text = 'Cancelled'::text AND cc.attributed_to::text = 'Seller App'::text AND s.dedup = 1 AND s.assigned = 1 THEN s.rn_order
            ELSE 0::bigint
        END AS ""Merchant Led SO Postassgn"",
        CASE
            WHEN cc.attributed_to::text = 'Seller App'::text THEN s.rn_order
            ELSE 0::bigint
        END AS ""Merchant Led Preassigned SO"",
        CASE
            WHEN s.assigned = 0 AND s.dedup = 1 AND s.latest_order_status::text = 'Cancelled'::text AND cc.attributed_to::text = 'Seller App'::text AND cc.by::text = 'Logistics Provider'::text THEN s.rn_order
            ELSE 0::bigint
        END AS ""Merchant Led - Logistics by"",
        CASE
            WHEN s.assigned = 0 AND s.dedup = 1 AND s.latest_order_status::text = 'Cancelled'::text AND cc.attributed_to::text = 'Buyer App'::text AND cc.by::text = 'Buyer App'::text THEN s.rn_order
            ELSE 0::bigint
        END AS ""Buyer Led - Buyer by"",
        CASE
            WHEN s.assigned = 1 AND s.dedup = 1 AND s.latest_order_status::text = 'Cancelled'::text AND cc.attributed_to::text = 'Seller App'::text AND cc.by::text = 'Seller App'::text THEN s.rn_order
            ELSE 0::bigint
        END AS ""Merchant Led - Seller by (Post)"",
    sp.statename AS ""Pick Up State"",
    dp.statename AS ""Delivery State"",
    sp.districtname AS ""Pick Up City"",
    dp.districtname AS ""Delivery City"",
    sp.tier AS ""Pick Up Tier"",
    dp.tier AS ""Delivery Tier"",
    sp.zones AS ""Pick Up Zone"",
    dp.zones AS ""Delivery Zone"",
    lsnp.seller_np_name AS ""Seller NP""
   FROM logistics.logistics_stck_60_days s
     LEFT JOIN dimension.dim_logistics_cancellation_code cc ON s.cancellation_code::text = cc.code::text
     LEFT JOIN dimension.dim_logistics_np lnp ON s.bpp_id::text = lnp.logistics_np::text
     LEFT JOIN dimension.dim_pincode sp ON s.pick_up_pincode::text = sp.pincode::text
     LEFT JOIN dimension.dim_pincode dp ON s.delivery_pincode::text = dp.pincode::text
     LEFT JOIN dimension.dim_logistics_seller_np lsnp ON s.bap_id::text = lsnp.seller_np::text;"
bap_id,Unique identifier for the Buyer App (BAP).,"logistics.logistics_stock_bv.""bap_id""",logistics.logistics_stock_bv,
bpp_id,Unique identifier for the Seller App (BPP).,"logistics.logistics_stock_bv.""bpp_id""",logistics.logistics_stock_bv,
order_id,Unique identifier for order.,"logistics.logistics_stock_bv.""order_id""",logistics.logistics_stock_bv,
transaction_id,Unique ONDC transaction identifier.,"logistics.logistics_stock_bv.""transaction_id""",logistics.logistics_stock_bv,
date,Timestamp or date indicating when date occurred.,"logistics.logistics_stock_bv.""date""",logistics.logistics_stock_bv,
order_created_at,Timestamp when the record was created.,"logistics.logistics_stock_bv.""order_created_at""",logistics.logistics_stock_bv,
cancellation_code,Timestamp or date indicating when cancellation code occurred.,"logistics.logistics_stock_bv.""cancellation_code""",logistics.logistics_stock_bv,
latest_order_status,Turn-Around-Time (TAT) measurement.,"logistics.logistics_stock_bv.""latest_order_status""",logistics.logistics_stock_bv,
Linked,Data representing the linked.,"logistics.logistics_stock_bv.""Linked""",logistics.logistics_stock_bv,
shipment_type,Data representing the shipment type.,"logistics.logistics_stock_bv.""shipment_type""",logistics.logistics_stock_bv,
provider_name,Unique identifier for provider name.,"logistics.logistics_stock_bv.""provider_name""",logistics.logistics_stock_bv,
pick_up_pincode,Indian postal code (pincode).,"logistics.logistics_stock_bv.""pick_up_pincode""",logistics.logistics_stock_bv,
delivery_pincode,Indian postal code (pincode).,"logistics.logistics_stock_bv.""delivery_pincode""",logistics.logistics_stock_bv,
retail_category,Timestamp or date indicating when retail category occurred.,"logistics.logistics_stock_bv.""retail_category""",logistics.logistics_stock_bv,
assigned,Data representing the assigned.,"logistics.logistics_stock_bv.""assigned""",logistics.logistics_stock_bv,
cancelled_date,Timestamp or date indicating when cancelled date occurred.,"logistics.logistics_stock_bv.""cancelled_date""",logistics.logistics_stock_bv,
picked_date,Timestamp or date indicating when picked date occurred.,"logistics.logistics_stock_bv.""picked_date""",logistics.logistics_stock_bv,
dedup,Data representing the dedup.,"logistics.logistics_stock_bv.""dedup""",logistics.logistics_stock_bv,
rn_order,Data representing the rn order.,"logistics.logistics_stock_bv.""rn_order""",logistics.logistics_stock_bv,
Cancellation Attributed to,Timestamp or date indicating when cancellation attributed to occurred.,"logistics.logistics_stock_bv.""Cancellation Attributed to""",logistics.logistics_stock_bv,
Cancellation By,Timestamp or date indicating when cancellation by occurred.,"logistics.logistics_stock_bv.""Cancellation By""",logistics.logistics_stock_bv,
Cancel sec,Data representing the cancel sec.,"logistics.logistics_stock_bv.""Cancel sec""",logistics.logistics_stock_bv,
Logistics NP Name,Name of the logistics np.,"logistics.logistics_stock_bv.""Logistics NP Name""",logistics.logistics_stock_bv,
LNP Mask,Data representing the lnp mask.,"logistics.logistics_stock_bv.""LNP Mask""",logistics.logistics_stock_bv,
TSP Powered,Data representing the tsp powered.,"logistics.logistics_stock_bv.""TSP Powered""",logistics.logistics_stock_bv,
Overall,Data representing the overall.,"logistics.logistics_stock_bv.""Overall""",logistics.logistics_stock_bv,
Overall Orders,Data representing the overall orders.,"logistics.logistics_stock_bv.""Overall Orders""",logistics.logistics_stock_bv,
Overall Orders Dedup,Data representing the overall orders dedup.,"logistics.logistics_stock_bv.""Overall Orders Dedup""",logistics.logistics_stock_bv,
Overall Deduped,Data representing the overall deduped.,"logistics.logistics_stock_bv.""Overall Deduped""",logistics.logistics_stock_bv,
Cancelled Overall,Data representing the cancelled overall.,"logistics.logistics_stock_bv.""Cancelled Overall""",logistics.logistics_stock_bv,
Driver Assigned,Data representing the driver assigned.,"logistics.logistics_stock_bv.""Driver Assigned""",logistics.logistics_stock_bv,
Delivered Ded,Data representing the delivered ded.,"logistics.logistics_stock_bv.""Delivered Ded""",logistics.logistics_stock_bv,
Post assgn Post Pickup SO Dedup Cancelled,Data representing the post assgn post pickup so dedup cancelled.,"logistics.logistics_stock_bv.""Post assgn Post Pickup SO Dedup Cancelled""",logistics.logistics_stock_bv,
Preassigned SO Dedup,Data representing the preassigned so dedup.,"logistics.logistics_stock_bv.""Preassigned SO Dedup""",logistics.logistics_stock_bv,
Pre Assigned SO,Data representing the pre assigned so.,"logistics.logistics_stock_bv.""Pre Assigned SO""",logistics.logistics_stock_bv,
Post Assigned SO Dedup,Data representing the post assigned so dedup.,"logistics.logistics_stock_bv.""Post Assigned SO Dedup""",logistics.logistics_stock_bv,
Confirmed,Data representing the confirmed.,"logistics.logistics_stock_bv.""Confirmed""",logistics.logistics_stock_bv,
Buyer Led SO Dedup PA,Data representing the buyer led so dedup pa.,"logistics.logistics_stock_bv.""Buyer Led SO Dedup PA""",logistics.logistics_stock_bv,
Merchant Led SO Dedup,Data representing the merchant led so dedup.,"logistics.logistics_stock_bv.""Merchant Led SO Dedup""",logistics.logistics_stock_bv,
Buyer Led SO Preassgn,Data representing the buyer led so preassgn.,"logistics.logistics_stock_bv.""Buyer Led SO Preassgn""",logistics.logistics_stock_bv,
Buyer Led - Seller by,Data representing the buyer led - seller by.,"logistics.logistics_stock_bv.""Buyer Led - Seller by""",logistics.logistics_stock_bv,
Log By Pre Assigned SO,Data representing the log by pre assigned so.,"logistics.logistics_stock_bv.""Log By Pre Assigned SO""",logistics.logistics_stock_bv,
Logistics Led - Buyer by(PA),Data representing the logistics led - buyer by(pa).,"logistics.logistics_stock_bv.""Logistics Led - Buyer by(PA)""",logistics.logistics_stock_bv,
LSP Led SO (Postassgn) < 20 mins (Not Picked),Logistics Service Provider reference.,"logistics.logistics_stock_bv.""LSP Led SO (Postassgn) < 20 mins (Not Picked)""",logistics.logistics_stock_bv,
Merchant Led SO (Preassgn) 15-20 mins,Data representing the merchant led so (preassgn) 15-20 mins.,"logistics.logistics_stock_bv.""Merchant Led SO (Preassgn) 15-20 mins""",logistics.logistics_stock_bv,
Merchant Led SO (Preassgn) 10-15 mins,Data representing the merchant led so (preassgn) 10-15 mins.,"logistics.logistics_stock_bv.""Merchant Led SO (Preassgn) 10-15 mins""",logistics.logistics_stock_bv,
Merchant Led SO (Postassgn) > 2 mins (Not Picked),Data representing the merchant led so (postassgn) > 2 mins (not picked).,"logistics.logistics_stock_bv.""Merchant Led SO (Postassgn) > 2 mins (Not Picked)""",logistics.logistics_stock_bv,
Merchant Led SO (Postassgn) > 2 mins (Picked),Data representing the merchant led so (postassgn) > 2 mins (picked).,"logistics.logistics_stock_bv.""Merchant Led SO (Postassgn) > 2 mins (Picked)""",logistics.logistics_stock_bv,
Log Led SO Postassgn,Data representing the log led so postassgn.,"logistics.logistics_stock_bv.""Log Led SO Postassgn""",logistics.logistics_stock_bv,
Log By SO Postassgn,Data representing the log by so postassgn.,"logistics.logistics_stock_bv.""Log By SO Postassgn""",logistics.logistics_stock_bv,
LSP Led SO (Postassgn) > 20 mins (Not Picked),Logistics Service Provider reference.,"logistics.logistics_stock_bv.""LSP Led SO (Postassgn) > 20 mins (Not Picked)""",logistics.logistics_stock_bv,
LSP Led SO (Preassgn) 0-2 mins,Logistics Service Provider reference.,"logistics.logistics_stock_bv.""LSP Led SO (Preassgn) 0-2 mins""",logistics.logistics_stock_bv,
LSP Led SO (Preassgn) 2-5 mins,Logistics Service Provider reference.,"logistics.logistics_stock_bv.""LSP Led SO (Preassgn) 2-5 mins""",logistics.logistics_stock_bv,
LSP Led SO (Preassgn) >5 mins,Logistics Service Provider reference.,"logistics.logistics_stock_bv.""LSP Led SO (Preassgn) >5 mins""",logistics.logistics_stock_bv,
LSP Led SO (Postassgn) 0-2 mins,Logistics Service Provider reference.,"logistics.logistics_stock_bv.""LSP Led SO (Postassgn) 0-2 mins""",logistics.logistics_stock_bv,
Merchant Led SO (Postassgn) 0-2 mins,Data representing the merchant led so (postassgn) 0-2 mins.,"logistics.logistics_stock_bv.""Merchant Led SO (Postassgn) 0-2 mins""",logistics.logistics_stock_bv,
Merchant Led SO (Preassgn) 20-30 mins,Data representing the merchant led so (preassgn) 20-30 mins.,"logistics.logistics_stock_bv.""Merchant Led SO (Preassgn) 20-30 mins""",logistics.logistics_stock_bv,
Merchant Led SO (Preassgn) >30 mins,Data representing the merchant led so (preassgn) >30 mins.,"logistics.logistics_stock_bv.""Merchant Led SO (Preassgn) >30 mins""",logistics.logistics_stock_bv,
Merchant Led SO (Preassgn) 6-10 mins,Data representing the merchant led so (preassgn) 6-10 mins.,"logistics.logistics_stock_bv.""Merchant Led SO (Preassgn) 6-10 mins""",logistics.logistics_stock_bv,
Merchant Led SO (Preassgn) 2-6 mins,Data representing the merchant led so (preassgn) 2-6 mins.,"logistics.logistics_stock_bv.""Merchant Led SO (Preassgn) 2-6 mins""",logistics.logistics_stock_bv,
Merchant Led SO (Preassgn) 0-2 mins,Data representing the merchant led so (preassgn) 0-2 mins.,"logistics.logistics_stock_bv.""Merchant Led SO (Preassgn) 0-2 mins""",logistics.logistics_stock_bv,
Logistics Led Post Assigned Cancel,Data representing the logistics led post assigned cancel.,"logistics.logistics_stock_bv.""Logistics Led Post Assigned Cancel""",logistics.logistics_stock_bv,
Buyer Led - Seller by(PA),Data representing the buyer led - seller by(pa).,"logistics.logistics_stock_bv.""Buyer Led - Seller by(PA)""",logistics.logistics_stock_bv,
Merchant Led - Seller by,Data representing the merchant led - seller by.,"logistics.logistics_stock_bv.""Merchant Led - Seller by""",logistics.logistics_stock_bv,
Merchant By Pre Assigned SO,Data representing the merchant by pre assigned so.,"logistics.logistics_stock_bv.""Merchant By Pre Assigned SO""",logistics.logistics_stock_bv,
Logistics Led - Seller by,Data representing the logistics led - seller by.,"logistics.logistics_stock_bv.""Logistics Led - Seller by""",logistics.logistics_stock_bv,
Merchant Led - Buyer by,Data representing the merchant led - buyer by.,"logistics.logistics_stock_bv.""Merchant Led - Buyer by""",logistics.logistics_stock_bv,
Merchant Led - Logistics by (Post Assigned),Data representing the merchant led - logistics by (post assigned).,"logistics.logistics_stock_bv.""Merchant Led - Logistics by (Post Assigned)""",logistics.logistics_stock_bv,
Merchant Led - Buyer by (PA),Data representing the merchant led - buyer by (pa).,"logistics.logistics_stock_bv.""Merchant Led - Buyer by (PA)""",logistics.logistics_stock_bv,
Logistics Led - Logistics by,Data representing the logistics led - logistics by.,"logistics.logistics_stock_bv.""Logistics Led - Logistics by""",logistics.logistics_stock_bv,
Logistics Led - Buyer by,Data representing the logistics led - buyer by.,"logistics.logistics_stock_bv.""Logistics Led - Buyer by""",logistics.logistics_stock_bv,
Logistics Led - Seller by(PA),Data representing the logistics led - seller by(pa).,"logistics.logistics_stock_bv.""Logistics Led - Seller by(PA)""",logistics.logistics_stock_bv,
Buyer Led - Logistics by(PA),Data representing the buyer led - logistics by(pa).,"logistics.logistics_stock_bv.""Buyer Led - Logistics by(PA)""",logistics.logistics_stock_bv,
Logistics By SO Dedup Preassigned,Data representing the logistics by so dedup preassigned.,"logistics.logistics_stock_bv.""Logistics By SO Dedup Preassigned""",logistics.logistics_stock_bv,
Buyer Led Post Assigned Cancel,Data representing the buyer led post assigned cancel.,"logistics.logistics_stock_bv.""Buyer Led Post Assigned Cancel""",logistics.logistics_stock_bv,
Logistics Led - Logistics by(PA),Data representing the logistics led - logistics by(pa).,"logistics.logistics_stock_bv.""Logistics Led - Logistics by(PA)""",logistics.logistics_stock_bv,
Merchant Led Pre Assigned SO,Data representing the merchant led pre assigned so.,"logistics.logistics_stock_bv.""Merchant Led Pre Assigned SO""",logistics.logistics_stock_bv,
Buyer Led - Buyer by(PA),Data representing the buyer led - buyer by(pa).,"logistics.logistics_stock_bv.""Buyer Led - Buyer by(PA)""",logistics.logistics_stock_bv,
Buyer Led - Logistics by,Data representing the buyer led - logistics by.,"logistics.logistics_stock_bv.""Buyer Led - Logistics by""",logistics.logistics_stock_bv,
Logistics Led SO Dedup,Data representing the logistics led so dedup.,"logistics.logistics_stock_bv.""Logistics Led SO Dedup""",logistics.logistics_stock_bv,
Merchant Led Post Assigned Cancel,Data representing the merchant led post assigned cancel.,"logistics.logistics_stock_bv.""Merchant Led Post Assigned Cancel""",logistics.logistics_stock_bv,
Merchant Led SO Postassgn,Data representing the merchant led so postassgn.,"logistics.logistics_stock_bv.""Merchant Led SO Postassgn""",logistics.logistics_stock_bv,
Merchant Led Preassigned SO,Data representing the merchant led preassigned so.,"logistics.logistics_stock_bv.""Merchant Led Preassigned SO""",logistics.logistics_stock_bv,
Merchant Led - Logistics by,Data representing the merchant led - logistics by.,"logistics.logistics_stock_bv.""Merchant Led - Logistics by""",logistics.logistics_stock_bv,
Buyer Led - Buyer by,Data representing the buyer led - buyer by.,"logistics.logistics_stock_bv.""Buyer Led - Buyer by""",logistics.logistics_stock_bv,
Merchant Led - Seller by (Post),Data representing the merchant led - seller by (post).,"logistics.logistics_stock_bv.""Merchant Led - Seller by (Post)""",logistics.logistics_stock_bv,
Pick Up State,Turn-Around-Time (TAT) measurement.,"logistics.logistics_stock_bv.""Pick Up State""",logistics.logistics_stock_bv,
Delivery State,Turn-Around-Time (TAT) measurement.,"logistics.logistics_stock_bv.""Delivery State""",logistics.logistics_stock_bv,
Pick Up City,City name for the given context.,"logistics.logistics_stock_bv.""Pick Up City""",logistics.logistics_stock_bv,
Delivery City,City name for the given context.,"logistics.logistics_stock_bv.""Delivery City""",logistics.logistics_stock_bv,
Pick Up Tier,Data representing the pick up tier.,"logistics.logistics_stock_bv.""Pick Up Tier""",logistics.logistics_stock_bv,
Delivery Tier,Data representing the delivery tier.,"logistics.logistics_stock_bv.""Delivery Tier""",logistics.logistics_stock_bv,
Pick Up Zone,Data representing the pick up zone.,"logistics.logistics_stock_bv.""Pick Up Zone""",logistics.logistics_stock_bv,
Delivery Zone,Data representing the delivery zone.,"logistics.logistics_stock_bv.""Delivery Zone""",logistics.logistics_stock_bv,
Seller NP,Data representing the seller np.,"logistics.logistics_stock_bv.""Seller NP""",logistics.logistics_stock_bv,
"▼ lsp_funnel_view   (view, 67 cols)",,,logistics.lsp_funnel_view,"WITH base AS (
         SELECT master_log.bap_id,
            master_log.bpp_id,
            master_log.order_id,
            master_log.transaction_id,
            master_log.date,
            master_log.order_created_at,
            master_log.cancellation_code,
            master_log.latest_order_status,
            master_log.retail_order_id,
            master_log.pick_up_pincode,
            master_log.delivery_pincode,
            master_log.retail_category,
            master_log.shipment_type,
            master_log.fulfillment_type,
            master_log.f_agent_assigned_at_date,
            master_log.delivered_date,
            master_log.cancelled_date,
            master_log.picked_date
           FROM logistics.master_log
          WHERE master_log.date >= (CURRENT_DATE - '45 days'::interval) AND master_log.drop_row = 0
        ), txid AS (
         SELECT base.bap_id,
            base.transaction_id,
            max(base.retail_order_id::text) AS roi
           FROM base
          WHERE base.retail_order_id IS NOT NULL
          GROUP BY base.bap_id, base.transaction_id
        ), txid_base AS (
         SELECT b.bap_id,
            b.bpp_id,
            b.order_id,
            b.transaction_id,
            b.date,
            b.order_created_at,
            b.cancellation_code,
            b.latest_order_status,
            b.retail_order_id,
            b.pick_up_pincode,
            b.delivery_pincode,
            b.retail_category,
            b.shipment_type,
            b.fulfillment_type,
            b.f_agent_assigned_at_date,
            b.delivered_date,
            b.cancelled_date,
            b.picked_date,
            tx.roi
           FROM base b
             LEFT JOIN txid tx ON tx.transaction_id::text = b.transaction_id::text AND tx.bap_id::text = b.bap_id::text AND tx.roi IS NOT NULL
        ), base_master AS (
         SELECT ml.bpp_id,
            ml.bap_id,
            ml.date,
            ml.transaction_id,
            COALESCE(ml.roi, ml.retail_order_id::text, ml.transaction_id::text) AS retail_order_id,
            ml.pick_up_pincode,
            ml.delivery_pincode,
            ml.retail_category,
            ml.shipment_type,
            ml.cancellation_code,
            ml.fulfillment_type,
            ml.f_agent_assigned_at_date,
            ml.order_created_at,
            ml.picked_date,
                CASE
                    WHEN ml.delivered_date IS NULL AND ml.cancelled_date IS NOT NULL THEN ml.cancelled_date
                    ELSE NULL::timestamp without time zone
                END AS cancelled_date,
                CASE
                    WHEN ml.delivered_date IS NULL AND ml.cancelled_date IS NOT NULL THEN 'Cancelled'::character varying
                    WHEN ml.delivered_date IS NOT NULL AND ml.cancelled_date IS NULL THEN 'Completed'::character varying
                    ELSE ml.latest_order_status
                END AS order_status,
            row_number() OVER (PARTITION BY ml.order_id, ml.transaction_id, ml.bap_id, ml.bpp_id, ml.order_created_at ORDER BY ml.order_created_at DESC) AS rn,
                CASE
                    WHEN ml.shipment_type::text = 'P2P'::text AND ml.f_agent_assigned_at_date IS NULL AND (ml.delivered_date IS NULL AND ml.cancelled_date IS NOT NULL OR ml.latest_order_status::text = 'Cancelled'::text) THEN row_number() OVER (PARTITION BY ml.order_id, ml.transaction_id, ml.bap_id, ml.bpp_id, ml.order_created_at ORDER BY ml.order_created_at DESC)
                    ELSE 0::bigint
                END AS preassigned_p2p_cancel_rn
           FROM txid_base ml
        ), aggregated AS (
         SELECT base_master.bap_id,
            base_master.bpp_id,
            base_master.date,
            base_master.transaction_id,
            base_master.retail_order_id,
            max(base_master.pick_up_pincode::text) AS pick_up_pincode,
            max(base_master.delivery_pincode::text) AS delivery_pincode,
            max(base_master.retail_category::text) AS retail_category,
            max(base_master.shipment_type::text) AS shipment_type,
            max(base_master.fulfillment_type::text) AS fulfillment_type,
            max(base_master.cancellation_code::text) AS cancellation_code,
            min(base_master.order_created_at) AS order_created_at,
            max(base_master.cancelled_date) AS cancelled_date,
            max(base_master.f_agent_assigned_at_date) AS max_assigned,
            bool_or(base_master.order_status::text = 'Completed'::text) AS has_completed,
            bool_or(base_master.order_status::text = 'Cancelled'::text) AS has_cancelled,
            bool_or(base_master.picked_date IS NOT NULL) AS has_picked,
            sum(base_master.preassigned_p2p_cancel_rn) AS preassigned_p2p_cancel_rn,
            sum(base_master.rn) AS total_confirm
           FROM base_master
          GROUP BY base_master.bap_id, base_master.bpp_id, base_master.date, base_master.transaction_id, base_master.retail_order_id
        ), txn_dimensions AS (
         SELECT aggregated.bap_id,
            aggregated.bpp_id,
            aggregated.date,
            aggregated.transaction_id,
            aggregated.retail_order_id,
            aggregated.pick_up_pincode,
            aggregated.delivery_pincode,
            aggregated.retail_category,
            aggregated.shipment_type,
            aggregated.fulfillment_type,
            aggregated.cancellation_code,
            aggregated.order_created_at,
            aggregated.cancelled_date,
            aggregated.max_assigned,
            aggregated.has_completed,
            aggregated.has_cancelled,
            aggregated.has_picked,
            aggregated.total_confirm,
            aggregated.preassigned_p2p_cancel_rn,
                CASE
                    WHEN (EXISTS ( SELECT 1
                       FROM analytics_insight.order_level_60days_mv lo
                      WHERE lo.""Network order id""::text = aggregated.retail_order_id)) THEN 'Linked'::text
                    ELSE 'Independent'::text
                END AS linked
           FROM aggregated
        ), final AS (
         SELECT txn_dimensions.bap_id,
            txn_dimensions.bpp_id,
            txn_dimensions.date,
            txn_dimensions.transaction_id,
            txn_dimensions.retail_order_id,
            txn_dimensions.linked,
            txn_dimensions.pick_up_pincode,
            txn_dimensions.delivery_pincode,
            txn_dimensions.retail_category,
            txn_dimensions.shipment_type,
            txn_dimensions.fulfillment_type,
            txn_dimensions.cancellation_code,
            txn_dimensions.total_confirm AS on_confirms,
            txn_dimensions.total_confirm - txn_dimensions.preassigned_p2p_cancel_rn AS confirmed_orders,
                CASE
                    WHEN txn_dimensions.has_completed THEN 'Completed'::text
                    WHEN txn_dimensions.has_cancelled AND txn_dimensions.max_assigned IS NULL THEN 'Preassigned Cancel'::text
                    WHEN txn_dimensions.has_cancelled AND txn_dimensions.max_assigned IS NOT NULL THEN 'Postassigned Cancel'::text
                    WHEN NOT txn_dimensions.has_cancelled AND txn_dimensions.max_assigned IS NULL THEN 'Preassigned Open'::text
                    WHEN NOT txn_dimensions.has_cancelled AND txn_dimensions.max_assigned IS NOT NULL THEN 'Postassigned Open'::text
                    ELSE NULL::text
                END AS transaction_status,
                CASE
                    WHEN txn_dimensions.cancellation_code = ANY (ARRAY['010'::text, '011'::text, '012'::text, '013'::text, '014'::text, '015'::text, '051'::text, '101'::text]) THEN 'Buyer Cancel'::text
                    WHEN txn_dimensions.cancellation_code = ANY (ARRAY['001'::text, '002'::text, '003'::text, '004'::text, '005'::text, '008'::text, '009'::text, '018'::text, '019'::text, '021'::text, '022'::text, '050'::text, '100'::text, '102'::text, '103'::text, '104'::text, '105'::text, '125'::text, '126'::text, '127'::text, '128'::text, '132'::text, '133'::text, '150'::text, '151'::text, '152'::text, '155'::text, '200'::text, '202'::text, '203'::text, '225'::text, '226'::text, '227'::text, '231'::text, '250'::text, '251'::text, '994'::text, '996'::text]) THEN 'Seller Cancel'::text
                    WHEN txn_dimensions.cancellation_code = ANY (ARRAY['006'::text, '007'::text, '016'::text, '017'::text, '020'::text, '052'::text, '129'::text, '130'::text, '131'::text, '153'::text, '154'::text, '156'::text, '175'::text, '201'::text, '228'::text, '229'::text, '230'::text, '252'::text, '275'::text, '995'::text, '997'::text]) THEN 'Logistics Cancel'::text
                    ELSE 'Unknown'::text
                END AS cancel_attribution,
                CASE
                    WHEN txn_dimensions.has_completed OR txn_dimensions.max_assigned IS NOT NULL THEN 'Assigned'::text
                    ELSE 'Not assigned'::text
                END AS is_assigned,
                CASE
                    WHEN txn_dimensions.has_picked THEN 'Postpickup'::text
                    ELSE 'Prepickup'::text
                END AS pickup_status,
                CASE
                    WHEN txn_dimensions.has_cancelled THEN
                    CASE
                        WHEN (EXTRACT(epoch FROM txn_dimensions.cancelled_date - txn_dimensions.order_created_at) / 60::numeric) <= 2::numeric THEN '0-2 mins'::text
                        WHEN (EXTRACT(epoch FROM txn_dimensions.cancelled_date - txn_dimensions.order_created_at) / 60::numeric) <= 5::numeric THEN '3-5 mins'::text
                        WHEN (EXTRACT(epoch FROM txn_dimensions.cancelled_date - txn_dimensions.order_created_at) / 60::numeric) <= 10::numeric THEN '5-10 mins'::text
                        WHEN (EXTRACT(epoch FROM txn_dimensions.cancelled_date - txn_dimensions.order_created_at) / 60::numeric) <= 15::numeric THEN '10-15 mins'::text
                        WHEN (EXTRACT(epoch FROM txn_dimensions.cancelled_date - txn_dimensions.order_created_at) / 60::numeric) <= 20::numeric THEN '15-20 mins'::text
                        ELSE '> 20 mins'::text
                    END
                    ELSE NULL::text
                END AS cancel_time_bucket
           FROM txn_dimensions
        )
 SELECT bap_id,
    bpp_id,
    date,
    linked,
    pick_up_pincode,
    delivery_pincode,
    retail_category,
    shipment_type,
    fulfillment_type,
    count(DISTINCT transaction_id) AS request,
    count(DISTINCT retail_order_id) AS unique_retail_order,
    sum(on_confirms) AS on_confirms,
    sum(confirmed_orders) AS confirmed_orders,
    count(DISTINCT
        CASE
            WHEN is_assigned = 'Assigned'::text THEN transaction_id
            ELSE NULL::character varying
        END) AS assigned,
    count(DISTINCT
        CASE
            WHEN transaction_status = 'Completed'::text THEN transaction_id
            ELSE NULL::character varying
        END) AS delivered,
    count(DISTINCT
        CASE
            WHEN transaction_status = 'Preassigned Cancel'::text THEN transaction_id
            ELSE NULL::character varying
        END) AS preassigned_cancel,
    count(DISTINCT
        CASE
            WHEN transaction_status = 'Preassigned Cancel'::text AND cancel_attribution = 'Buyer Cancel'::text THEN transaction_id
            ELSE NULL::character varying
        END) AS precancel_buyer,
    count(DISTINCT
        CASE
            WHEN transaction_status = 'Preassigned Cancel'::text AND cancel_attribution = 'Buyer Cancel'::text AND cancel_time_bucket = '0-2 mins'::text THEN transaction_id
            ELSE NULL::character varying
        END) AS precancel_buyer_0_2,
    count(DISTINCT
        CASE
            WHEN transaction_status = 'Preassigned Cancel'::text AND cancel_attribution = 'Buyer Cancel'::text AND cancel_time_bucket = '3-5 mins'::text THEN transaction_id
            ELSE NULL::character varying
        END) AS precancel_buyer_3_5,
    count(DISTINCT
        CASE
            WHEN transaction_status = 'Preassigned Cancel'::text AND cancel_attribution = 'Buyer Cancel'::text AND cancel_time_bucket = '5-10 mins'::text THEN transaction_id
            ELSE NULL::character varying
        END) AS precancel_buyer_5_10,
    count(DISTINCT
        CASE
            WHEN transaction_status = 'Preassigned Cancel'::text AND cancel_attribution = 'Buyer Cancel'::text AND cancel_time_bucket = '10-15 mins'::text THEN transaction_id
            ELSE NULL::character varying
        END) AS precancel_buyer_10_15,
    count(DISTINCT
        CASE
            WHEN transaction_status = 'Preassigned Cancel'::text AND cancel_attribution = 'Buyer Cancel'::text AND cancel_time_bucket = '15-20 mins'::text THEN transaction_id
            ELSE NULL::character varying
        END) AS precancel_buyer_15_20,
    count(DISTINCT
        CASE
            WHEN transaction_status = 'Preassigned Cancel'::text AND cancel_attribution = 'Buyer Cancel'::text AND cancel_time_bucket = '> 20 mins'::text THEN transaction_id
            ELSE NULL::character varying
        END) AS precancel_buyer_gt_20,
    count(DISTINCT
        CASE
            WHEN transaction_status = 'Preassigned Cancel'::text AND cancel_attribution = 'Seller Cancel'::text THEN transaction_id
            ELSE NULL::character varying
        END) AS precancel_seller,
    count(DISTINCT
        CASE
            WHEN transaction_status = 'Preassigned Cancel'::text AND cancel_attribution = 'Seller Cancel'::text AND cancel_time_bucket = '0-2 mins'::text THEN transaction_id
            ELSE NULL::character varying
        END) AS precancel_seller_0_2,
    count(DISTINCT
        CASE
            WHEN transaction_status = 'Preassigned Cancel'::text AND cancel_attribution = 'Seller Cancel'::text AND cancel_time_bucket = '3-5 mins'::text THEN transaction_id
            ELSE NULL::character varying
        END) AS precancel_seller_3_5,
    count(DISTINCT
        CASE
            WHEN transaction_status = 'Preassigned Cancel'::text AND cancel_attribution = 'Seller Cancel'::text AND cancel_time_bucket = '5-10 mins'::text THEN transaction_id
            ELSE NULL::character varying
        END) AS precancel_seller_5_10,
    count(DISTINCT
        CASE
            WHEN transaction_status = 'Preassigned Cancel'::text AND cancel_attribution = 'Seller Cancel'::text AND cancel_time_bucket = '10-15 mins'::text THEN transaction_id
            ELSE NULL::character varying
        END) AS precancel_seller_10_15,
    count(DISTINCT
        CASE
            WHEN transaction_status = 'Preassigned Cancel'::text AND cancel_attribution = 'Seller Cancel'::text AND cancel_time_bucket = '15-20 mins'::text THEN transaction_id
            ELSE NULL::character varying
        END) AS precancel_seller_15_20,
    count(DISTINCT
        CASE
            WHEN transaction_status = 'Preassigned Cancel'::text AND cancel_attribution = 'Seller Cancel'::text AND cancel_time_bucket = '> 20 mins'::text THEN transaction_id
            ELSE NULL::character varying
        END) AS precancel_seller_gt_20,
    count(DISTINCT
        CASE
            WHEN transaction_status = 'Preassigned Cancel'::text AND cancel_attribution = 'Logistics Cancel'::text THEN transaction_id
            ELSE NULL::character varying
        END) AS precancel_logistics,
    count(DISTINCT
        CASE
            WHEN transaction_status = 'Preassigned Cancel'::text AND cancel_attribution = 'Logistics Cancel'::text AND cancel_time_bucket = '0-2 mins'::text THEN transaction_id
            ELSE NULL::character varying
        END) AS precancel_logistics_0_2,
    count(DISTINCT
        CASE
            WHEN transaction_status = 'Preassigned Cancel'::text AND cancel_attribution = 'Logistics Cancel'::text AND cancel_time_bucket = '3-5 mins'::text THEN transaction_id
            ELSE NULL::character varying
        END) AS precancel_logistics_3_5,
    count(DISTINCT
        CASE
            WHEN transaction_status = 'Preassigned Cancel'::text AND cancel_attribution = 'Logistics Cancel'::text AND cancel_time_bucket = '5-10 mins'::text THEN transaction_id
            ELSE NULL::character varying
        END) AS precancel_logistics_5_10,
    count(DISTINCT
        CASE
            WHEN transaction_status = 'Preassigned Cancel'::text AND cancel_attribution = 'Logistics Cancel'::text AND cancel_time_bucket = '10-15 mins'::text THEN transaction_id
            ELSE NULL::character varying
        END) AS precancel_logistics_10_15,
    count(DISTINCT
        CASE
            WHEN transaction_status = 'Preassigned Cancel'::text AND cancel_attribution = 'Logistics Cancel'::text AND cancel_time_bucket = '15-20 mins'::text THEN transaction_id
            ELSE NULL::character varying
        END) AS precancel_logistics_15_20,
    count(DISTINCT
        CASE
            WHEN transaction_status = 'Preassigned Cancel'::text AND cancel_attribution = 'Logistics Cancel'::text AND cancel_time_bucket = '> 20 mins'::text THEN transaction_id
            ELSE NULL::character varying
        END) AS precancel_logistics_gt_20,
    count(DISTINCT
        CASE
            WHEN transaction_status = 'Postassigned Cancel'::text THEN transaction_id
            ELSE NULL::character varying
        END) AS postassigned_cancel,
    count(DISTINCT
        CASE
            WHEN transaction_status = 'Postassigned Cancel'::text AND cancel_attribution = 'Buyer Cancel'::text THEN transaction_id
            ELSE NULL::character varying
        END) AS postcancel_buyer,
    count(DISTINCT
        CASE
            WHEN transaction_status = 'Postassigned Cancel'::text AND cancel_attribution = 'Buyer Cancel'::text AND pickup_status = 'Prepickup'::text THEN transaction_id
            ELSE NULL::character varying
        END) AS postcancel_buyer_prepickup,
    count(DISTINCT
        CASE
            WHEN transaction_status = 'Postassigned Cancel'::text AND cancel_attribution = 'Buyer Cancel'::text AND pickup_status = 'Prepickup'::text AND cancel_time_bucket = '0-2 mins'::text THEN transaction_id
            ELSE NULL::character varying
        END) AS postcancel_buyer_prepickup_0_2,
    count(DISTINCT
        CASE
            WHEN transaction_status = 'Postassigned Cancel'::text AND cancel_attribution = 'Buyer Cancel'::text AND pickup_status = 'Prepickup'::text AND cancel_time_bucket = '3-5 mins'::text THEN transaction_id
            ELSE NULL::character varying
        END) AS postcancel_buyer_prepickup_3_5,
    count(DISTINCT
        CASE
            WHEN transaction_status = 'Postassigned Cancel'::text AND cancel_attribution = 'Buyer Cancel'::text AND pickup_status = 'Prepickup'::text AND cancel_time_bucket = '5-10 mins'::text THEN transaction_id
            ELSE NULL::character varying
        END) AS postcancel_buyer_prepickup_5_10,
    count(DISTINCT
        CASE
            WHEN transaction_status = 'Postassigned Cancel'::text AND cancel_attribution = 'Buyer Cancel'::text AND pickup_status = 'Prepickup'::text AND cancel_time_bucket = '10-15 mins'::text THEN transaction_id
            ELSE NULL::character varying
        END) AS postcancel_buyer_prepickup_10_15,
    count(DISTINCT
        CASE
            WHEN transaction_status = 'Postassigned Cancel'::text AND cancel_attribution = 'Buyer Cancel'::text AND pickup_status = 'Prepickup'::text AND cancel_time_bucket = '15-20 mins'::text THEN transaction_id
            ELSE NULL::character varying
        END) AS postcancel_buyer_prepickup_15_20,
    count(DISTINCT
        CASE
            WHEN transaction_status = 'Postassigned Cancel'::text AND cancel_attribution = 'Buyer Cancel'::text AND pickup_status = 'Prepickup'::text AND cancel_time_bucket = '> 20 mins'::text THEN transaction_id
            ELSE NULL::character varying
        END) AS postcancel_buyer_prepickup_gt_20,
    count(DISTINCT
        CASE
            WHEN transaction_status = 'Postassigned Cancel'::text AND cancel_attribution = 'Buyer Cancel'::text AND pickup_status = 'Postpickup'::text THEN transaction_id
            ELSE NULL::character varying
        END) AS postcancel_buyer_postpickup,
    count(DISTINCT
        CASE
            WHEN transaction_status = 'Postassigned Cancel'::text AND cancel_attribution = 'Seller Cancel'::text THEN transaction_id
            ELSE NULL::character varying
        END) AS postcancel_seller,
    count(DISTINCT
        CASE
            WHEN transaction_status = 'Postassigned Cancel'::text AND cancel_attribution = 'Seller Cancel'::text AND pickup_status = 'Prepickup'::text THEN transaction_id
            ELSE NULL::character varying
        END) AS postcancel_seller_prepickup,
    count(DISTINCT
        CASE
            WHEN transaction_status = 'Postassigned Cancel'::text AND cancel_attribution = 'Seller Cancel'::text AND pickup_status = 'Prepickup'::text AND cancel_time_bucket = '0-2 mins'::text THEN transaction_id
            ELSE NULL::character varying
        END) AS postcancel_seller_prepickup_0_2,
    count(DISTINCT
        CASE
            WHEN transaction_status = 'Postassigned Cancel'::text AND cancel_attribution = 'Seller Cancel'::text AND pickup_status = 'Prepickup'::text AND cancel_time_bucket = '3-5 mins'::text THEN transaction_id
            ELSE NULL::character varying
        END) AS postcancel_seller_prepickup_3_5,
    count(DISTINCT
        CASE
            WHEN transaction_status = 'Postassigned Cancel'::text AND cancel_attribution = 'Seller Cancel'::text AND pickup_status = 'Prepickup'::text AND cancel_time_bucket = '5-10 mins'::text THEN transaction_id
            ELSE NULL::character varying
        END) AS postcancel_seller_prepickup_5_10,
    count(DISTINCT
        CASE
            WHEN transaction_status = 'Postassigned Cancel'::text AND cancel_attribution = 'Seller Cancel'::text AND pickup_status = 'Prepickup'::text AND cancel_time_bucket = '10-15 mins'::text THEN transaction_id
            ELSE NULL::character varying
        END) AS postcancel_seller_prepickup_10_15,
    count(DISTINCT
        CASE
            WHEN transaction_status = 'Postassigned Cancel'::text AND cancel_attribution = 'Seller Cancel'::text AND pickup_status = 'Prepickup'::text AND cancel_time_bucket = '15-20 mins'::text THEN transaction_id
            ELSE NULL::character varying
        END) AS postcancel_seller_prepickup_15_20,
    count(DISTINCT
        CASE
            WHEN transaction_status = 'Postassigned Cancel'::text AND cancel_attribution = 'Seller Cancel'::text AND pickup_status = 'Prepickup'::text AND cancel_time_bucket = '> 20 mins'::text THEN transaction_id
            ELSE NULL::character varying
        END) AS postcancel_seller_prepickup_gt_20,
    count(DISTINCT
        CASE
            WHEN transaction_status = 'Postassigned Cancel'::text AND cancel_attribution = 'Seller Cancel'::text AND pickup_status = 'Postpickup'::text THEN transaction_id
            ELSE NULL::character varying
        END) AS postcancel_seller_postpickup,
    count(DISTINCT
        CASE
            WHEN transaction_status = 'Postassigned Cancel'::text AND cancel_attribution = 'Logistics Cancel'::text THEN transaction_id
            ELSE NULL::character varying
        END) AS postcancel_logistics,
    count(DISTINCT
        CASE
            WHEN transaction_status = 'Postassigned Cancel'::text AND cancel_attribution = 'Logistics Cancel'::text AND pickup_status = 'Prepickup'::text THEN transaction_id
            ELSE NULL::character varying
        END) AS postcancel_logistics_prepickup,
    count(DISTINCT
        CASE
            WHEN transaction_status = 'Postassigned Cancel'::text AND cancel_attribution = 'Logistics Cancel'::text AND pickup_status = 'Prepickup'::text AND cancel_time_bucket = '0-2 mins'::text THEN transaction_id
            ELSE NULL::character varying
        END) AS postcancel_logistics_prepickup_0_2,
    count(DISTINCT
        CASE
            WHEN transaction_status = 'Postassigned Cancel'::text AND cancel_attribution = 'Logistics Cancel'::text AND pickup_status = 'Prepickup'::text AND cancel_time_bucket = '3-5 mins'::text THEN transaction_id
            ELSE NULL::character varying
        END) AS postcancel_logistics_prepickup_3_5,
    count(DISTINCT
        CASE
            WHEN transaction_status = 'Postassigned Cancel'::text AND cancel_attribution = 'Logistics Cancel'::text AND pickup_status = 'Prepickup'::text AND cancel_time_bucket = '5-10 mins'::text THEN transaction_id
            ELSE NULL::character varying
        END) AS postcancel_logistics_prepickup_5_10,
    count(DISTINCT
        CASE
            WHEN transaction_status = 'Postassigned Cancel'::text AND cancel_attribution = 'Logistics Cancel'::text AND pickup_status = 'Prepickup'::text AND cancel_time_bucket = '10-15 mins'::text THEN transaction_id
            ELSE NULL::character varying
        END) AS postcancel_logistics_prepickup_10_15,
    count(DISTINCT
        CASE
            WHEN transaction_status = 'Postassigned Cancel'::text AND cancel_attribution = 'Logistics Cancel'::text AND pickup_status = 'Prepickup'::text AND cancel_time_bucket = '15-20 mins'::text THEN transaction_id
            ELSE NULL::character varying
        END) AS postcancel_logistics_prepickup_15_20,
    count(DISTINCT
        CASE
            WHEN transaction_status = 'Postassigned Cancel'::text AND cancel_attribution = 'Logistics Cancel'::text AND pickup_status = 'Prepickup'::text AND cancel_time_bucket = '> 20 mins'::text THEN transaction_id
            ELSE NULL::character varying
        END) AS postcancel_logistics_prepickup_gt_20,
    count(DISTINCT
        CASE
            WHEN transaction_status = 'Postassigned Cancel'::text AND cancel_attribution = 'Logistics Cancel'::text AND pickup_status = 'Postpickup'::text THEN transaction_id
            ELSE NULL::character varying
        END) AS postcancel_logistics_postpickup,
    count(DISTINCT
        CASE
            WHEN transaction_status = 'Preassigned Open'::text THEN transaction_id
            ELSE NULL::character varying
        END) AS preassigned_open,
    count(DISTINCT
        CASE
            WHEN transaction_status = 'Postassigned Open'::text THEN transaction_id
            ELSE NULL::character varying
        END) AS postassigned_open
   FROM final f
  GROUP BY bap_id, bpp_id, date, linked, pick_up_pincode, delivery_pincode, retail_category, shipment_type, fulfillment_type;"
bap_id,Unique identifier for the Buyer App (BAP).,"logistics.lsp_funnel_view.""bap_id""",logistics.lsp_funnel_view,
bpp_id,Unique identifier for the Seller App (BPP).,"logistics.lsp_funnel_view.""bpp_id""",logistics.lsp_funnel_view,
date,Timestamp or date indicating when date occurred.,"logistics.lsp_funnel_view.""date""",logistics.lsp_funnel_view,
linked,Data representing the linked.,"logistics.lsp_funnel_view.""linked""",logistics.lsp_funnel_view,
pick_up_pincode,Indian postal code (pincode).,"logistics.lsp_funnel_view.""pick_up_pincode""",logistics.lsp_funnel_view,
delivery_pincode,Indian postal code (pincode).,"logistics.lsp_funnel_view.""delivery_pincode""",logistics.lsp_funnel_view,
retail_category,Timestamp or date indicating when retail category occurred.,"logistics.lsp_funnel_view.""retail_category""",logistics.lsp_funnel_view,
shipment_type,Data representing the shipment type.,"logistics.lsp_funnel_view.""shipment_type""",logistics.lsp_funnel_view,
fulfillment_type,Data representing the fulfillment type.,"logistics.lsp_funnel_view.""fulfillment_type""",logistics.lsp_funnel_view,
request,Data representing the request.,"logistics.lsp_funnel_view.""request""",logistics.lsp_funnel_view,
unique_retail_order,Data representing the unique retail order.,"logistics.lsp_funnel_view.""unique_retail_order""",logistics.lsp_funnel_view,
on_confirms,Data representing the on confirms.,"logistics.lsp_funnel_view.""on_confirms""",logistics.lsp_funnel_view,
confirmed_orders,Data representing the confirmed orders.,"logistics.lsp_funnel_view.""confirmed_orders""",logistics.lsp_funnel_view,
assigned,Data representing the assigned.,"logistics.lsp_funnel_view.""assigned""",logistics.lsp_funnel_view,
delivered,Data representing the delivered.,"logistics.lsp_funnel_view.""delivered""",logistics.lsp_funnel_view,
preassigned_cancel,Data representing the preassigned cancel.,"logistics.lsp_funnel_view.""preassigned_cancel""",logistics.lsp_funnel_view,
precancel_buyer,Data representing the precancel buyer.,"logistics.lsp_funnel_view.""precancel_buyer""",logistics.lsp_funnel_view,
precancel_buyer_0_2,Data representing the precancel buyer 0 2.,"logistics.lsp_funnel_view.""precancel_buyer_0_2""",logistics.lsp_funnel_view,
precancel_buyer_3_5,Data representing the precancel buyer 3 5.,"logistics.lsp_funnel_view.""precancel_buyer_3_5""",logistics.lsp_funnel_view,
precancel_buyer_5_10,Data representing the precancel buyer 5 10.,"logistics.lsp_funnel_view.""precancel_buyer_5_10""",logistics.lsp_funnel_view,
precancel_buyer_10_15,Data representing the precancel buyer 10 15.,"logistics.lsp_funnel_view.""precancel_buyer_10_15""",logistics.lsp_funnel_view,
precancel_buyer_15_20,Data representing the precancel buyer 15 20.,"logistics.lsp_funnel_view.""precancel_buyer_15_20""",logistics.lsp_funnel_view,
precancel_buyer_gt_20,Data representing the precancel buyer gt 20.,"logistics.lsp_funnel_view.""precancel_buyer_gt_20""",logistics.lsp_funnel_view,
precancel_seller,Data representing the precancel seller.,"logistics.lsp_funnel_view.""precancel_seller""",logistics.lsp_funnel_view,
precancel_seller_0_2,Data representing the precancel seller 0 2.,"logistics.lsp_funnel_view.""precancel_seller_0_2""",logistics.lsp_funnel_view,
precancel_seller_3_5,Data representing the precancel seller 3 5.,"logistics.lsp_funnel_view.""precancel_seller_3_5""",logistics.lsp_funnel_view,
precancel_seller_5_10,Data representing the precancel seller 5 10.,"logistics.lsp_funnel_view.""precancel_seller_5_10""",logistics.lsp_funnel_view,
precancel_seller_10_15,Data representing the precancel seller 10 15.,"logistics.lsp_funnel_view.""precancel_seller_10_15""",logistics.lsp_funnel_view,
precancel_seller_15_20,Data representing the precancel seller 15 20.,"logistics.lsp_funnel_view.""precancel_seller_15_20""",logistics.lsp_funnel_view,
precancel_seller_gt_20,Data representing the precancel seller gt 20.,"logistics.lsp_funnel_view.""precancel_seller_gt_20""",logistics.lsp_funnel_view,
precancel_logistics,Data representing the precancel logistics.,"logistics.lsp_funnel_view.""precancel_logistics""",logistics.lsp_funnel_view,
precancel_logistics_0_2,Data representing the precancel logistics 0 2.,"logistics.lsp_funnel_view.""precancel_logistics_0_2""",logistics.lsp_funnel_view,
precancel_logistics_3_5,Data representing the precancel logistics 3 5.,"logistics.lsp_funnel_view.""precancel_logistics_3_5""",logistics.lsp_funnel_view,
precancel_logistics_5_10,Data representing the precancel logistics 5 10.,"logistics.lsp_funnel_view.""precancel_logistics_5_10""",logistics.lsp_funnel_view,
precancel_logistics_10_15,Data representing the precancel logistics 10 15.,"logistics.lsp_funnel_view.""precancel_logistics_10_15""",logistics.lsp_funnel_view,
precancel_logistics_15_20,Data representing the precancel logistics 15 20.,"logistics.lsp_funnel_view.""precancel_logistics_15_20""",logistics.lsp_funnel_view,
precancel_logistics_gt_20,Data representing the precancel logistics gt 20.,"logistics.lsp_funnel_view.""precancel_logistics_gt_20""",logistics.lsp_funnel_view,
postassigned_cancel,Data representing the postassigned cancel.,"logistics.lsp_funnel_view.""postassigned_cancel""",logistics.lsp_funnel_view,
postcancel_buyer,Data representing the postcancel buyer.,"logistics.lsp_funnel_view.""postcancel_buyer""",logistics.lsp_funnel_view,
postcancel_buyer_prepickup,Data representing the postcancel buyer prepickup.,"logistics.lsp_funnel_view.""postcancel_buyer_prepickup""",logistics.lsp_funnel_view,
postcancel_buyer_prepickup_0_2,Data representing the postcancel buyer prepickup 0 2.,"logistics.lsp_funnel_view.""postcancel_buyer_prepickup_0_2""",logistics.lsp_funnel_view,
postcancel_buyer_prepickup_3_5,Data representing the postcancel buyer prepickup 3 5.,"logistics.lsp_funnel_view.""postcancel_buyer_prepickup_3_5""",logistics.lsp_funnel_view,
postcancel_buyer_prepickup_5_10,Data representing the postcancel buyer prepickup 5 10.,"logistics.lsp_funnel_view.""postcancel_buyer_prepickup_5_10""",logistics.lsp_funnel_view,
postcancel_buyer_prepickup_10_15,Data representing the postcancel buyer prepickup 10 15.,"logistics.lsp_funnel_view.""postcancel_buyer_prepickup_10_15""",logistics.lsp_funnel_view,
postcancel_buyer_prepickup_15_20,Data representing the postcancel buyer prepickup 15 20.,"logistics.lsp_funnel_view.""postcancel_buyer_prepickup_15_20""",logistics.lsp_funnel_view,
postcancel_buyer_prepickup_gt_20,Data representing the postcancel buyer prepickup gt 20.,"logistics.lsp_funnel_view.""postcancel_buyer_prepickup_gt_20""",logistics.lsp_funnel_view,
postcancel_buyer_postpickup,Data representing the postcancel buyer postpickup.,"logistics.lsp_funnel_view.""postcancel_buyer_postpickup""",logistics.lsp_funnel_view,
postcancel_seller,Data representing the postcancel seller.,"logistics.lsp_funnel_view.""postcancel_seller""",logistics.lsp_funnel_view,
postcancel_seller_prepickup,Data representing the postcancel seller prepickup.,"logistics.lsp_funnel_view.""postcancel_seller_prepickup""",logistics.lsp_funnel_view,
postcancel_seller_prepickup_0_2,Data representing the postcancel seller prepickup 0 2.,"logistics.lsp_funnel_view.""postcancel_seller_prepickup_0_2""",logistics.lsp_funnel_view,
postcancel_seller_prepickup_3_5,Data representing the postcancel seller prepickup 3 5.,"logistics.lsp_funnel_view.""postcancel_seller_prepickup_3_5""",logistics.lsp_funnel_view,
postcancel_seller_prepickup_5_10,Data representing the postcancel seller prepickup 5 10.,"logistics.lsp_funnel_view.""postcancel_seller_prepickup_5_10""",logistics.lsp_funnel_view,
postcancel_seller_prepickup_10_15,Data representing the postcancel seller prepickup 10 15.,"logistics.lsp_funnel_view.""postcancel_seller_prepickup_10_15""",logistics.lsp_funnel_view,
postcancel_seller_prepickup_15_20,Data representing the postcancel seller prepickup 15 20.,"logistics.lsp_funnel_view.""postcancel_seller_prepickup_15_20""",logistics.lsp_funnel_view,
postcancel_seller_prepickup_gt_20,Data representing the postcancel seller prepickup gt 20.,"logistics.lsp_funnel_view.""postcancel_seller_prepickup_gt_20""",logistics.lsp_funnel_view,
postcancel_seller_postpickup,Data representing the postcancel seller postpickup.,"logistics.lsp_funnel_view.""postcancel_seller_postpickup""",logistics.lsp_funnel_view,
postcancel_logistics,Data representing the postcancel logistics.,"logistics.lsp_funnel_view.""postcancel_logistics""",logistics.lsp_funnel_view,
postcancel_logistics_prepickup,Data representing the postcancel logistics prepickup.,"logistics.lsp_funnel_view.""postcancel_logistics_prepickup""",logistics.lsp_funnel_view,
postcancel_logistics_prepickup_0_2,Data representing the postcancel logistics prepickup 0 2.,"logistics.lsp_funnel_view.""postcancel_logistics_prepickup_0_2""",logistics.lsp_funnel_view,
postcancel_logistics_prepickup_3_5,Data representing the postcancel logistics prepickup 3 5.,"logistics.lsp_funnel_view.""postcancel_logistics_prepickup_3_5""",logistics.lsp_funnel_view,
postcancel_logistics_prepickup_5_10,Data representing the postcancel logistics prepickup 5 10.,"logistics.lsp_funnel_view.""postcancel_logistics_prepickup_5_10""",logistics.lsp_funnel_view,
postcancel_logistics_prepickup_10_15,Data representing the postcancel logistics prepickup 10 15.,"logistics.lsp_funnel_view.""postcancel_logistics_prepickup_10_15""",logistics.lsp_funnel_view,
postcancel_logistics_prepickup_15_20,Data representing the postcancel logistics prepickup 15 20.,"logistics.lsp_funnel_view.""postcancel_logistics_prepickup_15_20""",logistics.lsp_funnel_view,
postcancel_logistics_prepickup_gt_20,Data representing the postcancel logistics prepickup gt 20.,"logistics.lsp_funnel_view.""postcancel_logistics_prepickup_gt_20""",logistics.lsp_funnel_view,
postcancel_logistics_postpickup,Data representing the postcancel logistics postpickup.,"logistics.lsp_funnel_view.""postcancel_logistics_postpickup""",logistics.lsp_funnel_view,
preassigned_open,Data representing the preassigned open.,"logistics.lsp_funnel_view.""preassigned_open""",logistics.lsp_funnel_view,
postassigned_open,Data representing the postassigned open.,"logistics.lsp_funnel_view.""postassigned_open""",logistics.lsp_funnel_view,
"▼ master_log   (base table, 32 cols)",,,logistics.master_log,"CREATE INDEX master_log_transaction_id ON logistics.master_log USING btree (transaction_id)

CREATE INDEX idx_date_master_log ON logistics.master_log USING btree (date)

CREATE INDEX idx_f_agent_assigned_at_date ON logistics.master_log USING btree (f_agent_assigned_at_date)

CREATE INDEX idx_fulfillment_type_master_log ON logistics.master_log USING btree (fulfillment_type)

CREATE INDEX idx_master_log_retail_order_id ON logistics.master_log USING btree (retail_order_id)

CREATE INDEX idx_masterlog_covering ON logistics.master_log USING btree (retail_order_id, order_created_at DESC, drop_row, date, latest_order_status) INCLUDE (delivered_date, cancelled_date, f_ready_to_ship_at_date, promised_time_to_deliver, shipment_type)

CREATE INDEX idx_masterlog_drop_row ON logistics.master_log USING btree (drop_row)

CREATE INDEX idx_order_id_master_log ON logistics.master_log USING btree (order_id)

CREATE INDEX idx_order_status_master_log ON logistics.master_log USING btree (latest_order_status)

CREATE INDEX idx_row_updated_master_log ON logistics.master_log USING btree (row_updated)

CREATE INDEX idx_upsert_updated_master_log ON logistics.master_log USING btree (bpp_id, order_id, transaction_id, order_created_at)"
bap_id,Unique identifier for the Buyer App (BAP).,"logistics.master_log.""bap_id""",logistics.master_log,
bpp_id,Unique identifier for the Seller App (BPP).,"logistics.master_log.""bpp_id""",logistics.master_log,
order_id,Unique identifier for order.,"logistics.master_log.""order_id""",logistics.master_log,
transaction_id,Unique ONDC transaction identifier.,"logistics.master_log.""transaction_id""",logistics.master_log,
fulfillment_status,Turn-Around-Time (TAT) measurement.,"logistics.master_log.""fulfillment_status""",logistics.master_log,
cod_order,Data representing the cod order.,"logistics.master_log.""cod_order""",logistics.master_log,
date,Timestamp or date indicating when date occurred.,"logistics.master_log.""date""",logistics.master_log,
order_created_at,Timestamp when the record was created.,"logistics.master_log.""order_created_at""",logistics.master_log,
cancellation_code,Timestamp or date indicating when cancellation code occurred.,"logistics.master_log.""cancellation_code""",logistics.master_log,
latest_order_status,Turn-Around-Time (TAT) measurement.,"logistics.master_log.""latest_order_status""",logistics.master_log,
retail_order_id,Unique identifier for retail order.,"logistics.master_log.""retail_order_id""",logistics.master_log,
pick_up_pincode,Indian postal code (pincode).,"logistics.master_log.""pick_up_pincode""",logistics.master_log,
delivery_pincode,Indian postal code (pincode).,"logistics.master_log.""delivery_pincode""",logistics.master_log,
retail_category,Timestamp or date indicating when retail category occurred.,"logistics.master_log.""retail_category""",logistics.master_log,
shipment_type,Data representing the shipment type.,"logistics.master_log.""shipment_type""",logistics.master_log,
motorable_distance,Data representing the motorable distance.,"logistics.master_log.""motorable_distance""",logistics.master_log,
provider_name,Unique identifier for provider name.,"logistics.master_log.""provider_name""",logistics.master_log,
pickup_tat,Turn-Around-Time (TAT) measurement.,"logistics.master_log.""pickup_tat""",logistics.master_log,
rts_tat,Turn-Around-Time (TAT) measurement.,"logistics.master_log.""rts_tat""",logistics.master_log,
f_ready_to_ship_at_date,Timestamp or date indicating when f ready to ship at date occurred.,"logistics.master_log.""f_ready_to_ship_at_date""",logistics.master_log,
f_at_pickup_from_date,Timestamp or date indicating when f at pickup from date occurred.,"logistics.master_log.""f_at_pickup_from_date""",logistics.master_log,
f_agent_assigned_at_date,Timestamp or date indicating when f agent assigned at date occurred.,"logistics.master_log.""f_agent_assigned_at_date""",logistics.master_log,
delivered_date,Timestamp or date indicating when delivered date occurred.,"logistics.master_log.""delivered_date""",logistics.master_log,
cancelled_date,Timestamp or date indicating when cancelled date occurred.,"logistics.master_log.""cancelled_date""",logistics.master_log,
picked_date,Timestamp or date indicating when picked date occurred.,"logistics.master_log.""picked_date""",logistics.master_log,
drop_row,Data representing the drop row.,"logistics.master_log.""drop_row""",logistics.master_log,
row_updated,Timestamp or date indicating when row updated occurred.,"logistics.master_log.""row_updated""",logistics.master_log,
promised_time_to_deliver,Timestamp or date indicating when promised time to deliver occurred.,"logistics.master_log.""promised_time_to_deliver""",logistics.master_log,
fulfillment_type,Data representing the fulfillment type.,"logistics.master_log.""fulfillment_type""",logistics.master_log,
awb_number,Data representing the awb number.,"logistics.master_log.""awb_number""",logistics.master_log,
pick_up_lat,Timestamp or date indicating when pick up lat occurred.,"logistics.master_log.""pick_up_lat""",logistics.master_log,
pick_up_long,Data representing the pick up long.,"logistics.master_log.""pick_up_long""",logistics.master_log,
"▼ master_log_60days_dummy   (materialized view, 19 cols)",,,logistics.master_log_60days_dummy,"WITH table12 AS (
         SELECT master_log.bap_id,
            master_log.bpp_id,
            master_log.order_id,
            master_log.transaction_id,
            master_log.date,
            master_log.order_created_at,
            master_log.cancellation_code,
            master_log.retail_order_id,
            master_log.pick_up_pincode,
            master_log.delivery_pincode,
            master_log.retail_category,
            master_log.shipment_type,
            master_log.provider_name,
            master_log.f_agent_assigned_at_date,
            master_log.cancelled_date,
            master_log.picked_date,
            master_log.f_at_pickup_from_date,
                CASE
                    WHEN master_log.delivered_date IS NULL AND master_log.cancelled_date IS NOT NULL THEN 'Cancelled'::character varying
                    WHEN master_log.delivered_date IS NOT NULL AND master_log.cancelled_date IS NULL THEN 'Completed'::character varying
                    ELSE master_log.latest_order_status
                END AS order_status,
            row_number() OVER (PARTITION BY master_log.order_id, master_log.transaction_id, master_log.bap_id, master_log.bpp_id, master_log.order_created_at ORDER BY master_log.order_created_at DESC) AS rn_order
           FROM logistics.master_log
          WHERE master_log.date >= (date(now()) - '7 days'::interval day) AND master_log.drop_row = 0
        ), roi AS (
         SELECT table12.transaction_id,
            max(table12.retail_order_id::text) AS retail_order_id
           FROM table12
          GROUP BY table12.transaction_id
        ), table1 AS (
         SELECT t1_1.bap_id,
            t1_1.bpp_id,
            t1_1.order_id,
            t1_1.transaction_id,
            t1_1.date,
            t1_1.order_created_at,
            t1_1.cancellation_code,
            r.retail_order_id,
            t1_1.pick_up_pincode,
            t1_1.delivery_pincode,
            t1_1.retail_category,
            t1_1.shipment_type,
            t1_1.provider_name,
            t1_1.f_agent_assigned_at_date,
            t1_1.cancelled_date,
            t1_1.picked_date,
            t1_1.f_at_pickup_from_date,
            t1_1.order_status,
            t1_1.rn_order
           FROM table12 t1_1
             LEFT JOIN roi r ON r.transaction_id::text = t1_1.transaction_id::text
        ), base AS (
         SELECT COALESCE(l1.retail_order_id, l1.transaction_id::text) AS network_retail_order_id,
            l1.bpp_id,
            l1.order_created_at,
            l1.transaction_id,
            l1.order_id,
                CASE
                    WHEN l1.order_status::text = 'Completed'::text AND l1.f_agent_assigned_at_date IS NOT NULL AND COALESCE(l1.f_at_pickup_from_date, l1.picked_date) IS NOT NULL THEN 'DAP'::text
                    WHEN l1.order_status::text = 'Completed'::text AND l1.f_agent_assigned_at_date IS NOT NULL AND COALESCE(l1.f_at_pickup_from_date, l1.picked_date) IS NULL THEN 'DANP'::text
                    WHEN l1.order_status::text = 'Completed'::text AND l1.f_agent_assigned_at_date IS NULL AND COALESCE(l1.f_at_pickup_from_date, l1.picked_date) IS NOT NULL THEN 'DNAP'::text
                    WHEN l1.order_status::text = 'Completed'::text AND l1.f_agent_assigned_at_date IS NULL AND COALESCE(l1.f_at_pickup_from_date, l1.picked_date) IS NULL THEN 'DNANP'::text
                    WHEN (l1.order_status::text <> ALL (ARRAY['Completed'::character varying::text, 'Cancelled'::character varying::text])) AND l1.f_agent_assigned_at_date IS NOT NULL AND COALESCE(l1.f_at_pickup_from_date, l1.picked_date) IS NOT NULL THEN 'IPAP'::text
                    WHEN (l1.order_status::text <> ALL (ARRAY['Completed'::character varying::text, 'Cancelled'::character varying::text])) AND l1.f_agent_assigned_at_date IS NOT NULL AND COALESCE(l1.f_at_pickup_from_date, l1.picked_date) IS NULL THEN 'IPANP'::text
                    WHEN (l1.order_status::text <> ALL (ARRAY['Completed'::character varying::text, 'Cancelled'::character varying::text])) AND l1.f_agent_assigned_at_date IS NULL AND COALESCE(l1.f_at_pickup_from_date, l1.picked_date) IS NOT NULL THEN 'IPNAP'::text
                    WHEN (l1.order_status::text <> ALL (ARRAY['Completed'::character varying::text, 'Cancelled'::character varying::text])) AND l1.f_agent_assigned_at_date IS NULL AND COALESCE(l1.f_at_pickup_from_date, l1.picked_date) IS NULL THEN 'IPNANP'::text
                    WHEN l1.order_status::text = 'Cancelled'::text AND l1.f_agent_assigned_at_date IS NOT NULL AND COALESCE(l1.f_at_pickup_from_date, l1.picked_date) IS NOT NULL THEN 'CAP'::text
                    WHEN l1.order_status::text = 'Cancelled'::text AND l1.f_agent_assigned_at_date IS NOT NULL AND COALESCE(l1.f_at_pickup_from_date, l1.picked_date) IS NULL THEN 'CANP'::text
                    WHEN l1.order_status::text = 'Cancelled'::text AND l1.f_agent_assigned_at_date IS NULL AND COALESCE(l1.f_at_pickup_from_date, l1.picked_date) IS NOT NULL THEN 'CNAP'::text
                    WHEN l1.order_status::text = 'Cancelled'::text AND l1.f_agent_assigned_at_date IS NULL AND COALESCE(l1.f_at_pickup_from_date, l1.picked_date) IS NULL THEN 'CNANP'::text
                    ELSE NULL::text
                END AS mark,
                CASE
                    WHEN l1.order_status::text = 'Completed'::text AND l1.f_agent_assigned_at_date IS NOT NULL AND COALESCE(l1.f_at_pickup_from_date, l1.picked_date) IS NOT NULL THEN 1
                    WHEN l1.order_status::text = 'Completed'::text AND l1.f_agent_assigned_at_date IS NOT NULL AND COALESCE(l1.f_at_pickup_from_date, l1.picked_date) IS NULL THEN 2
                    WHEN l1.order_status::text = 'Completed'::text AND l1.f_agent_assigned_at_date IS NULL AND COALESCE(l1.f_at_pickup_from_date, l1.picked_date) IS NOT NULL THEN 3
                    WHEN l1.order_status::text = 'Completed'::text AND l1.f_agent_assigned_at_date IS NULL AND COALESCE(l1.f_at_pickup_from_date, l1.picked_date) IS NULL THEN 4
                    WHEN (l1.order_status::text <> ALL (ARRAY['Completed'::character varying::text, 'Cancelled'::character varying::text])) AND l1.f_agent_assigned_at_date IS NOT NULL AND COALESCE(l1.f_at_pickup_from_date, l1.picked_date) IS NOT NULL THEN 5
                    WHEN (l1.order_status::text <> ALL (ARRAY['Completed'::character varying::text, 'Cancelled'::character varying::text])) AND l1.f_agent_assigned_at_date IS NOT NULL AND COALESCE(l1.f_at_pickup_from_date, l1.picked_date) IS NULL THEN 6
                    WHEN (l1.order_status::text <> ALL (ARRAY['Completed'::character varying::text, 'Cancelled'::character varying::text])) AND l1.f_agent_assigned_at_date IS NULL AND COALESCE(l1.f_at_pickup_from_date, l1.picked_date) IS NOT NULL THEN 7
                    WHEN (l1.order_status::text <> ALL (ARRAY['Completed'::character varying::text, 'Cancelled'::character varying::text])) AND l1.f_agent_assigned_at_date IS NULL AND COALESCE(l1.f_at_pickup_from_date, l1.picked_date) IS NULL THEN 8
                    WHEN l1.order_status::text = 'Cancelled'::text AND l1.f_agent_assigned_at_date IS NOT NULL AND COALESCE(l1.f_at_pickup_from_date, l1.picked_date) IS NOT NULL THEN 9
                    WHEN l1.order_status::text = 'Cancelled'::text AND l1.f_agent_assigned_at_date IS NOT NULL AND COALESCE(l1.f_at_pickup_from_date, l1.picked_date) IS NULL THEN 10
                    WHEN l1.order_status::text = 'Cancelled'::text AND l1.f_agent_assigned_at_date IS NULL AND COALESCE(l1.f_at_pickup_from_date, l1.picked_date) IS NOT NULL THEN 11
                    WHEN l1.order_status::text = 'Cancelled'::text AND l1.f_agent_assigned_at_date IS NULL AND COALESCE(l1.f_at_pickup_from_date, l1.picked_date) IS NULL THEN 12
                    ELSE 999
                END AS rank
           FROM table1 l1
        ), final AS (
         SELECT base.network_retail_order_id,
            base.transaction_id,
            base.bpp_id,
            min(base.rank) AS rank
           FROM base
          GROUP BY base.network_retail_order_id, base.transaction_id, base.bpp_id
        ), min_rank AS (
         SELECT base.network_retail_order_id,
            min(base.rank) AS min_rank
           FROM base
          GROUP BY base.network_retail_order_id
        ), base_dedup AS (
         SELECT f.network_retail_order_id,
            f.bpp_id,
            f.order_created_at,
            f.transaction_id,
            f.order_id,
            f.mark,
            f.rank,
            row_number() OVER (PARTITION BY f.network_retail_order_id ORDER BY f.order_created_at DESC) AS rn
           FROM base f
             JOIN min_rank m ON f.network_retail_order_id = m.network_retail_order_id AND f.rank = m.min_rank
        ), min_dedup AS (
         SELECT base_dedup.bpp_id,
            base_dedup.network_retail_order_id,
            base_dedup.transaction_id,
            base_dedup.order_id
           FROM base_dedup
          WHERE base_dedup.rn = 1
        )
 SELECT t1.bap_id,
    t1.bpp_id,
    t1.order_id,
    t1.transaction_id,
    t1.date,
    t1.order_created_at,
    t1.cancellation_code,
    t1.retail_order_id,
    t1.pick_up_pincode,
    t1.delivery_pincode,
    t1.retail_category,
    t1.shipment_type,
    t1.provider_name,
        CASE
            WHEN t1.f_agent_assigned_at_date IS NULL THEN 0
            ELSE 1
        END AS assigned,
    t1.cancelled_date,
    t1.picked_date,
    t1.order_status,
        CASE
            WHEN md.transaction_id::text = t1.transaction_id::text AND COALESCE(t1.retail_order_id, t1.transaction_id::text) = md.network_retail_order_id AND md.order_id::text = t1.order_id::text THEN 1
            ELSE 0
        END AS dedup,
    t1.rn_order
   FROM table1 t1
     LEFT JOIN min_dedup md ON md.bpp_id::text = t1.bpp_id::text AND md.transaction_id::text = t1.transaction_id::text AND COALESCE(t1.retail_order_id, t1.transaction_id::text) = md.network_retail_order_id AND md.order_id::text = t1.order_id::text;"
bap_id,Unique identifier for the Buyer App (BAP).,"logistics.master_log_60days_dummy.""bap_id""",logistics.master_log_60days_dummy,
bpp_id,Unique identifier for the Seller App (BPP).,"logistics.master_log_60days_dummy.""bpp_id""",logistics.master_log_60days_dummy,
order_id,Unique identifier for order.,"logistics.master_log_60days_dummy.""order_id""",logistics.master_log_60days_dummy,
transaction_id,Unique ONDC transaction identifier.,"logistics.master_log_60days_dummy.""transaction_id""",logistics.master_log_60days_dummy,
date,Timestamp or date indicating when date occurred.,"logistics.master_log_60days_dummy.""date""",logistics.master_log_60days_dummy,
order_created_at,Timestamp when the record was created.,"logistics.master_log_60days_dummy.""order_created_at""",logistics.master_log_60days_dummy,
cancellation_code,Timestamp or date indicating when cancellation code occurred.,"logistics.master_log_60days_dummy.""cancellation_code""",logistics.master_log_60days_dummy,
retail_order_id,Unique identifier for retail order.,"logistics.master_log_60days_dummy.""retail_order_id""",logistics.master_log_60days_dummy,
pick_up_pincode,Indian postal code (pincode).,"logistics.master_log_60days_dummy.""pick_up_pincode""",logistics.master_log_60days_dummy,
delivery_pincode,Indian postal code (pincode).,"logistics.master_log_60days_dummy.""delivery_pincode""",logistics.master_log_60days_dummy,
retail_category,Timestamp or date indicating when retail category occurred.,"logistics.master_log_60days_dummy.""retail_category""",logistics.master_log_60days_dummy,
shipment_type,Data representing the shipment type.,"logistics.master_log_60days_dummy.""shipment_type""",logistics.master_log_60days_dummy,
provider_name,Unique identifier for provider name.,"logistics.master_log_60days_dummy.""provider_name""",logistics.master_log_60days_dummy,
assigned,Data representing the assigned.,"logistics.master_log_60days_dummy.""assigned""",logistics.master_log_60days_dummy,
cancelled_date,Timestamp or date indicating when cancelled date occurred.,"logistics.master_log_60days_dummy.""cancelled_date""",logistics.master_log_60days_dummy,
picked_date,Timestamp or date indicating when picked date occurred.,"logistics.master_log_60days_dummy.""picked_date""",logistics.master_log_60days_dummy,
order_status,Turn-Around-Time (TAT) measurement.,"logistics.master_log_60days_dummy.""order_status""",logistics.master_log_60days_dummy,
dedup,Data representing the dedup.,"logistics.master_log_60days_dummy.""dedup""",logistics.master_log_60days_dummy,
rn_order,Data representing the rn order.,"logistics.master_log_60days_dummy.""rn_order""",logistics.master_log_60days_dummy,
"▼ master_log_60days_mv   (materialized view, 19 cols)",,,logistics.master_log_60days_mv,"WITH table1 AS (
         SELECT master_log.bap_id,
            master_log.bpp_id,
            master_log.order_id,
            master_log.transaction_id,
            master_log.date,
            master_log.order_created_at,
            master_log.cancellation_code,
            master_log.retail_order_id,
            master_log.pick_up_pincode,
            master_log.delivery_pincode,
            master_log.retail_category,
            master_log.shipment_type,
            master_log.provider_name,
            master_log.f_agent_assigned_at_date,
            master_log.cancelled_date,
            master_log.picked_date,
            master_log.f_at_pickup_from_date,
                CASE
                    WHEN master_log.delivered_date IS NULL AND master_log.cancelled_date IS NOT NULL THEN 'Cancelled'::character varying
                    WHEN master_log.delivered_date IS NOT NULL AND master_log.cancelled_date IS NULL THEN 'Completed'::character varying
                    ELSE master_log.latest_order_status
                END AS order_status,
            row_number() OVER (PARTITION BY master_log.order_id, master_log.transaction_id, master_log.bap_id, master_log.bpp_id, master_log.order_created_at ORDER BY master_log.order_created_at DESC) AS rn_order
           FROM logistics.master_log
          WHERE master_log.date >= (date(now()) - '60 days'::interval day) AND master_log.drop_row = 0
        ), base AS (
         SELECT COALESCE(l1.retail_order_id, l1.order_id) AS network_retail_order_id,
            l1.bpp_id,
            l1.order_created_at,
            l1.transaction_id,
            l1.order_id,
                CASE
                    WHEN l1.order_status::text = 'Completed'::text AND l1.f_agent_assigned_at_date IS NOT NULL AND COALESCE(l1.f_at_pickup_from_date, l1.picked_date) IS NOT NULL THEN 'DAP'::text
                    WHEN l1.order_status::text = 'Completed'::text AND l1.f_agent_assigned_at_date IS NOT NULL AND COALESCE(l1.f_at_pickup_from_date, l1.picked_date) IS NULL THEN 'DANP'::text
                    WHEN l1.order_status::text = 'Completed'::text AND l1.f_agent_assigned_at_date IS NULL AND COALESCE(l1.f_at_pickup_from_date, l1.picked_date) IS NOT NULL THEN 'DNAP'::text
                    WHEN l1.order_status::text = 'Completed'::text AND l1.f_agent_assigned_at_date IS NULL AND COALESCE(l1.f_at_pickup_from_date, l1.picked_date) IS NULL THEN 'DNANP'::text
                    WHEN (l1.order_status::text <> ALL (ARRAY['Completed'::character varying::text, 'Cancelled'::character varying::text])) AND l1.f_agent_assigned_at_date IS NOT NULL AND COALESCE(l1.f_at_pickup_from_date, l1.picked_date) IS NOT NULL THEN 'IPAP'::text
                    WHEN (l1.order_status::text <> ALL (ARRAY['Completed'::character varying::text, 'Cancelled'::character varying::text])) AND l1.f_agent_assigned_at_date IS NOT NULL AND COALESCE(l1.f_at_pickup_from_date, l1.picked_date) IS NULL THEN 'IPANP'::text
                    WHEN (l1.order_status::text <> ALL (ARRAY['Completed'::character varying::text, 'Cancelled'::character varying::text])) AND l1.f_agent_assigned_at_date IS NULL AND COALESCE(l1.f_at_pickup_from_date, l1.picked_date) IS NOT NULL THEN 'IPNAP'::text
                    WHEN (l1.order_status::text <> ALL (ARRAY['Completed'::character varying::text, 'Cancelled'::character varying::text])) AND l1.f_agent_assigned_at_date IS NULL AND COALESCE(l1.f_at_pickup_from_date, l1.picked_date) IS NULL THEN 'IPNANP'::text
                    WHEN l1.order_status::text = 'Cancelled'::text AND l1.f_agent_assigned_at_date IS NOT NULL AND COALESCE(l1.f_at_pickup_from_date, l1.picked_date) IS NOT NULL THEN 'CAP'::text
                    WHEN l1.order_status::text = 'Cancelled'::text AND l1.f_agent_assigned_at_date IS NOT NULL AND COALESCE(l1.f_at_pickup_from_date, l1.picked_date) IS NULL THEN 'CANP'::text
                    WHEN l1.order_status::text = 'Cancelled'::text AND l1.f_agent_assigned_at_date IS NULL AND COALESCE(l1.f_at_pickup_from_date, l1.picked_date) IS NOT NULL THEN 'CNAP'::text
                    WHEN l1.order_status::text = 'Cancelled'::text AND l1.f_agent_assigned_at_date IS NULL AND COALESCE(l1.f_at_pickup_from_date, l1.picked_date) IS NULL THEN 'CNANP'::text
                    ELSE NULL::text
                END AS mark,
                CASE
                    WHEN l1.order_status::text = 'Completed'::text AND l1.f_agent_assigned_at_date IS NOT NULL AND COALESCE(l1.f_at_pickup_from_date, l1.picked_date) IS NOT NULL THEN 1
                    WHEN l1.order_status::text = 'Completed'::text AND l1.f_agent_assigned_at_date IS NOT NULL AND COALESCE(l1.f_at_pickup_from_date, l1.picked_date) IS NULL THEN 2
                    WHEN l1.order_status::text = 'Completed'::text AND l1.f_agent_assigned_at_date IS NULL AND COALESCE(l1.f_at_pickup_from_date, l1.picked_date) IS NOT NULL THEN 3
                    WHEN l1.order_status::text = 'Completed'::text AND l1.f_agent_assigned_at_date IS NULL AND COALESCE(l1.f_at_pickup_from_date, l1.picked_date) IS NULL THEN 4
                    WHEN (l1.order_status::text <> ALL (ARRAY['Completed'::character varying::text, 'Cancelled'::character varying::text])) AND l1.f_agent_assigned_at_date IS NOT NULL AND COALESCE(l1.f_at_pickup_from_date, l1.picked_date) IS NOT NULL THEN 5
                    WHEN (l1.order_status::text <> ALL (ARRAY['Completed'::character varying::text, 'Cancelled'::character varying::text])) AND l1.f_agent_assigned_at_date IS NOT NULL AND COALESCE(l1.f_at_pickup_from_date, l1.picked_date) IS NULL THEN 6
                    WHEN (l1.order_status::text <> ALL (ARRAY['Completed'::character varying::text, 'Cancelled'::character varying::text])) AND l1.f_agent_assigned_at_date IS NULL AND COALESCE(l1.f_at_pickup_from_date, l1.picked_date) IS NOT NULL THEN 7
                    WHEN (l1.order_status::text <> ALL (ARRAY['Completed'::character varying::text, 'Cancelled'::character varying::text])) AND l1.f_agent_assigned_at_date IS NULL AND COALESCE(l1.f_at_pickup_from_date, l1.picked_date) IS NULL THEN 8
                    WHEN l1.order_status::text = 'Cancelled'::text AND l1.f_agent_assigned_at_date IS NOT NULL AND COALESCE(l1.f_at_pickup_from_date, l1.picked_date) IS NOT NULL THEN 9
                    WHEN l1.order_status::text = 'Cancelled'::text AND l1.f_agent_assigned_at_date IS NOT NULL AND COALESCE(l1.f_at_pickup_from_date, l1.picked_date) IS NULL THEN 10
                    WHEN l1.order_status::text = 'Cancelled'::text AND l1.f_agent_assigned_at_date IS NULL AND COALESCE(l1.f_at_pickup_from_date, l1.picked_date) IS NOT NULL THEN 11
                    WHEN l1.order_status::text = 'Cancelled'::text AND l1.f_agent_assigned_at_date IS NULL AND COALESCE(l1.f_at_pickup_from_date, l1.picked_date) IS NULL THEN 12
                    ELSE 999
                END AS rank
           FROM table1 l1
        ), final AS (
         SELECT base.network_retail_order_id,
            base.transaction_id,
            base.bpp_id,
            min(base.rank) AS rank
           FROM base
          GROUP BY base.network_retail_order_id, base.transaction_id, base.bpp_id
        ), min_rank AS (
         SELECT base.network_retail_order_id,
            min(base.rank) AS min_rank
           FROM base
          GROUP BY base.network_retail_order_id
        ), base_dedup AS (
         SELECT f.network_retail_order_id,
            f.bpp_id,
            f.order_created_at,
            f.transaction_id,
            f.order_id,
            f.mark,
            f.rank,
            row_number() OVER (PARTITION BY f.network_retail_order_id ORDER BY f.order_created_at DESC) AS rn
           FROM base f
             JOIN min_rank m ON f.network_retail_order_id::text = m.network_retail_order_id::text AND f.rank = m.min_rank
        ), min_dedup AS (
         SELECT base_dedup.bpp_id,
            base_dedup.network_retail_order_id,
            base_dedup.transaction_id,
            base_dedup.order_id
           FROM base_dedup
          WHERE base_dedup.rn = 1
        )
 SELECT t1.bap_id,
    t1.bpp_id,
    t1.order_id,
    t1.transaction_id,
    t1.date,
    t1.order_created_at,
    t1.cancellation_code,
    t1.retail_order_id,
    t1.pick_up_pincode,
    t1.delivery_pincode,
    t1.retail_category,
    t1.shipment_type,
    t1.provider_name,
        CASE
            WHEN t1.f_agent_assigned_at_date IS NULL THEN 0
            ELSE 1
        END AS assigned,
    t1.cancelled_date,
    t1.picked_date,
    t1.order_status,
        CASE
            WHEN md.transaction_id::text = t1.transaction_id::text AND COALESCE(t1.retail_order_id::text, t1.order_id::text) = md.network_retail_order_id::text AND md.order_id::text = t1.order_id::text THEN 1
            ELSE 0
        END AS dedup,
    t1.rn_order
   FROM table1 t1
     LEFT JOIN min_dedup md ON md.bpp_id::text = t1.bpp_id::text AND md.transaction_id::text = t1.transaction_id::text AND COALESCE(t1.retail_order_id::text, t1.order_id::text) = md.network_retail_order_id::text AND md.order_id::text = t1.order_id::text;"
bap_id,Unique identifier for the Buyer App (BAP).,"logistics.master_log_60days_mv.""bap_id""",logistics.master_log_60days_mv,
bpp_id,Unique identifier for the Seller App (BPP).,"logistics.master_log_60days_mv.""bpp_id""",logistics.master_log_60days_mv,
order_id,Unique identifier for order.,"logistics.master_log_60days_mv.""order_id""",logistics.master_log_60days_mv,
transaction_id,Unique ONDC transaction identifier.,"logistics.master_log_60days_mv.""transaction_id""",logistics.master_log_60days_mv,
date,Timestamp or date indicating when date occurred.,"logistics.master_log_60days_mv.""date""",logistics.master_log_60days_mv,
order_created_at,Timestamp when the record was created.,"logistics.master_log_60days_mv.""order_created_at""",logistics.master_log_60days_mv,
cancellation_code,Timestamp or date indicating when cancellation code occurred.,"logistics.master_log_60days_mv.""cancellation_code""",logistics.master_log_60days_mv,
retail_order_id,Unique identifier for retail order.,"logistics.master_log_60days_mv.""retail_order_id""",logistics.master_log_60days_mv,
pick_up_pincode,Indian postal code (pincode).,"logistics.master_log_60days_mv.""pick_up_pincode""",logistics.master_log_60days_mv,
delivery_pincode,Indian postal code (pincode).,"logistics.master_log_60days_mv.""delivery_pincode""",logistics.master_log_60days_mv,
retail_category,Timestamp or date indicating when retail category occurred.,"logistics.master_log_60days_mv.""retail_category""",logistics.master_log_60days_mv,
shipment_type,Data representing the shipment type.,"logistics.master_log_60days_mv.""shipment_type""",logistics.master_log_60days_mv,
provider_name,Unique identifier for provider name.,"logistics.master_log_60days_mv.""provider_name""",logistics.master_log_60days_mv,
assigned,Data representing the assigned.,"logistics.master_log_60days_mv.""assigned""",logistics.master_log_60days_mv,
cancelled_date,Timestamp or date indicating when cancelled date occurred.,"logistics.master_log_60days_mv.""cancelled_date""",logistics.master_log_60days_mv,
picked_date,Timestamp or date indicating when picked date occurred.,"logistics.master_log_60days_mv.""picked_date""",logistics.master_log_60days_mv,
order_status,Turn-Around-Time (TAT) measurement.,"logistics.master_log_60days_mv.""order_status""",logistics.master_log_60days_mv,
dedup,Data representing the dedup.,"logistics.master_log_60days_mv.""dedup""",logistics.master_log_60days_mv,
rn_order,Data representing the rn order.,"logistics.master_log_60days_mv.""rn_order""",logistics.master_log_60days_mv,
"▼ master_select_error   (base table, 0 cols)",,,logistics.master_select_error,
"▼ order_category_mapping   (base table, 2 cols)",,,logistics.order_category_mapping,
L1 Category,Timestamp or date indicating when l1 category occurred.,"logistics.order_category_mapping.""L1 Category""",logistics.order_category_mapping,
network_retail_order_category,Timestamp or date indicating when network retail order category occurred.,"logistics.order_category_mapping.""network_retail_order_category""",logistics.order_category_mapping,
"▼ order_dummy   (view, 27 cols)",,,logistics.order_dummy,"SELECT ol.""Buyer NP"",
    ol.""Seller NP"",
    ol.""Network order id"",
    lower((ol.""Seller NP""::text || '_'::text) || ol.""Provider Id""::text) AS ""provider key"",
    ol.""Provider Id"",
    ol.""Seller Name"",
    ol.""Seller Pincode"",
    ol.""Delivery Pincode"",
        CASE
            WHEN ml.retail_order_id IS NULL THEN 0
            ELSE 1
        END AS linked,
    ol.cancellation_code,
    ol.""Created at"",
    ol.""Date"",
    ol.domain,
    ol.""on-time-del"",
    ol.""Shipped at"",
    ol.""Ready to Ship"",
    ol.""Promised time"",
    ol.tat_dif,
    ol.tat_diff_days,
    ol.day_diff,
    ol.min_diff,
    ol.tat_time,
    ol.no_key,
    ol.""ONDC order_status"",
    ol.""Updated at"",
    ol.""Category"",
    ol.""Consolidated_category""
   FROM analytics_insight.order_level ol
     LEFT JOIN logistics.master_log ml ON ml.retail_order_id::text = ol.""Network order id""::text AND ml.date >= '2025-12-01'::date AND NOT (ml.date >= '2024-05-01'::date AND ml.f_agent_assigned_at_date IS NULL AND upper(ml.latest_order_status::text) = 'CANCELLED'::text AND
        CASE
            WHEN ml.bpp_id::text = 'ondc-lsp.olacabs.com'::text THEN 'P2P'::character varying
            ELSE ml.shipment_type
        END::text = 'P2P'::text)
  WHERE ol.""Date"" >= '2025-12-01'::date;"
Buyer NP,Data representing the buyer np.,"logistics.order_dummy.""Buyer NP""",logistics.order_dummy,
Seller NP,Data representing the seller np.,"logistics.order_dummy.""Seller NP""",logistics.order_dummy,
Network order id,Data representing the network order id.,"logistics.order_dummy.""Network order id""",logistics.order_dummy,
provider key,Unique identifier for provider key.,"logistics.order_dummy.""provider key""",logistics.order_dummy,
Provider Id,Unique identifier for the provider.,"logistics.order_dummy.""Provider Id""",logistics.order_dummy,
Seller Name,Name of the seller.,"logistics.order_dummy.""Seller Name""",logistics.order_dummy,
Seller Pincode,Indian postal code (pincode).,"logistics.order_dummy.""Seller Pincode""",logistics.order_dummy,
Delivery Pincode,Indian postal code (pincode).,"logistics.order_dummy.""Delivery Pincode""",logistics.order_dummy,
linked,Data representing the linked.,"logistics.order_dummy.""linked""",logistics.order_dummy,
cancellation_code,Timestamp or date indicating when cancellation code occurred.,"logistics.order_dummy.""cancellation_code""",logistics.order_dummy,
Created at,Timestamp when the record was created.,"logistics.order_dummy.""Created at""",logistics.order_dummy,
Date,Timestamp or date indicating when date occurred.,"logistics.order_dummy.""Date""",logistics.order_dummy,
domain,"The ONDC network domain (e.g., retail, logistics).","logistics.order_dummy.""domain""",logistics.order_dummy,
on-time-del,Timestamp or date indicating when on-time-del occurred.,"logistics.order_dummy.""on-time-del""",logistics.order_dummy,
Shipped at,Timestamp or date indicating when shipped at occurred.,"logistics.order_dummy.""Shipped at""",logistics.order_dummy,
Ready to Ship,Data representing the ready to ship.,"logistics.order_dummy.""Ready to Ship""",logistics.order_dummy,
Promised time,Timestamp or date indicating when promised time occurred.,"logistics.order_dummy.""Promised time""",logistics.order_dummy,
tat_dif,Turn-Around-Time (TAT) measurement.,"logistics.order_dummy.""tat_dif""",logistics.order_dummy,
tat_diff_days,Turn-Around-Time (TAT) measurement.,"logistics.order_dummy.""tat_diff_days""",logistics.order_dummy,
day_diff,Data representing the day diff.,"logistics.order_dummy.""day_diff""",logistics.order_dummy,
min_diff,Data representing the min diff.,"logistics.order_dummy.""min_diff""",logistics.order_dummy,
tat_time,Turn-Around-Time (TAT) measurement.,"logistics.order_dummy.""tat_time""",logistics.order_dummy,
no_key,Data representing the no key.,"logistics.order_dummy.""no_key""",logistics.order_dummy,
ONDC order_status,Turn-Around-Time (TAT) measurement.,"logistics.order_dummy.""ONDC order_status""",logistics.order_dummy,
Updated at,Timestamp when the record was last updated.,"logistics.order_dummy.""Updated at""",logistics.order_dummy,
Category,Timestamp or date indicating when category occurred.,"logistics.order_dummy.""Category""",logistics.order_dummy,
Consolidated_category,Timestamp or date indicating when consolidated category occurred.,"logistics.order_dummy.""Consolidated_category""",logistics.order_dummy,
"▼ search_data_dec   (base table, 1 cols)",,,logistics.search_data_dec,
network_transaction_id,Unique ONDC transaction identifier.,"logistics.search_data_dec.""network_transaction_id""",logistics.search_data_dec,
